[Licensing::Module] Trying to connect to existing licensing client channel...
Built from '6000.5/staging' branch; Version is '6000.5.10f1 (3bd4f66ad299) revision 3921142'; Using compiler version '194234433'; Build Type 'Release'
OS: 'Windows 11  (10.0.26200) Core' Language: 'fr' Physical Memory: 16307 MB
[Licensing::IpcConnector] Successfully connected to: "LicenseClient-victo" at "2026-09-11T10:38:09.8571076Z"
BatchMode: 0, IsHumanControllingUs: 1, StartBugReporterOnCrash: 1, Is64bit: 1
System  architecture: x64
Process architecture: x64
Date: 2026-09-11T10:38:09Z
[Licensing::Client] Code 10 while verifying Licensing Client signature (process Id: 16180, path: "C:/Program Files/Unity Hub/UnityLicensingClient_V1/Unity.Licensing.Client.exe")
[Licensing::Module] LicensingClient has failed validation; ignoring
[Licensing::Client] Handshaking with LicensingClient:
  Version:                 1.18.3+d7ffd15
  Session Id:              81ea8e89f8404769a70b058495aaa903
  Correlation Id:          1b6969f4703953c8c960eaa8a54ec979
  External correlation Id: 8869743730992147549
  Machine Id:              7y1NJRQTZS1N0Fi4xzkaA1oQZqQ=
[Licensing::Module] Successfully connected to LicensingClient on channel: "LicenseClient-victo" (connect: 0.00s, validation: 0.00s, handshake: 0.07s)
[Licensing::IpcConnector] Successfully connected to: "LicenseClient-victo-notifications" at "2026-09-11T10:38:09.92961Z"
[Licensing::Client] Successfully updated the access token
[Licensing::Module] Successfully updated the access token KNepK_9FC2...
[Licensing::Client] Successfully resolved entitlement details
[Licensing::Module] License group:
  Id: 9072437322849-UnityPersXXXX
  Product: Unity Personal
  Type: Assigned
  Expiration: Unlimited
[Licensing::Client] Successfully updated license, isAsync: True, time: 0.01
[Licensing::Client] Successfully resolved entitlement details
[Licensing::Module] Licensing Background thread has ended after 0.10s

COMMAND LINE ARGUMENTS:
C:\Program Files\Unity\Hub\Editor\6000.5.10f1\Editor\Unity.exe
-projectpath
C:\Users\victo\Desktop\Code\POO\Cursus\2-Copy_code\03_Unity_Solos\02_2048_Reloaded
-acceptSoftwareTermsForThisRunOnly
-useHub
-hubIPC
-cloudEnvironment
production
-licensingIpc
LicenseClient-victo
-hubSessionId
e4728281-2c7b-4ba7-a8f8-2c63bbfece4f
-accessToken
KNepK_9FC267QKivWayN579ZxY7GvTvssZXhqYevXOQ008f
Successfully changed project path to: C:\Users\victo\Desktop\Code\POO\Cursus\2-Copy_code\03_Unity_Solos\02_2048_Reloaded
C:/Users/victo/Desktop/Code/POO/Cursus/2-Copy_code/03_Unity_Solos/02_2048_Reloaded
[UnityMemory] Configuration Parameters - Can be set up in boot.config
    "memorysetup-temp-allocator-size-gi-baking-worker=262144"
    "memorysetup-temp-allocator-size-gi-baking-worker=262144"
    "memorysetup-temp-allocator-size-gi-baking-worker=262144"
    "memorysetup-temp-allocator-size-gi-baking-worker=262144"
    "memorysetup-temp-allocator-size-gi-baking-worker=262144"
    "memorysetup-temp-allocator-size-nav-mesh-worker=65536"
    "memorysetup-temp-allocator-size-audio-worker=65536"
    "memorysetup-temp-allocator-size-cloud-worker=32768"
    "memorysetup-temp-allocator-size-gfx=262144"
    "memorysetup-remapper-allocator-initial-capacity=32768"
    "memorysetup-temp-allocator-size-preload-manager=33554432"
    "memorysetup-allocator-temp-initial-block-size-main=262144"
    "memorysetup-allocator-temp-initial-block-size-worker=262144"
    "memorysetup-temp-allocator-size-job-worker=262144"
    "memorysetup-temp-allocator-size-background-worker=32768"
    "memorysetup-bucket-allocator-granularity=16"
    "memorysetup-bucket-allocator-bucket-count=8"
    "memorysetup-bucket-allocator-block-size=33554432"
    "memorysetup-bucket-allocator-block-count=8"
    "memorysetup-main-allocator-block-size=16777216"
    "memorysetup-thread-allocator-block-size=16777216"
    "memorysetup-main-allocator-mimalloc-enabled=0"
    "memorysetup-gfx-main-allocator-block-size=16777216"
    "memorysetup-gfx-thread-allocator-block-size=16777216"
    "memorysetup-cache-allocator-block-size=4194304"
    "memorysetup-typetree-allocator-block-size=2097152"
    "memorysetup-profiler-bucket-allocator-granularity=16"
    "memorysetup-profiler-bucket-allocator-bucket-count=8"
    "memorysetup-profiler-bucket-allocator-block-size=33554432"
    "memorysetup-profiler-bucket-allocator-block-count=8"
    "memorysetup-profiler-allocator-block-size=16777216"
    "memorysetup-profiler-editor-allocator-block-size=1048576"
    "memorysetup-temp-allocator-size-main=16777216"
    "memorysetup-job-temp-allocator-block-size=2097152"
    "memorysetup-job-temp-allocator-block-size-background=1048576"
    "memorysetup-job-temp-allocator-reduction-small-platforms=262144"
Player connection [19444]  Target information:

Player connection [19444]  * "[IP] 192.168.1.62 [Port] 55504 [Flags] 2 [Guid] 3843020795 [EditorId] 3843020795 [Version] 1048832 [Id] WindowsEditor(7,DESKTOP-O8CJAGR) [Debug] 1 [PackageName] WindowsEditor [ProjectName] Editor" 

Player connection [19444]  * "[IP] 192.168.56.1 [Port] 55504 [Flags] 2 [Guid] 3843020795 [EditorId] 3843020795 [Version] 1048832 [Id] WindowsEditor(7,DESKTOP-O8CJAGR) [Debug] 1 [PackageName] WindowsEditor [ProjectName] Editor" 

Player connection [19444] Host joined multi-casting on [225.0.0.222:54997]...
Player connection [19444] Host joined alternative multi-casting on [225.0.0.222:34997]...
Input System module state changed to: Initialized.
[Physics::Module] Initialized fallback backend.
[Physics::Module] Id: 0xdecafbad
[Package Manager] Connected to IPC stream "Upm-19448" after 0.0 seconds.
[Licensing::Client] Successfully resolved entitlement details
Library Redirect Path: Library/
[Physics::Module] Selected backend.
[Physics::Module] Name: PhysX
[Physics::Module] Id: 0xf2b8ea05
[Physics::Module] SDK Version: 4.1.2
[Physics::Module] Integration Version: 1.0.0
[Physics::Module] Threading Mode: Multi-Threaded
Artifact Garbage Collection - Removed 1 unused hashed content files
Initialize engine version: 6000.5.10f1 (3bd4f66ad299)
[Subsystems] Discovering subsystems at path C:/Program Files/Unity/Hub/Editor/6000.5.10f1/Editor/Data/Resources/UnitySubsystems
[Subsystems] Discovering subsystems at path C:/Users/victo/Desktop/Code/POO/Cursus/2-Copy_code/03_Unity_Solos/02_2048_Reloaded/Assets
[D3D12 Device Filter] Vendor Name: NVIDIA
[D3D12 Device Filter] Device Name: NVIDIA GeForce RTX 3060 Ti
[D3D12 Device Filter] Driver Version: 32.0.15.9186
[D3D12 Device Filter] Feature Level: 12.2
[D3D12 Device Filter] Graphics Memory: 8024 MB
[D3D12 Device Filter] Processor Count: 12
[D3D12 Device Filter] Device Type: Discrete
GfxDevice: creating device client; kGfxThreadingModeSplitJobs
d3d12: failed to query info queue interface (0x80004002).
Direct3D:
    Version:         Direct3D 12 [level 12.2]
    Renderer:        NVIDIA GeForce RTX 3060 Ti (ID=0x2489)
    Vendor:          NVIDIA
    VRAM:            8024 MB
    App VRAM Budget: 7256 MB
    Driver:          32.0.15.9186
Initialize mono
Mono path[0] = 'C:/Program Files/Unity/Hub/Editor/6000.5.10f1/Editor/Data/Managed'
Mono path[1] = 'C:/Program Files/Unity/Hub/Editor/6000.5.10f1/Editor/Data/BCLExtensions/runtime/netstandard2.1'
Mono path[2] = 'C:/Program Files/Unity/Hub/Editor/6000.5.10f1/Editor/Data/MonoBleedingEdge/lib/mono/unityjit-win32'
Mono config path = 'C:/Program Files/Unity/Hub/Editor/6000.5.10f1/Editor/Data/MonoBleedingEdge/etc'
Using monoOptions --debugger-agent=transport=dt_socket,embedding=1,server=y,suspend=n,address=127.0.0.1:56448
CodeReloadManager initialized
ImportWorker Server TCP listen port: 0
AcceleratorClientConnectionCallback - disconnected - :0
Begin MonoManager ReloadAssembly
Registering precompiled unity dll's ...
Register platform support module: C:/Program Files/Unity/Hub/Editor/6000.5.10f1/Editor/Data/PlaybackEngines/WebGLSupport/UnityEditor.WebGL.Extensions.dll
Register platform support module: C:/Program Files/Unity/Hub/Editor/6000.5.10f1/Editor/Data/PlaybackEngines/WindowsStandaloneSupport/UnityEditor.WindowsStandalone.Extensions.dll
Registered in 0.539863 seconds.
Native extension for WindowsStandalone target not found
Native extension for WebGL target not found
Package Manager log level set to [2]
ScheduleIndexationOnStartup MainProcess:False IndexOnStartup:True
Mono: successfully reloaded assembly
- Finished resetting the current domain, in  0.920 seconds
Domain Reload Profiling: 3733ms
	BeginReloadAssembly (327ms)
		CreateAndSetChildDomain (36ms)
	RebuildCommonClasses (6ms)
	RebuildNativeTypeToScriptingClass (240ms)
	initialDomainReloadingComplete (800ms)
	LoadAllAssembliesAndSetupDomain (1439ms)
		LoadAssemblies (288ms)
		AnalyzeDomain (1340ms)
			TypeCache.Refresh (1339ms)
				TypeCache.ScanAssembly (1115ms)
	FinalizeReload (921ms)
		SetupLoadedEditorAssemblies (0ms)
			InitializePlatformSupportModulesInManaged (3ms)
			BeforeProcessingInitializeOnLoad (92ms)
			ProcessInitializeOnLoadAttributes (117ms)
			ProcessInitializeOnLoadMethodAttributes (642ms)
[Licensing::Client] Successfully resolved entitlement details
Application.AssetDatabase Initial Refresh Start
[Package Manager] Restoring resolved packages state from cache
[Licensing::Client] Successfully resolved entitlement details
[Package Manager] Registered 65 packages:
  Packages from [https://packages.unity.com]:
    com.unity.2d.animation@15.1.0 (location: C:\Users\victo\Desktop\Code\POO\Cursus\2-Copy_code\03_Unity_Solos\02_2048_Reloaded\Library\PackageCache\com.unity.2d.animation@6d5a363ae647)
    com.unity.2d.aseprite@5.0.3 (location: C:\Users\victo\Desktop\Code\POO\Cursus\2-Copy_code\03_Unity_Solos\02_2048_Reloaded\Library\PackageCache\com.unity.2d.aseprite@d13865913efa)
    com.unity.2d.psdimporter@14.0.3 (location: C:\Users\victo\Desktop\Code\POO\Cursus\2-Copy_code\03_Unity_Solos\02_2048_Reloaded\Library\PackageCache\com.unity.2d.psdimporter@5d82044f9e43)
    com.unity.2d.spriteshape@15.0.3 (location: C:\Users\victo\Desktop\Code\POO\Cursus\2-Copy_code\03_Unity_Solos\02_2048_Reloaded\Library\PackageCache\com.unity.2d.spriteshape@fcb7ec61a58b)
    com.unity.2d.tilemap.extras@8.0.3 (location: C:\Users\victo\Desktop\Code\POO\Cursus\2-Copy_code\03_Unity_Solos\02_2048_Reloaded\Library\PackageCache\com.unity.2d.tilemap.extras@a80140457adc)
    com.unity.2d.tooling@3.0.1 (location: C:\Users\victo\Desktop\Code\POO\Cursus\2-Copy_code\03_Unity_Solos\02_2048_Reloaded\Library\PackageCache\com.unity.2d.tooling@6f06ffb033c0)
    com.unity.collab-proxy@2.13.6 (location: C:\Users\victo\Desktop\Code\POO\Cursus\2-Copy_code\03_Unity_Solos\02_2048_Reloaded\Library\PackageCache\com.unity.collab-proxy@4628d2ba6ea4)
    com.unity.ide.rider@3.0.38 (location: C:\Users\victo\Desktop\Code\POO\Cursus\2-Copy_code\03_Unity_Solos\02_2048_Reloaded\Library\PackageCache\com.unity.ide.rider@1f60b3138684)
    com.unity.ide.visualstudio@2.0.26 (location: C:\Users\victo\Desktop\Code\POO\Cursus\2-Copy_code\03_Unity_Solos\02_2048_Reloaded\Library\PackageCache\com.unity.ide.visualstudio@a99d56dec63f)
    com.unity.inputsystem@1.20.0 (location: C:\Users\victo\Desktop\Code\POO\Cursus\2-Copy_code\03_Unity_Solos\02_2048_Reloaded\Library\PackageCache\com.unity.inputsystem@7a4e1a2a8194)
    com.unity.timeline@1.8.13 (location: C:\Users\victo\Desktop\Code\POO\Cursus\2-Copy_code\03_Unity_Solos\02_2048_Reloaded\Library\PackageCache\com.unity.timeline@3a22918286f5)
    com.unity.visualscripting@1.9.12 (location: C:\Users\victo\Desktop\Code\POO\Cursus\2-Copy_code\03_Unity_Solos\02_2048_Reloaded\Library\PackageCache\com.unity.visualscripting@4edfcc09512f)
    com.unity.2d.common@14.0.1 (location: C:\Users\victo\Desktop\Code\POO\Cursus\2-Copy_code\03_Unity_Solos\02_2048_Reloaded\Library\PackageCache\com.unity.2d.common@73badf92ba8b)
    com.unity.searcher@4.9.5 (location: C:\Users\victo\Desktop\Code\POO\Cursus\2-Copy_code\03_Unity_Solos\02_2048_Reloaded\Library\PackageCache\com.unity.searcher@a463122f2c00)
    com.unity.burst@1.8.30 (location: C:\Users\victo\Desktop\Code\POO\Cursus\2-Copy_code\03_Unity_Solos\02_2048_Reloaded\Library\PackageCache\com.unity.burst@2f3d916873ea)
    com.unity.nuget.mono-cecil@1.11.6 (location: C:\Users\victo\Desktop\Code\POO\Cursus\2-Copy_code\03_Unity_Solos\02_2048_Reloaded\Library\PackageCache\com.unity.nuget.mono-cecil@ecb9724e46ff)
    com.unity.test-framework.performance@3.5.0 (location: C:\Users\victo\Desktop\Code\POO\Cursus\2-Copy_code\03_Unity_Solos\02_2048_Reloaded\Library\PackageCache\com.unity.test-framework.performance@8b56083ec0f0)
  Built-in packages:
    com.unity.2d.sprite@1.0.0 (location: C:\Users\victo\Desktop\Code\POO\Cursus\2-Copy_code\03_Unity_Solos\02_2048_Reloaded\Library\PackageCache\com.unity.2d.sprite@053a968eab56)
    com.unity.2d.tilemap@1.0.0 (location: C:\Users\victo\Desktop\Code\POO\Cursus\2-Copy_code\03_Unity_Solos\02_2048_Reloaded\Library\PackageCache\com.unity.2d.tilemap@b959501fd678)
    com.unity.multiplayer.center@1.0.1 (location: C:\Users\victo\Desktop\Code\POO\Cursus\2-Copy_code\03_Unity_Solos\02_2048_Reloaded\Library\PackageCache\com.unity.multiplayer.center@b860850997d0)
    com.unity.render-pipelines.universal@17.5.0 (location: C:\Users\victo\Desktop\Code\POO\Cursus\2-Copy_code\03_Unity_Solos\02_2048_Reloaded\Library\PackageCache\com.unity.render-pipelines.universal@d7774c218bdf)
    com.unity.test-framework@1.7.0 (location: C:\Users\victo\Desktop\Code\POO\Cursus\2-Copy_code\03_Unity_Solos\02_2048_Reloaded\Library\PackageCache\com.unity.test-framework@1405238725ab)
    com.unity.ugui@2.5.0 (location: C:\Users\victo\Desktop\Code\POO\Cursus\2-Copy_code\03_Unity_Solos\02_2048_Reloaded\Library\PackageCache\com.unity.ugui@1c4864518158)
    com.unity.modules.accessibility@1.0.0 (location: C:\Users\victo\Desktop\Code\POO\Cursus\2-Copy_code\03_Unity_Solos\02_2048_Reloaded\Library\PackageCache\com.unity.modules.accessibility)
    com.unity.modules.adaptiveperformance@1.0.0 (location: C:\Users\victo\Desktop\Code\POO\Cursus\2-Copy_code\03_Unity_Solos\02_2048_Reloaded\Library\PackageCache\com.unity.modules.adaptiveperformance)
    com.unity.modules.ai@1.0.0 (location: C:\Users\victo\Desktop\Code\POO\Cursus\2-Copy_code\03_Unity_Solos\02_2048_Reloaded\Library\PackageCache\com.unity.modules.ai)
    com.unity.modules.androidjni@1.0.0 (location: C:\Users\victo\Desktop\Code\POO\Cursus\2-Copy_code\03_Unity_Solos\02_2048_Reloaded\Library\PackageCache\com.unity.modules.androidjni)
    com.unity.modules.animation@1.0.0 (location: C:\Users\victo\Desktop\Code\POO\Cursus\2-Copy_code\03_Unity_Solos\02_2048_Reloaded\Library\PackageCache\com.unity.modules.animation)
    com.unity.modules.assetbundle@1.0.0 (location: C:\Users\victo\Desktop\Code\POO\Cursus\2-Copy_code\03_Unity_Solos\02_2048_Reloaded\Library\PackageCache\com.unity.modules.assetbundle)
    com.unity.modules.audio@1.0.0 (location: C:\Users\victo\Desktop\Code\POO\Cursus\2-Copy_code\03_Unity_Solos\02_2048_Reloaded\Library\PackageCache\com.unity.modules.audio)
    com.unity.modules.cloth@1.0.0 (location: C:\Users\victo\Desktop\Code\POO\Cursus\2-Copy_code\03_Unity_Solos\02_2048_Reloaded\Library\PackageCache\com.unity.modules.cloth)
    com.unity.modules.director@1.0.0 (location: C:\Users\victo\Desktop\Code\POO\Cursus\2-Copy_code\03_Unity_Solos\02_2048_Reloaded\Library\PackageCache\com.unity.modules.director)
    com.unity.modules.imageconversion@1.0.0 (location: C:\Users\victo\Desktop\Code\POO\Cursus\2-Copy_code\03_Unity_Solos\02_2048_Reloaded\Library\PackageCache\com.unity.modules.imageconversion)
    com.unity.modules.imgui@1.0.0 (location: C:\Users\victo\Desktop\Code\POO\Cursus\2-Copy_code\03_Unity_Solos\02_2048_Reloaded\Library\PackageCache\com.unity.modules.imgui)
    com.unity.modules.jsonserialize@1.0.0 (location: C:\Users\victo\Desktop\Code\POO\Cursus\2-Copy_code\03_Unity_Solos\02_2048_Reloaded\Library\PackageCache\com.unity.modules.jsonserialize)
    com.unity.modules.particlesystem@1.0.0 (location: C:\Users\victo\Desktop\Code\POO\Cursus\2-Copy_code\03_Unity_Solos\02_2048_Reloaded\Library\PackageCache\com.unity.modules.particlesystem)
    com.unity.modules.physics@1.0.0 (location: C:\Users\victo\Desktop\Code\POO\Cursus\2-Copy_code\03_Unity_Solos\02_2048_Reloaded\Library\PackageCache\com.unity.modules.physics)
    com.unity.modules.physics2d@1.0.0 (location: C:\Users\victo\Desktop\Code\POO\Cursus\2-Copy_code\03_Unity_Solos\02_2048_Reloaded\Library\PackageCache\com.unity.modules.physics2d)
    com.unity.modules.physicscore2d@1.0.0 (location: C:\Users\victo\Desktop\Code\POO\Cursus\2-Copy_code\03_Unity_Solos\02_2048_Reloaded\Library\PackageCache\com.unity.modules.physicscore2d)
    com.unity.modules.screencapture@1.0.0 (location: C:\Users\victo\Desktop\Code\POO\Cursus\2-Copy_code\03_Unity_Solos\02_2048_Reloaded\Library\PackageCache\com.unity.modules.screencapture)
    com.unity.modules.terrain@1.0.0 (location: C:\Users\victo\Desktop\Code\POO\Cursus\2-Copy_code\03_Unity_Solos\02_2048_Reloaded\Library\PackageCache\com.unity.modules.terrain)
    com.unity.modules.terrainphysics@1.0.0 (location: C:\Users\victo\Desktop\Code\POO\Cursus\2-Copy_code\03_Unity_Solos\02_2048_Reloaded\Library\PackageCache\com.unity.modules.terrainphysics)
    com.unity.modules.tilemap@1.0.0 (location: C:\Users\victo\Desktop\Code\POO\Cursus\2-Copy_code\03_Unity_Solos\02_2048_Reloaded\Library\PackageCache\com.unity.modules.tilemap)
    com.unity.modules.ui@1.0.0 (location: C:\Users\victo\Desktop\Code\POO\Cursus\2-Copy_code\03_Unity_Solos\02_2048_Reloaded\Library\PackageCache\com.unity.modules.ui)
    com.unity.modules.uielements@1.0.0 (location: C:\Users\victo\Desktop\Code\POO\Cursus\2-Copy_code\03_Unity_Solos\02_2048_Reloaded\Library\PackageCache\com.unity.modules.uielements)
    com.unity.modules.umbra@1.0.0 (location: C:\Users\victo\Desktop\Code\POO\Cursus\2-Copy_code\03_Unity_Solos\02_2048_Reloaded\Library\PackageCache\com.unity.modules.umbra)
    com.unity.modules.unityanalytics@1.0.0 (location: C:\Users\victo\Desktop\Code\POO\Cursus\2-Copy_code\03_Unity_Solos\02_2048_Reloaded\Library\PackageCache\com.unity.modules.unityanalytics)
    com.unity.modules.unitywebrequest@1.0.0 (location: C:\Users\victo\Desktop\Code\POO\Cursus\2-Copy_code\03_Unity_Solos\02_2048_Reloaded\Library\PackageCache\com.unity.modules.unitywebrequest)
    com.unity.modules.unitywebrequestassetbundle@1.0.0 (location: C:\Users\victo\Desktop\Code\POO\Cursus\2-Copy_code\03_Unity_Solos\02_2048_Reloaded\Library\PackageCache\com.unity.modules.unitywebrequestassetbundle)
    com.unity.modules.unitywebrequestaudio@1.0.0 (location: C:\Users\victo\Desktop\Code\POO\Cursus\2-Copy_code\03_Unity_Solos\02_2048_Reloaded\Library\PackageCache\com.unity.modules.unitywebrequestaudio)
    com.unity.modules.unitywebrequesttexture@1.0.0 (location: C:\Users\victo\Desktop\Code\POO\Cursus\2-Copy_code\03_Unity_Solos\02_2048_Reloaded\Library\PackageCache\com.unity.modules.unitywebrequesttexture)
    com.unity.modules.unitywebrequestwww@1.0.0 (location: C:\Users\victo\Desktop\Code\POO\Cursus\2-Copy_code\03_Unity_Solos\02_2048_Reloaded\Library\PackageCache\com.unity.modules.unitywebrequestwww)
    com.unity.modules.vectorgraphics@1.0.0 (location: C:\Users\victo\Desktop\Code\POO\Cursus\2-Copy_code\03_Unity_Solos\02_2048_Reloaded\Library\PackageCache\com.unity.modules.vectorgraphics)
    com.unity.modules.vehicles@1.0.0 (location: C:\Users\victo\Desktop\Code\POO\Cursus\2-Copy_code\03_Unity_Solos\02_2048_Reloaded\Library\PackageCache\com.unity.modules.vehicles)
    com.unity.modules.video@1.0.0 (location: C:\Users\victo\Desktop\Code\POO\Cursus\2-Copy_code\03_Unity_Solos\02_2048_Reloaded\Library\PackageCache\com.unity.modules.video)
    com.unity.modules.wind@1.0.0 (location: C:\Users\victo\Desktop\Code\POO\Cursus\2-Copy_code\03_Unity_Solos\02_2048_Reloaded\Library\PackageCache\com.unity.modules.wind)
    com.unity.modules.xr@1.0.0 (location: C:\Users\victo\Desktop\Code\POO\Cursus\2-Copy_code\03_Unity_Solos\02_2048_Reloaded\Library\PackageCache\com.unity.modules.xr)
    com.unity.modules.subsystems@1.0.0 (location: C:\Users\victo\Desktop\Code\POO\Cursus\2-Copy_code\03_Unity_Solos\02_2048_Reloaded\Library\PackageCache\com.unity.modules.subsystems)
    com.unity.modules.hierarchycore@1.0.0 (location: C:\Users\victo\Desktop\Code\POO\Cursus\2-Copy_code\03_Unity_Solos\02_2048_Reloaded\Library\PackageCache\com.unity.modules.hierarchycore)
    com.unity.ext.nunit@2.1.0 (location: C:\Users\victo\Desktop\Code\POO\Cursus\2-Copy_code\03_Unity_Solos\02_2048_Reloaded\Library\PackageCache\com.unity.ext.nunit@44f7d31723bd)
    com.unity.render-pipelines.core@17.5.0 (location: C:\Users\victo\Desktop\Code\POO\Cursus\2-Copy_code\03_Unity_Solos\02_2048_Reloaded\Library\PackageCache\com.unity.render-pipelines.core@bbba1f0c681e)
    com.unity.shadergraph@17.5.0 (location: C:\Users\victo\Desktop\Code\POO\Cursus\2-Copy_code\03_Unity_Solos\02_2048_Reloaded\Library\PackageCache\com.unity.shadergraph@8d7376ec43ee)
    com.unity.render-pipelines.universal-config@17.5.0 (location: C:\Users\victo\Desktop\Code\POO\Cursus\2-Copy_code\03_Unity_Solos\02_2048_Reloaded\Library\PackageCache\com.unity.render-pipelines.universal-config@fdda01c80fe3)
    com.unity.mathematics@1.4.0 (location: C:\Users\victo\Desktop\Code\POO\Cursus\2-Copy_code\03_Unity_Solos\02_2048_Reloaded\Library\PackageCache\com.unity.mathematics@981956d94fb6)
    com.unity.collections@6.5.0 (location: C:\Users\victo\Desktop\Code\POO\Cursus\2-Copy_code\03_Unity_Solos\02_2048_Reloaded\Library\PackageCache\com.unity.collections@ec2c217e4cb2)
[Subsystems] No new subsystems found in resolved package list.
[Package Manager] Done registering packages in 0.03 seconds
info: Microsoft.Hosting.Lifetime[14]
      Now listening on: http://localhost:80
info: Microsoft.Hosting.Lifetime[0]
      Application started. Press Ctrl+C to shut down.
info: Microsoft.Hosting.Lifetime[0]
      Hosting environment: Production
info: Microsoft.Hosting.Lifetime[0]
      Content root path: C:\Users\victo\Desktop\Code\POO\Cursus\2-Copy_code\03_Unity_Solos\02_2048_Reloaded
info: Microsoft.AspNetCore.Hosting.Diagnostics[1]
      Request starting HTTP/2 POST http://ilpp/UnityILPP.PostProcessing/Ping - application/grpc -
info: Microsoft.AspNetCore.Routing.EndpointMiddleware[0]
      Executing endpoint 'gRPC - /UnityILPP.PostProcessing/Ping'
info: Microsoft.AspNetCore.Routing.EndpointMiddleware[1]
      Executed endpoint 'gRPC - /UnityILPP.PostProcessing/Ping'
info: Microsoft.AspNetCore.Hosting.Diagnostics[2]
      Request finished HTTP/2 POST http://ilpp/UnityILPP.PostProcessing/Ping - 200 - application/grpc 26.9402ms
Starting: C:\Program Files\Unity\Hub\Editor\6000.5.10f1\Editor\Data\Tools\BuildPipeline\bee_backend.exe --ipc --defer-dag-verification --dagfile="Library/Bee/1900b0aE.dag" --continue-on-failure --profile="Library/Bee/backend1.traceevents" ScriptAssemblies
WorkingDir: C:/Users/victo/Desktop/Code/POO/Cursus/2-Copy_code/03_Unity_Solos/02_2048_Reloaded
info: Microsoft.AspNetCore.Hosting.Diagnostics[1]
      Request starting HTTP/2 POST http://ilpp/UnityILPP.PostProcessing/ConfigurePostProcessors - application/grpc -
info: Microsoft.AspNetCore.Routing.EndpointMiddleware[0]
      Executing endpoint 'gRPC - /UnityILPP.PostProcessing/ConfigurePostProcessors'
warn: Unity.ILPP.Runner.PostProcessingAssemblyLoadContext[0]
      Assembly system.runtime.interopservices.windowsruntime has duplicate hint path. Ignoring "C:\Program Files\Unity\Hub\Editor\6000.5.10f1\Editor\Data\UnityReferenceAssemblies\unity-4.8-api\Facades\System.Runtime.InteropServices.WindowsRuntime.dll" in favor of "C:\Program Files\Unity\Hub\Editor\6000.5.10f1\Editor\Data\NetStandard\Extensions\2.0.0\System.Runtime.InteropServices.WindowsRuntime.dll"
warn: Unity.ILPP.Runner.PostProcessingAssemblyLoadContext[0]
      Assembly system.componentmodel.composition has duplicate hint path. Ignoring "C:\Program Files\Unity\Hub\Editor\6000.5.10f1\Editor\Data\UnityReferenceAssemblies\unity-4.8-api\System.ComponentModel.Composition.dll" in favor of "C:\Program Files\Unity\Hub\Editor\6000.5.10f1\Editor\Data\NetStandard\compat\2.1.0\shims\netfx\System.ComponentModel.Composition.dll"
info: Unity.ILPP.Runner.PostProcessingAssemblyLoadContext[0]
      Resolved Unity.Burst.Cecil, Version=0.11.6.0, Culture=neutral, PublicKeyToken=50cebf1cceb9d05e with Library\PackageCache\com.unity.burst@2f3d916873ea\Unity.Burst.CodeGen\Unity.Burst.Cecil.dll
info: Unity.ILPP.Runner.PostProcessingAssemblyLoadContext[0]
      Resolved Mono.Cecil, Version=0.11.5.0, Culture=neutral, PublicKeyToken=50cebf1cceb9d05e with Library\PackageCache\com.unity.nuget.mono-cecil@ecb9724e46ff\Mono.Cecil.dll
info: Microsoft.AspNetCore.Routing.EndpointMiddleware[1]
      Executed endpoint 'gRPC - /UnityILPP.PostProcessing/ConfigurePostProcessors'
info: Microsoft.AspNetCore.Hosting.Diagnostics[2]
      Request finished HTTP/2 POST http://ilpp/UnityILPP.PostProcessing/ConfigurePostProcessors - 200 - application/grpc 402.9314ms
ExitCode: 0 Duration: 0s893ms
[ 873/1123  0s] ILPP-Configuration Library/ilpp-configuration.nevergeneratedoutput
*** Tundra build success (0.75 seconds), 1 items updated, 1123 evaluated
AssetDatabase: script compilation time: 1.791695s
Begin MonoManager ReloadAssembly
Refreshing native plugins compatible for Editor in 81.01 ms, found 5 plugins.
Native extension for WindowsStandalone target not found
Native extension for WebGL target not found
Refreshing native plugins compatible for Editor in 3.18 ms, found 5 plugins.
ScheduleIndexationOnStartup MainProcess:True IndexOnStartup:True
Mono: successfully reloaded assembly
- Finished resetting the current domain, in  4.505 seconds
Domain Reload Profiling: 7269ms
	BeginReloadAssembly (354ms)
		DisableScriptedObjects (32ms)
		CreateAndSetChildDomain (163ms)
	RebuildCommonClasses (9ms)
	RebuildNativeTypeToScriptingClass (16ms)
	initialDomainReloadingComplete (77ms)
	LoadAllAssembliesAndSetupDomain (2306ms)
		LoadAssemblies (1944ms)
		AnalyzeDomain (323ms)
			TypeCache.Refresh (227ms)
				TypeCache.ScanAssembly (213ms)
			BuildScriptInfoCaches (85ms)
			ResolveRequiredComponents (8ms)
	FinalizeReload (4506ms)
		SetupLoadedEditorAssemblies (0ms)
			BeforeProcessingInitializeOnLoad (87ms)
			ProcessInitializeOnLoadAttributes (3158ms)
			ProcessInitializeOnLoadMethodAttributes (727ms)
			AfterProcessingInitializeOnLoad (10ms)
		AwakeInstancesAfterBackupRestoration (46ms)
Starting new worker id: 0 with log in C:/Users/victo/Desktop/Code/POO/Cursus/2-Copy_code/03_Unity_Solos/02_2048_Reloaded/Logs/AssetImportWorkerHW0.log

Asset Pipeline Refresh (id=543633835f5426f4a8317b698b56177f): Total: 16.994 seconds - Initiated by InitialRefreshV2(ForceSynchronousImport)
	(Values over 0.05ms)
	Summary:
		Imports: total=0 (actual=0, local cache=0, cache server=0)
		Asset DB Process Time: managed=0 ms, native=12166 ms
		Asset DB Callback time: managed=61 ms, native=49 ms
		Scripting: domain reloads=1, domain reload time=2837 ms, compile time=1794 ms, other=84 ms
		Project Asset Count: scripts=1611, non-scripts=3217
		Asset File Changes: new=0, changed=0, moved=0, deleted=0
		Scan Filter Count: 0
	InvokePackagesCallback: 52.614ms
	ApplyChangesToAssetFolders: 0.947ms
	Scan: 274.192ms
	Collect global state as custom dependencies: 24.422ms
	CategorizeScriptCompilationAssets: 1518.923ms
	ProcessAssetsWithTransientArtifactChanges: 70.829ms
	CategorizeAssets: 61.799ms
	CompileScripts: 1793.988ms
	ImportOutOfDateAssets: 4690.862ms (4628.022ms without children)
		UnloadImportedAssets: 0.960ms
		EnsureUptoDateAssetsAreRegisteredWithGuidPM: 0.732ms
		ImportSchedulerStart: 61.104ms
	PostProcessAllAssets: 61.341ms
		MonoPostProcessAllAssets: 61.245ms
			SyncVS.PostprocessSyncProject 31.269ms
			UniversalRenderPipelineGlobalSettingsPostprocessor.OnPostprocessAllAssets 10.792ms
			WindowAssetPostprocessingWatcher.OnPostprocessAllAssets 2.157ms
			SpeedTree9Postprocessor.OnPostprocessAllAssets 1.754ms
			EditModeScopePostprocessor.OnPostprocessAllAssets 1.280ms
			RenderPipelineGlobalSettingsPostprocessor.OnPostprocessAllAssets 0.703ms
			ShaderReflectionAssetPostProcessor.OnPostprocessAllAssets 0.324ms
			InputActionAssetPostprocessor.OnPostprocessAllAssets 0.269ms
			ReferencedClipsPostProcessor.OnPostprocessAllAssets 0.266ms
			TerrainToolbarOverlayPostProcessor.OnPostprocessAllAssets 0.186ms
			AssetDatabaseCallbacks.OnPostprocessAllAssets 0.166ms
			ProjectSettingsPostprocessor.OnPostprocessAllAssets 0.155ms
	UnloadStreamsBegin: 3.482ms
	PersistCurrentRevisions: 0.109ms
	GenerateScriptTypeHashes: 2.818ms
	GenerateScriptTypeSerializationHashes: 6.827ms
	Untracked: 8433.003ms

Application.AssetDatabase Initial Refresh End
Launched and connected shader compiler UnityShaderCompiler.exe after 0.04 seconds
Scanning for USB devices : 12.560ms
Initializing Unity extensions:
Worker ready: AssetImportWorkerHW0 0
[MODES] ModeService[none].Initialize
[MODES] ModeService[none].LoadModes
[MODES] Loading mode Default (0) for mode-current-id-2_2048_Reloaded
Unloading 46 Unused Serialized files (Serialized files now loaded: 0)
Loaded scene 'Assets/Scenes/GamingScene.unity'
	Deserialize:            706.955 ms
	Integration:            265.904 ms
	Integration of assets:  4.927 ms
	Thread Wait Time:       0.296 ms
	Total Operation Time:   978.081 ms
Unloading 7380 unused Assets / (8.0 MB). Loaded Objects now: 8603.
Memory consumption went from 461.1 MB to 453.1 MB.
Total: 28.019200 ms (FindLiveObjects: 0.973600 ms CreateObjectMapping: 1.109700 ms MarkObjects: 18.412100 ms  DeleteObjects: 7.327000 ms)

[LAYOUT] About to load UserSettings\Layouts\default-6000.dwlt, keepMainWindow=False
[LAYOUT] About to save layout C:\Users\victo\Desktop\Code\POO\Cursus\2-Copy_code\03_Unity_Solos\02_2048_Reloaded\UserSettings\Layouts\default-6000.dwlt
[LAYOUT] About to save layout C:/Users/victo/AppData/Roaming/Unity/Editor-5.x/Preferences\Layouts\current\default-6000.dwlt
[MODES] ModeService[default].InitializeCurrentMode
[MODES] ModeService[default].RaiseModeChanged(default, default)
This project uses Input Manager, which is marked for deprecation. To manage input in your project, use the <a href="https://docs.unity3d.com/Packages/com.unity.inputsystem@latest">Input System package</a> instead.
<RI> Initializing input.
Using Windows.Gaming.Input
<RI> Input initialized.
[Project] Loading completed in 37.217 seconds
	Project init time: 				34.837 seconds
		Template init time: 		0.000 seconds
		Package Manager init time: 		0.003 seconds
		Asset Database init time: 		0.696 seconds
		Global illumination init time: 	0.012 seconds
		Assemblies load time: 			10.240 seconds
		Unity extensions init time: 	0.064 seconds
		Asset Database refresh time: 	16.994 seconds
	Scene opening time: 			2.198 seconds
##utp:{"type":"ProjectInfo","version":2,"phase":"Immediate","time":1789123127053,"processId":19448,"projectLoad":37.2171832,"projectInit":34.836619,"templateInit":0.0,"packageManagerInit":0.0029801,"assetDatabaseInit":0.6958643,"globalIlluminationInit":0.0120982,"assembliesLoad":10.2397639,"unityExtensionsInit":0.0637261,"assetDatabaseRefresh":16.9939208,"sceneOpening":2.19845}
##utp:{"type":"EditorInfo","version":2,"phase":"Immediate","time":1789123127054,"processId":19448,"editorVersion":"6000.5.10f1 (3bd4f66ad299)","branch":"6000.5/staging","buildType":"Release","platform":"Windows"}
[Licensing::Client] Successfully updated the access token
[Licensing::Module] Successfully updated access token: "KNepK_9F"... (expires: 2026-09-11T12:37:20Z)
Created GICache directory at C:/Users/victo/AppData/LocalLow/Unity/Caches/GiCache. Took: 0.044s, timestamps: [38.413 - 38.457]
[Licensing::Client] Successfully resolved entitlement details
[Licensing::Client] Successfully resolved entitlement details
[Licensing::Client] Successfully resolved entitlement details
Asset Pipeline Refresh (id=ac003ec571f7b794c89012a0e9f7053f): Total: 0.106 seconds - Initiated by RefreshV2(AllowForceSynchronousImport)
Start Indexing on Editor startup
[Indexing] Starting Initial Indexing for Assets
UPID Received '87d49476-8ac2-47b9-ac92-d36bfea90eb0'.
[Licensing::Client] Successfully resolved entitlement details
SpriteAtlasPacking completed in 0.007383 sec
Entering Playmode with Reload Domain disabled.
If you experience any issues, please disable "Enter Play Mode Options" in Editor Settings
Loaded scene 'Temp/__Backupscenes/0.backup'
	Deserialize:            2.537 ms
	Integration:            262.168 ms
	Integration of assets:  0.028 ms
	Thread Wait Time:       0.013 ms
	Total Operation Time:   264.746 ms
Let's try GetRandomEmptyCell
UnityEngine.Debug:ExtractStackTraceNoAlloc (byte*,int,string)
UnityEngine.StackTraceUtility:ExtractStackTrace ()
UnityEngine.DebugLogHandler:Internal_Log (UnityEngine.LogType,UnityEngine.LogOption,string,UnityEngine.Object)
UnityEngine.DebugLogHandler:LogFormat (UnityEngine.LogType,UnityEngine.Object,string,object[])
UnityEngine.Logger:Log (UnityEngine.LogType,object)
UnityEngine.Debug:Log (object)
GridBehavior:GetRandomEmptyCell () (at Assets/Scripts/GridBehavior.cs:41)
BoardBehavior:CreateTile () (at Assets/Scripts/BoardBehavior.cs:172)
BoardBehavior:Start () (at Assets/Scripts/BoardBehavior.cs:38)

(Filename: Assets/Scripts/GridBehavior.cs Line: 41)

Let's try GetRandomEmptyCell
UnityEngine.Debug:ExtractStackTraceNoAlloc (byte*,int,string)
UnityEngine.StackTraceUtility:ExtractStackTrace ()
UnityEngine.DebugLogHandler:Internal_Log (UnityEngine.LogType,UnityEngine.LogOption,string,UnityEngine.Object)
UnityEngine.DebugLogHandler:LogFormat (UnityEngine.LogType,UnityEngine.Object,string,object[])
UnityEngine.Logger:Log (UnityEngine.LogType,object)
UnityEngine.Debug:Log (object)
GridBehavior:GetRandomEmptyCell () (at Assets/Scripts/GridBehavior.cs:41)
BoardBehavior:CreateTile () (at Assets/Scripts/BoardBehavior.cs:172)
BoardBehavior:Start () (at Assets/Scripts/BoardBehavior.cs:39)

(Filename: Assets/Scripts/GridBehavior.cs Line: 41)

Left key pressed
UnityEngine.Debug:ExtractStackTraceNoAlloc (byte*,int,string)
UnityEngine.StackTraceUtility:ExtractStackTrace ()
UnityEngine.DebugLogHandler:Internal_Log (UnityEngine.LogType,UnityEngine.LogOption,string,UnityEngine.Object)
UnityEngine.DebugLogHandler:LogFormat (UnityEngine.LogType,UnityEngine.Object,string,object[])
UnityEngine.Logger:Log (UnityEngine.LogType,object)
UnityEngine.Debug:Log (object)
BoardBehavior:Update () (at Assets/Scripts/BoardBehavior.cs:59)

(Filename: Assets/Scripts/BoardBehavior.cs Line: 59)

Right key pressed
UnityEngine.Debug:ExtractStackTraceNoAlloc (byte*,int,string)
UnityEngine.StackTraceUtility:ExtractStackTrace ()
UnityEngine.DebugLogHandler:Internal_Log (UnityEngine.LogType,UnityEngine.LogOption,string,UnityEngine.Object)
UnityEngine.DebugLogHandler:LogFormat (UnityEngine.LogType,UnityEngine.Object,string,object[])
UnityEngine.Logger:Log (UnityEngine.LogType,object)
UnityEngine.Debug:Log (object)
BoardBehavior:Update () (at Assets/Scripts/BoardBehavior.cs:73)

(Filename: Assets/Scripts/BoardBehavior.cs Line: 73)

Up key pressed
UnityEngine.Debug:ExtractStackTraceNoAlloc (byte*,int,string)
UnityEngine.StackTraceUtility:ExtractStackTrace ()
UnityEngine.DebugLogHandler:Internal_Log (UnityEngine.LogType,UnityEngine.LogOption,string,UnityEngine.Object)
UnityEngine.DebugLogHandler:LogFormat (UnityEngine.LogType,UnityEngine.Object,string,object[])
UnityEngine.Logger:Log (UnityEngine.LogType,object)
UnityEngine.Debug:Log (object)
BoardBehavior:Update () (at Assets/Scripts/BoardBehavior.cs:52)

(Filename: Assets/Scripts/BoardBehavior.cs Line: 52)

Down key pressed
UnityEngine.Debug:ExtractStackTraceNoAlloc (byte*,int,string)
UnityEngine.StackTraceUtility:ExtractStackTrace ()
UnityEngine.DebugLogHandler:Internal_Log (UnityEngine.LogType,UnityEngine.LogOption,string,UnityEngine.Object)
UnityEngine.DebugLogHandler:LogFormat (UnityEngine.LogType,UnityEngine.Object,string,object[])
UnityEngine.Logger:Log (UnityEngine.LogType,object)
UnityEngine.Debug:Log (object)
BoardBehavior:Update () (at Assets/Scripts/BoardBehavior.cs:66)

(Filename: Assets/Scripts/BoardBehavior.cs Line: 66)

Left key pressed
UnityEngine.Debug:ExtractStackTraceNoAlloc (byte*,int,string)
UnityEngine.StackTraceUtility:ExtractStackTrace ()
UnityEngine.DebugLogHandler:Internal_Log (UnityEngine.LogType,UnityEngine.LogOption,string,UnityEngine.Object)
UnityEngine.DebugLogHandler:LogFormat (UnityEngine.LogType,UnityEngine.Object,string,object[])
UnityEngine.Logger:Log (UnityEngine.LogType,object)
UnityEngine.Debug:Log (object)
BoardBehavior:Update () (at Assets/Scripts/BoardBehavior.cs:59)

(Filename: Assets/Scripts/BoardBehavior.cs Line: 59)

Down key pressed
UnityEngine.Debug:ExtractStackTraceNoAlloc (byte*,int,string)
UnityEngine.StackTraceUtility:ExtractStackTrace ()
UnityEngine.DebugLogHandler:Internal_Log (UnityEngine.LogType,UnityEngine.LogOption,string,UnityEngine.Object)
UnityEngine.DebugLogHandler:LogFormat (UnityEngine.LogType,UnityEngine.Object,string,object[])
UnityEngine.Logger:Log (UnityEngine.LogType,object)
UnityEngine.Debug:Log (object)
BoardBehavior:Update () (at Assets/Scripts/BoardBehavior.cs:66)

(Filename: Assets/Scripts/BoardBehavior.cs Line: 66)

Right key pressed
UnityEngine.Debug:ExtractStackTraceNoAlloc (byte*,int,string)
UnityEngine.StackTraceUtility:ExtractStackTrace ()
UnityEngine.DebugLogHandler:Internal_Log (UnityEngine.LogType,UnityEngine.LogOption,string,UnityEngine.Object)
UnityEngine.DebugLogHandler:LogFormat (UnityEngine.LogType,UnityEngine.Object,string,object[])
UnityEngine.Logger:Log (UnityEngine.LogType,object)
UnityEngine.Debug:Log (object)
BoardBehavior:Update () (at Assets/Scripts/BoardBehavior.cs:73)

(Filename: Assets/Scripts/BoardBehavior.cs Line: 73)

Up key pressed
UnityEngine.Debug:ExtractStackTraceNoAlloc (byte*,int,string)
UnityEngine.StackTraceUtility:ExtractStackTrace ()
UnityEngine.DebugLogHandler:Internal_Log (UnityEngine.LogType,UnityEngine.LogOption,string,UnityEngine.Object)
UnityEngine.DebugLogHandler:LogFormat (UnityEngine.LogType,UnityEngine.Object,string,object[])
UnityEngine.Logger:Log (UnityEngine.LogType,object)
UnityEngine.Debug:Log (object)
BoardBehavior:Update () (at Assets/Scripts/BoardBehavior.cs:52)

(Filename: Assets/Scripts/BoardBehavior.cs Line: 52)

Down key pressed
UnityEngine.Debug:ExtractStackTraceNoAlloc (byte*,int,string)
UnityEngine.StackTraceUtility:ExtractStackTrace ()
UnityEngine.DebugLogHandler:Internal_Log (UnityEngine.LogType,UnityEngine.LogOption,string,UnityEngine.Object)
UnityEngine.DebugLogHandler:LogFormat (UnityEngine.LogType,UnityEngine.Object,string,object[])
UnityEngine.Logger:Log (UnityEngine.LogType,object)
UnityEngine.Debug:Log (object)
BoardBehavior:Update () (at Assets/Scripts/BoardBehavior.cs:66)

(Filename: Assets/Scripts/BoardBehavior.cs Line: 66)

Left key pressed
UnityEngine.Debug:ExtractStackTraceNoAlloc (byte*,int,string)
UnityEngine.StackTraceUtility:ExtractStackTrace ()
UnityEngine.DebugLogHandler:Internal_Log (UnityEngine.LogType,UnityEngine.LogOption,string,UnityEngine.Object)
UnityEngine.DebugLogHandler:LogFormat (UnityEngine.LogType,UnityEngine.Object,string,object[])
UnityEngine.Logger:Log (UnityEngine.LogType,object)
UnityEngine.Debug:Log (object)
BoardBehavior:Update () (at Assets/Scripts/BoardBehavior.cs:59)

(Filename: Assets/Scripts/BoardBehavior.cs Line: 59)

Down key pressed
UnityEngine.Debug:ExtractStackTraceNoAlloc (byte*,int,string)
UnityEngine.StackTraceUtility:ExtractStackTrace ()
UnityEngine.DebugLogHandler:Internal_Log (UnityEngine.LogType,UnityEngine.LogOption,string,UnityEngine.Object)
UnityEngine.DebugLogHandler:LogFormat (UnityEngine.LogType,UnityEngine.Object,string,object[])
UnityEngine.Logger:Log (UnityEngine.LogType,object)
UnityEngine.Debug:Log (object)
BoardBehavior:Update () (at Assets/Scripts/BoardBehavior.cs:66)

(Filename: Assets/Scripts/BoardBehavior.cs Line: 66)

Right key pressed
UnityEngine.Debug:ExtractStackTraceNoAlloc (byte*,int,string)
UnityEngine.StackTraceUtility:ExtractStackTrace ()
UnityEngine.DebugLogHandler:Internal_Log (UnityEngine.LogType,UnityEngine.LogOption,string,UnityEngine.Object)
UnityEngine.DebugLogHandler:LogFormat (UnityEngine.LogType,UnityEngine.Object,string,object[])
UnityEngine.Logger:Log (UnityEngine.LogType,object)
UnityEngine.Debug:Log (object)
BoardBehavior:Update () (at Assets/Scripts/BoardBehavior.cs:73)

(Filename: Assets/Scripts/BoardBehavior.cs Line: 73)

Up key pressed
UnityEngine.Debug:ExtractStackTraceNoAlloc (byte*,int,string)
UnityEngine.StackTraceUtility:ExtractStackTrace ()
UnityEngine.DebugLogHandler:Internal_Log (UnityEngine.LogType,UnityEngine.LogOption,string,UnityEngine.Object)
UnityEngine.DebugLogHandler:LogFormat (UnityEngine.LogType,UnityEngine.Object,string,object[])
UnityEngine.Logger:Log (UnityEngine.LogType,object)
UnityEngine.Debug:Log (object)
BoardBehavior:Update () (at Assets/Scripts/BoardBehavior.cs:52)

(Filename: Assets/Scripts/BoardBehavior.cs Line: 52)

Down key pressed
UnityEngine.Debug:ExtractStackTraceNoAlloc (byte*,int,string)
UnityEngine.StackTraceUtility:ExtractStackTrace ()
UnityEngine.DebugLogHandler:Internal_Log (UnityEngine.LogType,UnityEngine.LogOption,string,UnityEngine.Object)
UnityEngine.DebugLogHandler:LogFormat (UnityEngine.LogType,UnityEngine.Object,string,object[])
UnityEngine.Logger:Log (UnityEngine.LogType,object)
UnityEngine.Debug:Log (object)
BoardBehavior:Update () (at Assets/Scripts/BoardBehavior.cs:66)

(Filename: Assets/Scripts/BoardBehavior.cs Line: 66)

Down key pressed
UnityEngine.Debug:ExtractStackTraceNoAlloc (byte*,int,string)
UnityEngine.StackTraceUtility:ExtractStackTrace ()
UnityEngine.DebugLogHandler:Internal_Log (UnityEngine.LogType,UnityEngine.LogOption,string,UnityEngine.Object)
UnityEngine.DebugLogHandler:LogFormat (UnityEngine.LogType,UnityEngine.Object,string,object[])
UnityEngine.Logger:Log (UnityEngine.LogType,object)
UnityEngine.Debug:Log (object)
BoardBehavior:Update () (at Assets/Scripts/BoardBehavior.cs:66)

(Filename: Assets/Scripts/BoardBehavior.cs Line: 66)

Left key pressed
UnityEngine.Debug:ExtractStackTraceNoAlloc (byte*,int,string)
UnityEngine.StackTraceUtility:ExtractStackTrace ()
UnityEngine.DebugLogHandler:Internal_Log (UnityEngine.LogType,UnityEngine.LogOption,string,UnityEngine.Object)
UnityEngine.DebugLogHandler:LogFormat (UnityEngine.LogType,UnityEngine.Object,string,object[])
UnityEngine.Logger:Log (UnityEngine.LogType,object)
UnityEngine.Debug:Log (object)
BoardBehavior:Update () (at Assets/Scripts/BoardBehavior.cs:59)

(Filename: Assets/Scripts/BoardBehavior.cs Line: 59)

Up key pressed
UnityEngine.Debug:ExtractStackTraceNoAlloc (byte*,int,string)
UnityEngine.StackTraceUtility:ExtractStackTrace ()
UnityEngine.DebugLogHandler:Internal_Log (UnityEngine.LogType,UnityEngine.LogOption,string,UnityEngine.Object)
UnityEngine.DebugLogHandler:LogFormat (UnityEngine.LogType,UnityEngine.Object,string,object[])
UnityEngine.Logger:Log (UnityEngine.LogType,object)
UnityEngine.Debug:Log (object)
BoardBehavior:Update () (at Assets/Scripts/BoardBehavior.cs:52)

(Filename: Assets/Scripts/BoardBehavior.cs Line: 52)

Down key pressed
UnityEngine.Debug:ExtractStackTraceNoAlloc (byte*,int,string)
UnityEngine.StackTraceUtility:ExtractStackTrace ()
UnityEngine.DebugLogHandler:Internal_Log (UnityEngine.LogType,UnityEngine.LogOption,string,UnityEngine.Object)
UnityEngine.DebugLogHandler:LogFormat (UnityEngine.LogType,UnityEngine.Object,string,object[])
UnityEngine.Logger:Log (UnityEngine.LogType,object)
UnityEngine.Debug:Log (object)
BoardBehavior:Update () (at Assets/Scripts/BoardBehavior.cs:66)

(Filename: Assets/Scripts/BoardBehavior.cs Line: 66)

Down key pressed
UnityEngine.Debug:ExtractStackTraceNoAlloc (byte*,int,string)
UnityEngine.StackTraceUtility:ExtractStackTrace ()
UnityEngine.DebugLogHandler:Internal_Log (UnityEngine.LogType,UnityEngine.LogOption,string,UnityEngine.Object)
UnityEngine.DebugLogHandler:LogFormat (UnityEngine.LogType,UnityEngine.Object,string,object[])
UnityEngine.Logger:Log (UnityEngine.LogType,object)
UnityEngine.Debug:Log (object)
BoardBehavior:Update () (at Assets/Scripts/BoardBehavior.cs:66)

(Filename: Assets/Scripts/BoardBehavior.cs Line: 66)

Up key pressed
UnityEngine.Debug:ExtractStackTraceNoAlloc (byte*,int,string)
UnityEngine.StackTraceUtility:ExtractStackTrace ()
UnityEngine.DebugLogHandler:Internal_Log (UnityEngine.LogType,UnityEngine.LogOption,string,UnityEngine.Object)
UnityEngine.DebugLogHandler:LogFormat (UnityEngine.LogType,UnityEngine.Object,string,object[])
UnityEngine.Logger:Log (UnityEngine.LogType,object)
UnityEngine.Debug:Log (object)
BoardBehavior:Update () (at Assets/Scripts/BoardBehavior.cs:52)

(Filename: Assets/Scripts/BoardBehavior.cs Line: 52)

Up key pressed
UnityEngine.Debug:ExtractStackTraceNoAlloc (byte*,int,string)
UnityEngine.StackTraceUtility:ExtractStackTrace ()
UnityEngine.DebugLogHandler:Internal_Log (UnityEngine.LogType,UnityEngine.LogOption,string,UnityEngine.Object)
UnityEngine.DebugLogHandler:LogFormat (UnityEngine.LogType,UnityEngine.Object,string,object[])
UnityEngine.Logger:Log (UnityEngine.LogType,object)
UnityEngine.Debug:Log (object)
BoardBehavior:Update () (at Assets/Scripts/BoardBehavior.cs:52)

(Filename: Assets/Scripts/BoardBehavior.cs Line: 52)

Down key pressed
UnityEngine.Debug:ExtractStackTraceNoAlloc (byte*,int,string)
UnityEngine.StackTraceUtility:ExtractStackTrace ()
UnityEngine.DebugLogHandler:Internal_Log (UnityEngine.LogType,UnityEngine.LogOption,string,UnityEngine.Object)
UnityEngine.DebugLogHandler:LogFormat (UnityEngine.LogType,UnityEngine.Object,string,object[])
UnityEngine.Logger:Log (UnityEngine.LogType,object)
UnityEngine.Debug:Log (object)
BoardBehavior:Update () (at Assets/Scripts/BoardBehavior.cs:66)

(Filename: Assets/Scripts/BoardBehavior.cs Line: 66)

Up key pressed
UnityEngine.Debug:ExtractStackTraceNoAlloc (byte*,int,string)
UnityEngine.StackTraceUtility:ExtractStackTrace ()
UnityEngine.DebugLogHandler:Internal_Log (UnityEngine.LogType,UnityEngine.LogOption,string,UnityEngine.Object)
UnityEngine.DebugLogHandler:LogFormat (UnityEngine.LogType,UnityEngine.Object,string,object[])
UnityEngine.Logger:Log (UnityEngine.LogType,object)
UnityEngine.Debug:Log (object)
BoardBehavior:Update () (at Assets/Scripts/BoardBehavior.cs:52)

(Filename: Assets/Scripts/BoardBehavior.cs Line: 52)

Right key pressed
UnityEngine.Debug:ExtractStackTraceNoAlloc (byte*,int,string)
UnityEngine.StackTraceUtility:ExtractStackTrace ()
UnityEngine.DebugLogHandler:Internal_Log (UnityEngine.LogType,UnityEngine.LogOption,string,UnityEngine.Object)
UnityEngine.DebugLogHandler:LogFormat (UnityEngine.LogType,UnityEngine.Object,string,object[])
UnityEngine.Logger:Log (UnityEngine.LogType,object)
UnityEngine.Debug:Log (object)
BoardBehavior:Update () (at Assets/Scripts/BoardBehavior.cs:73)

(Filename: Assets/Scripts/BoardBehavior.cs Line: 73)

Down key pressed
UnityEngine.Debug:ExtractStackTraceNoAlloc (byte*,int,string)
UnityEngine.StackTraceUtility:ExtractStackTrace ()
UnityEngine.DebugLogHandler:Internal_Log (UnityEngine.LogType,UnityEngine.LogOption,string,UnityEngine.Object)
UnityEngine.DebugLogHandler:LogFormat (UnityEngine.LogType,UnityEngine.Object,string,object[])
UnityEngine.Logger:Log (UnityEngine.LogType,object)
UnityEngine.Debug:Log (object)
BoardBehavior:Update () (at Assets/Scripts/BoardBehavior.cs:66)

(Filename: Assets/Scripts/BoardBehavior.cs Line: 66)

Left key pressed
UnityEngine.Debug:ExtractStackTraceNoAlloc (byte*,int,string)
UnityEngine.StackTraceUtility:ExtractStackTrace ()
UnityEngine.DebugLogHandler:Internal_Log (UnityEngine.LogType,UnityEngine.LogOption,string,UnityEngine.Object)
UnityEngine.DebugLogHandler:LogFormat (UnityEngine.LogType,UnityEngine.Object,string,object[])
UnityEngine.Logger:Log (UnityEngine.LogType,object)
UnityEngine.Debug:Log (object)
BoardBehavior:Update () (at Assets/Scripts/BoardBehavior.cs:59)

(Filename: Assets/Scripts/BoardBehavior.cs Line: 59)

Up key pressed
UnityEngine.Debug:ExtractStackTraceNoAlloc (byte*,int,string)
UnityEngine.StackTraceUtility:ExtractStackTrace ()
UnityEngine.DebugLogHandler:Internal_Log (UnityEngine.LogType,UnityEngine.LogOption,string,UnityEngine.Object)
UnityEngine.DebugLogHandler:LogFormat (UnityEngine.LogType,UnityEngine.Object,string,object[])
UnityEngine.Logger:Log (UnityEngine.LogType,object)
UnityEngine.Debug:Log (object)
BoardBehavior:Update () (at Assets/Scripts/BoardBehavior.cs:52)

(Filename: Assets/Scripts/BoardBehavior.cs Line: 52)

Right key pressed
UnityEngine.Debug:ExtractStackTraceNoAlloc (byte*,int,string)
UnityEngine.StackTraceUtility:ExtractStackTrace ()
UnityEngine.DebugLogHandler:Internal_Log (UnityEngine.LogType,UnityEngine.LogOption,string,UnityEngine.Object)
UnityEngine.DebugLogHandler:LogFormat (UnityEngine.LogType,UnityEngine.Object,string,object[])
UnityEngine.Logger:Log (UnityEngine.LogType,object)
UnityEngine.Debug:Log (object)
BoardBehavior:Update () (at Assets/Scripts/BoardBehavior.cs:73)

(Filename: Assets/Scripts/BoardBehavior.cs Line: 73)

Down key pressed
UnityEngine.Debug:ExtractStackTraceNoAlloc (byte*,int,string)
UnityEngine.StackTraceUtility:ExtractStackTrace ()
UnityEngine.DebugLogHandler:Internal_Log (UnityEngine.LogType,UnityEngine.LogOption,string,UnityEngine.Object)
UnityEngine.DebugLogHandler:LogFormat (UnityEngine.LogType,UnityEngine.Object,string,object[])
UnityEngine.Logger:Log (UnityEngine.LogType,object)
UnityEngine.Debug:Log (object)
BoardBehavior:Update () (at Assets/Scripts/BoardBehavior.cs:66)

(Filename: Assets/Scripts/BoardBehavior.cs Line: 66)

Right key pressed
UnityEngine.Debug:ExtractStackTraceNoAlloc (byte*,int,string)
UnityEngine.StackTraceUtility:ExtractStackTrace ()
UnityEngine.DebugLogHandler:Internal_Log (UnityEngine.LogType,UnityEngine.LogOption,string,UnityEngine.Object)
UnityEngine.DebugLogHandler:LogFormat (UnityEngine.LogType,UnityEngine.Object,string,object[])
UnityEngine.Logger:Log (UnityEngine.LogType,object)
UnityEngine.Debug:Log (object)
BoardBehavior:Update () (at Assets/Scripts/BoardBehavior.cs:73)

(Filename: Assets/Scripts/BoardBehavior.cs Line: 73)

Down key pressed
UnityEngine.Debug:ExtractStackTraceNoAlloc (byte*,int,string)
UnityEngine.StackTraceUtility:ExtractStackTrace ()
UnityEngine.DebugLogHandler:Internal_Log (UnityEngine.LogType,UnityEngine.LogOption,string,UnityEngine.Object)
UnityEngine.DebugLogHandler:LogFormat (UnityEngine.LogType,UnityEngine.Object,string,object[])
UnityEngine.Logger:Log (UnityEngine.LogType,object)
UnityEngine.Debug:Log (object)
BoardBehavior:Update () (at Assets/Scripts/BoardBehavior.cs:66)

(Filename: Assets/Scripts/BoardBehavior.cs Line: 66)

Left key pressed
UnityEngine.Debug:ExtractStackTraceNoAlloc (byte*,int,string)
UnityEngine.StackTraceUtility:ExtractStackTrace ()
UnityEngine.DebugLogHandler:Internal_Log (UnityEngine.LogType,UnityEngine.LogOption,string,UnityEngine.Object)
UnityEngine.DebugLogHandler:LogFormat (UnityEngine.LogType,UnityEngine.Object,string,object[])
UnityEngine.Logger:Log (UnityEngine.LogType,object)
UnityEngine.Debug:Log (object)
BoardBehavior:Update () (at Assets/Scripts/BoardBehavior.cs:59)

(Filename: Assets/Scripts/BoardBehavior.cs Line: 59)

Left key pressed
UnityEngine.Debug:ExtractStackTraceNoAlloc (byte*,int,string)
UnityEngine.StackTraceUtility:ExtractStackTrace ()
UnityEngine.DebugLogHandler:Internal_Log (UnityEngine.LogType,UnityEngine.LogOption,string,UnityEngine.Object)
UnityEngine.DebugLogHandler:LogFormat (UnityEngine.LogType,UnityEngine.Object,string,object[])
UnityEngine.Logger:Log (UnityEngine.LogType,object)
UnityEngine.Debug:Log (object)
BoardBehavior:Update () (at Assets/Scripts/BoardBehavior.cs:59)

(Filename: Assets/Scripts/BoardBehavior.cs Line: 59)

Down key pressed
UnityEngine.Debug:ExtractStackTraceNoAlloc (byte*,int,string)
UnityEngine.StackTraceUtility:ExtractStackTrace ()
UnityEngine.DebugLogHandler:Internal_Log (UnityEngine.LogType,UnityEngine.LogOption,string,UnityEngine.Object)
UnityEngine.DebugLogHandler:LogFormat (UnityEngine.LogType,UnityEngine.Object,string,object[])
UnityEngine.Logger:Log (UnityEngine.LogType,object)
UnityEngine.Debug:Log (object)
BoardBehavior:Update () (at Assets/Scripts/BoardBehavior.cs:66)

(Filename: Assets/Scripts/BoardBehavior.cs Line: 66)

Up key pressed
UnityEngine.Debug:ExtractStackTraceNoAlloc (byte*,int,string)
UnityEngine.StackTraceUtility:ExtractStackTrace ()
UnityEngine.DebugLogHandler:Internal_Log (UnityEngine.LogType,UnityEngine.LogOption,string,UnityEngine.Object)
UnityEngine.DebugLogHandler:LogFormat (UnityEngine.LogType,UnityEngine.Object,string,object[])
UnityEngine.Logger:Log (UnityEngine.LogType,object)
UnityEngine.Debug:Log (object)
BoardBehavior:Update () (at Assets/Scripts/BoardBehavior.cs:52)

(Filename: Assets/Scripts/BoardBehavior.cs Line: 52)

Right key pressed
UnityEngine.Debug:ExtractStackTraceNoAlloc (byte*,int,string)
UnityEngine.StackTraceUtility:ExtractStackTrace ()
UnityEngine.DebugLogHandler:Internal_Log (UnityEngine.LogType,UnityEngine.LogOption,string,UnityEngine.Object)
UnityEngine.DebugLogHandler:LogFormat (UnityEngine.LogType,UnityEngine.Object,string,object[])
UnityEngine.Logger:Log (UnityEngine.LogType,object)
UnityEngine.Debug:Log (object)
BoardBehavior:Update () (at Assets/Scripts/BoardBehavior.cs:73)

(Filename: Assets/Scripts/BoardBehavior.cs Line: 73)

Down key pressed
UnityEngine.Debug:ExtractStackTraceNoAlloc (byte*,int,string)
UnityEngine.StackTraceUtility:ExtractStackTrace ()
UnityEngine.DebugLogHandler:Internal_Log (UnityEngine.LogType,UnityEngine.LogOption,string,UnityEngine.Object)
UnityEngine.DebugLogHandler:LogFormat (UnityEngine.LogType,UnityEngine.Object,string,object[])
UnityEngine.Logger:Log (UnityEngine.LogType,object)
UnityEngine.Debug:Log (object)
BoardBehavior:Update () (at Assets/Scripts/BoardBehavior.cs:66)

(Filename: Assets/Scripts/BoardBehavior.cs Line: 66)

Up key pressed
UnityEngine.Debug:ExtractStackTraceNoAlloc (byte*,int,string)
UnityEngine.StackTraceUtility:ExtractStackTrace ()
UnityEngine.DebugLogHandler:Internal_Log (UnityEngine.LogType,UnityEngine.LogOption,string,UnityEngine.Object)
UnityEngine.DebugLogHandler:LogFormat (UnityEngine.LogType,UnityEngine.Object,string,object[])
UnityEngine.Logger:Log (UnityEngine.LogType,object)
UnityEngine.Debug:Log (object)
BoardBehavior:Update () (at Assets/Scripts/BoardBehavior.cs:52)

(Filename: Assets/Scripts/BoardBehavior.cs Line: 52)

Right key pressed
UnityEngine.Debug:ExtractStackTraceNoAlloc (byte*,int,string)
UnityEngine.StackTraceUtility:ExtractStackTrace ()
UnityEngine.DebugLogHandler:Internal_Log (UnityEngine.LogType,UnityEngine.LogOption,string,UnityEngine.Object)
UnityEngine.DebugLogHandler:LogFormat (UnityEngine.LogType,UnityEngine.Object,string,object[])
UnityEngine.Logger:Log (UnityEngine.LogType,object)
UnityEngine.Debug:Log (object)
BoardBehavior:Update () (at Assets/Scripts/BoardBehavior.cs:73)

(Filename: Assets/Scripts/BoardBehavior.cs Line: 73)

Down key pressed
UnityEngine.Debug:ExtractStackTraceNoAlloc (byte*,int,string)
UnityEngine.StackTraceUtility:ExtractStackTrace ()
UnityEngine.DebugLogHandler:Internal_Log (UnityEngine.LogType,UnityEngine.LogOption,string,UnityEngine.Object)
UnityEngine.DebugLogHandler:LogFormat (UnityEngine.LogType,UnityEngine.Object,string,object[])
UnityEngine.Logger:Log (UnityEngine.LogType,object)
UnityEngine.Debug:Log (object)
BoardBehavior:Update () (at Assets/Scripts/BoardBehavior.cs:66)

(Filename: Assets/Scripts/BoardBehavior.cs Line: 66)

Left key pressed
UnityEngine.Debug:ExtractStackTraceNoAlloc (byte*,int,string)
UnityEngine.StackTraceUtility:ExtractStackTrace ()
UnityEngine.DebugLogHandler:Internal_Log (UnityEngine.LogType,UnityEngine.LogOption,string,UnityEngine.Object)
UnityEngine.DebugLogHandler:LogFormat (UnityEngine.LogType,UnityEngine.Object,string,object[])
UnityEngine.Logger:Log (UnityEngine.LogType,object)
UnityEngine.Debug:Log (object)
BoardBehavior:Update () (at Assets/Scripts/BoardBehavior.cs:59)

(Filename: Assets/Scripts/BoardBehavior.cs Line: 59)

Up key pressed
UnityEngine.Debug:ExtractStackTraceNoAlloc (byte*,int,string)
UnityEngine.StackTraceUtility:ExtractStackTrace ()
UnityEngine.DebugLogHandler:Internal_Log (UnityEngine.LogType,UnityEngine.LogOption,string,UnityEngine.Object)
UnityEngine.DebugLogHandler:LogFormat (UnityEngine.LogType,UnityEngine.Object,string,object[])
UnityEngine.Logger:Log (UnityEngine.LogType,object)
UnityEngine.Debug:Log (object)
BoardBehavior:Update () (at Assets/Scripts/BoardBehavior.cs:52)

(Filename: Assets/Scripts/BoardBehavior.cs Line: 52)

Right key pressed
UnityEngine.Debug:ExtractStackTraceNoAlloc (byte*,int,string)
UnityEngine.StackTraceUtility:ExtractStackTrace ()
UnityEngine.DebugLogHandler:Internal_Log (UnityEngine.LogType,UnityEngine.LogOption,string,UnityEngine.Object)
UnityEngine.DebugLogHandler:LogFormat (UnityEngine.LogType,UnityEngine.Object,string,object[])
UnityEngine.Logger:Log (UnityEngine.LogType,object)
UnityEngine.Debug:Log (object)
BoardBehavior:Update () (at Assets/Scripts/BoardBehavior.cs:73)

(Filename: Assets/Scripts/BoardBehavior.cs Line: 73)

Down key pressed
UnityEngine.Debug:ExtractStackTraceNoAlloc (byte*,int,string)
UnityEngine.StackTraceUtility:ExtractStackTrace ()
UnityEngine.DebugLogHandler:Internal_Log (UnityEngine.LogType,UnityEngine.LogOption,string,UnityEngine.Object)
UnityEngine.DebugLogHandler:LogFormat (UnityEngine.LogType,UnityEngine.Object,string,object[])
UnityEngine.Logger:Log (UnityEngine.LogType,object)
UnityEngine.Debug:Log (object)
BoardBehavior:Update () (at Assets/Scripts/BoardBehavior.cs:66)

(Filename: Assets/Scripts/BoardBehavior.cs Line: 66)

Left key pressed
UnityEngine.Debug:ExtractStackTraceNoAlloc (byte*,int,string)
UnityEngine.StackTraceUtility:ExtractStackTrace ()
UnityEngine.DebugLogHandler:Internal_Log (UnityEngine.LogType,UnityEngine.LogOption,string,UnityEngine.Object)
UnityEngine.DebugLogHandler:LogFormat (UnityEngine.LogType,UnityEngine.Object,string,object[])
UnityEngine.Logger:Log (UnityEngine.LogType,object)
UnityEngine.Debug:Log (object)
BoardBehavior:Update () (at Assets/Scripts/BoardBehavior.cs:59)

(Filename: Assets/Scripts/BoardBehavior.cs Line: 59)

Up key pressed
UnityEngine.Debug:ExtractStackTraceNoAlloc (byte*,int,string)
UnityEngine.StackTraceUtility:ExtractStackTrace ()
UnityEngine.DebugLogHandler:Internal_Log (UnityEngine.LogType,UnityEngine.LogOption,string,UnityEngine.Object)
UnityEngine.DebugLogHandler:LogFormat (UnityEngine.LogType,UnityEngine.Object,string,object[])
UnityEngine.Logger:Log (UnityEngine.LogType,object)
UnityEngine.Debug:Log (object)
BoardBehavior:Update () (at Assets/Scripts/BoardBehavior.cs:52)

(Filename: Assets/Scripts/BoardBehavior.cs Line: 52)

Right key pressed
UnityEngine.Debug:ExtractStackTraceNoAlloc (byte*,int,string)
UnityEngine.StackTraceUtility:ExtractStackTrace ()
UnityEngine.DebugLogHandler:Internal_Log (UnityEngine.LogType,UnityEngine.LogOption,string,UnityEngine.Object)
UnityEngine.DebugLogHandler:LogFormat (UnityEngine.LogType,UnityEngine.Object,string,object[])
UnityEngine.Logger:Log (UnityEngine.LogType,object)
UnityEngine.Debug:Log (object)
BoardBehavior:Update () (at Assets/Scripts/BoardBehavior.cs:73)

(Filename: Assets/Scripts/BoardBehavior.cs Line: 73)

Down key pressed
UnityEngine.Debug:ExtractStackTraceNoAlloc (byte*,int,string)
UnityEngine.StackTraceUtility:ExtractStackTrace ()
UnityEngine.DebugLogHandler:Internal_Log (UnityEngine.LogType,UnityEngine.LogOption,string,UnityEngine.Object)
UnityEngine.DebugLogHandler:LogFormat (UnityEngine.LogType,UnityEngine.Object,string,object[])
UnityEngine.Logger:Log (UnityEngine.LogType,object)
UnityEngine.Debug:Log (object)
BoardBehavior:Update () (at Assets/Scripts/BoardBehavior.cs:66)

(Filename: Assets/Scripts/BoardBehavior.cs Line: 66)

Left key pressed
UnityEngine.Debug:ExtractStackTraceNoAlloc (byte*,int,string)
UnityEngine.StackTraceUtility:ExtractStackTrace ()
UnityEngine.DebugLogHandler:Internal_Log (UnityEngine.LogType,UnityEngine.LogOption,string,UnityEngine.Object)
UnityEngine.DebugLogHandler:LogFormat (UnityEngine.LogType,UnityEngine.Object,string,object[])
UnityEngine.Logger:Log (UnityEngine.LogType,object)
UnityEngine.Debug:Log (object)
BoardBehavior:Update () (at Assets/Scripts/BoardBehavior.cs:59)

(Filename: Assets/Scripts/BoardBehavior.cs Line: 59)

Up key pressed
UnityEngine.Debug:ExtractStackTraceNoAlloc (byte*,int,string)
UnityEngine.StackTraceUtility:ExtractStackTrace ()
UnityEngine.DebugLogHandler:Internal_Log (UnityEngine.LogType,UnityEngine.LogOption,string,UnityEngine.Object)
UnityEngine.DebugLogHandler:LogFormat (UnityEngine.LogType,UnityEngine.Object,string,object[])
UnityEngine.Logger:Log (UnityEngine.LogType,object)
UnityEngine.Debug:Log (object)
BoardBehavior:Update () (at Assets/Scripts/BoardBehavior.cs:52)

(Filename: Assets/Scripts/BoardBehavior.cs Line: 52)

Right key pressed
UnityEngine.Debug:ExtractStackTraceNoAlloc (byte*,int,string)
UnityEngine.StackTraceUtility:ExtractStackTrace ()
UnityEngine.DebugLogHandler:Internal_Log (UnityEngine.LogType,UnityEngine.LogOption,string,UnityEngine.Object)
UnityEngine.DebugLogHandler:LogFormat (UnityEngine.LogType,UnityEngine.Object,string,object[])
UnityEngine.Logger:Log (UnityEngine.LogType,object)
UnityEngine.Debug:Log (object)
BoardBehavior:Update () (at Assets/Scripts/BoardBehavior.cs:73)

(Filename: Assets/Scripts/BoardBehavior.cs Line: 73)

Down key pressed
UnityEngine.Debug:ExtractStackTraceNoAlloc (byte*,int,string)
UnityEngine.StackTraceUtility:ExtractStackTrace ()
UnityEngine.DebugLogHandler:Internal_Log (UnityEngine.LogType,UnityEngine.LogOption,string,UnityEngine.Object)
UnityEngine.DebugLogHandler:LogFormat (UnityEngine.LogType,UnityEngine.Object,string,object[])
UnityEngine.Logger:Log (UnityEngine.LogType,object)
UnityEngine.Debug:Log (object)
BoardBehavior:Update () (at Assets/Scripts/BoardBehavior.cs:66)

(Filename: Assets/Scripts/BoardBehavior.cs Line: 66)

Left key pressed
UnityEngine.Debug:ExtractStackTraceNoAlloc (byte*,int,string)
UnityEngine.StackTraceUtility:ExtractStackTrace ()
UnityEngine.DebugLogHandler:Internal_Log (UnityEngine.LogType,UnityEngine.LogOption,string,UnityEngine.Object)
UnityEngine.DebugLogHandler:LogFormat (UnityEngine.LogType,UnityEngine.Object,string,object[])
UnityEngine.Logger:Log (UnityEngine.LogType,object)
UnityEngine.Debug:Log (object)
BoardBehavior:Update () (at Assets/Scripts/BoardBehavior.cs:59)

(Filename: Assets/Scripts/BoardBehavior.cs Line: 59)

Up key pressed
UnityEngine.Debug:ExtractStackTraceNoAlloc (byte*,int,string)
UnityEngine.StackTraceUtility:ExtractStackTrace ()
UnityEngine.DebugLogHandler:Internal_Log (UnityEngine.LogType,UnityEngine.LogOption,string,UnityEngine.Object)
UnityEngine.DebugLogHandler:LogFormat (UnityEngine.LogType,UnityEngine.Object,string,object[])
UnityEngine.Logger:Log (UnityEngine.LogType,object)
UnityEngine.Debug:Log (object)
BoardBehavior:Update () (at Assets/Scripts/BoardBehavior.cs:52)

(Filename: Assets/Scripts/BoardBehavior.cs Line: 52)

Right key pressed
UnityEngine.Debug:ExtractStackTraceNoAlloc (byte*,int,string)
UnityEngine.StackTraceUtility:ExtractStackTrace ()
UnityEngine.DebugLogHandler:Internal_Log (UnityEngine.LogType,UnityEngine.LogOption,string,UnityEngine.Object)
UnityEngine.DebugLogHandler:LogFormat (UnityEngine.LogType,UnityEngine.Object,string,object[])
UnityEngine.Logger:Log (UnityEngine.LogType,object)
UnityEngine.Debug:Log (object)
BoardBehavior:Update () (at Assets/Scripts/BoardBehavior.cs:73)

(Filename: Assets/Scripts/BoardBehavior.cs Line: 73)

Down key pressed
UnityEngine.Debug:ExtractStackTraceNoAlloc (byte*,int,string)
UnityEngine.StackTraceUtility:ExtractStackTrace ()
UnityEngine.DebugLogHandler:Internal_Log (UnityEngine.LogType,UnityEngine.LogOption,string,UnityEngine.Object)
UnityEngine.DebugLogHandler:LogFormat (UnityEngine.LogType,UnityEngine.Object,string,object[])
UnityEngine.Logger:Log (UnityEngine.LogType,object)
UnityEngine.Debug:Log (object)
BoardBehavior:Update () (at Assets/Scripts/BoardBehavior.cs:66)

(Filename: Assets/Scripts/BoardBehavior.cs Line: 66)

Left key pressed
UnityEngine.Debug:ExtractStackTraceNoAlloc (byte*,int,string)
UnityEngine.StackTraceUtility:ExtractStackTrace ()
UnityEngine.DebugLogHandler:Internal_Log (UnityEngine.LogType,UnityEngine.LogOption,string,UnityEngine.Object)
UnityEngine.DebugLogHandler:LogFormat (UnityEngine.LogType,UnityEngine.Object,string,object[])
UnityEngine.Logger:Log (UnityEngine.LogType,object)
UnityEngine.Debug:Log (object)
BoardBehavior:Update () (at Assets/Scripts/BoardBehavior.cs:59)

(Filename: Assets/Scripts/BoardBehavior.cs Line: 59)

Up key pressed
UnityEngine.Debug:ExtractStackTraceNoAlloc (byte*,int,string)
UnityEngine.StackTraceUtility:ExtractStackTrace ()
UnityEngine.DebugLogHandler:Internal_Log (UnityEngine.LogType,UnityEngine.LogOption,string,UnityEngine.Object)
UnityEngine.DebugLogHandler:LogFormat (UnityEngine.LogType,UnityEngine.Object,string,object[])
UnityEngine.Logger:Log (UnityEngine.LogType,object)
UnityEngine.Debug:Log (object)
BoardBehavior:Update () (at Assets/Scripts/BoardBehavior.cs:52)

(Filename: Assets/Scripts/BoardBehavior.cs Line: 52)

Right key pressed
UnityEngine.Debug:ExtractStackTraceNoAlloc (byte*,int,string)
UnityEngine.StackTraceUtility:ExtractStackTrace ()
UnityEngine.DebugLogHandler:Internal_Log (UnityEngine.LogType,UnityEngine.LogOption,string,UnityEngine.Object)
UnityEngine.DebugLogHandler:LogFormat (UnityEngine.LogType,UnityEngine.Object,string,object[])
UnityEngine.Logger:Log (UnityEngine.LogType,object)
UnityEngine.Debug:Log (object)
BoardBehavior:Update () (at Assets/Scripts/BoardBehavior.cs:73)

(Filename: Assets/Scripts/BoardBehavior.cs Line: 73)

Down key pressed
UnityEngine.Debug:ExtractStackTraceNoAlloc (byte*,int,string)
UnityEngine.StackTraceUtility:ExtractStackTrace ()
UnityEngine.DebugLogHandler:Internal_Log (UnityEngine.LogType,UnityEngine.LogOption,string,UnityEngine.Object)
UnityEngine.DebugLogHandler:LogFormat (UnityEngine.LogType,UnityEngine.Object,string,object[])
UnityEngine.Logger:Log (UnityEngine.LogType,object)
UnityEngine.Debug:Log (object)
BoardBehavior:Update () (at Assets/Scripts/BoardBehavior.cs:66)

(Filename: Assets/Scripts/BoardBehavior.cs Line: 66)

Left key pressed
UnityEngine.Debug:ExtractStackTraceNoAlloc (byte*,int,string)
UnityEngine.StackTraceUtility:ExtractStackTrace ()
UnityEngine.DebugLogHandler:Internal_Log (UnityEngine.LogType,UnityEngine.LogOption,string,UnityEngine.Object)
UnityEngine.DebugLogHandler:LogFormat (UnityEngine.LogType,UnityEngine.Object,string,object[])
UnityEngine.Logger:Log (UnityEngine.LogType,object)
UnityEngine.Debug:Log (object)
BoardBehavior:Update () (at Assets/Scripts/BoardBehavior.cs:59)

(Filename: Assets/Scripts/BoardBehavior.cs Line: 59)

Up key pressed
UnityEngine.Debug:ExtractStackTraceNoAlloc (byte*,int,string)
UnityEngine.StackTraceUtility:ExtractStackTrace ()
UnityEngine.DebugLogHandler:Internal_Log (UnityEngine.LogType,UnityEngine.LogOption,string,UnityEngine.Object)
UnityEngine.DebugLogHandler:LogFormat (UnityEngine.LogType,UnityEngine.Object,string,object[])
UnityEngine.Logger:Log (UnityEngine.LogType,object)
UnityEngine.Debug:Log (object)
BoardBehavior:Update () (at Assets/Scripts/BoardBehavior.cs:52)

(Filename: Assets/Scripts/BoardBehavior.cs Line: 52)

Right key pressed
UnityEngine.Debug:ExtractStackTraceNoAlloc (byte*,int,string)
UnityEngine.StackTraceUtility:ExtractStackTrace ()
UnityEngine.DebugLogHandler:Internal_Log (UnityEngine.LogType,UnityEngine.LogOption,string,UnityEngine.Object)
UnityEngine.DebugLogHandler:LogFormat (UnityEngine.LogType,UnityEngine.Object,string,object[])
UnityEngine.Logger:Log (UnityEngine.LogType,object)
UnityEngine.Debug:Log (object)
BoardBehavior:Update () (at Assets/Scripts/BoardBehavior.cs:73)

(Filename: Assets/Scripts/BoardBehavior.cs Line: 73)

Down key pressed
UnityEngine.Debug:ExtractStackTraceNoAlloc (byte*,int,string)
UnityEngine.StackTraceUtility:ExtractStackTrace ()
UnityEngine.DebugLogHandler:Internal_Log (UnityEngine.LogType,UnityEngine.LogOption,string,UnityEngine.Object)
UnityEngine.DebugLogHandler:LogFormat (UnityEngine.LogType,UnityEngine.Object,string,object[])
UnityEngine.Logger:Log (UnityEngine.LogType,object)
UnityEngine.Debug:Log (object)
BoardBehavior:Update () (at Assets/Scripts/BoardBehavior.cs:66)

(Filename: Assets/Scripts/BoardBehavior.cs Line: 66)

Left key pressed
UnityEngine.Debug:ExtractStackTraceNoAlloc (byte*,int,string)
UnityEngine.StackTraceUtility:ExtractStackTrace ()
UnityEngine.DebugLogHandler:Internal_Log (UnityEngine.LogType,UnityEngine.LogOption,string,UnityEngine.Object)
UnityEngine.DebugLogHandler:LogFormat (UnityEngine.LogType,UnityEngine.Object,string,object[])
UnityEngine.Logger:Log (UnityEngine.LogType,object)
UnityEngine.Debug:Log (object)
BoardBehavior:Update () (at Assets/Scripts/BoardBehavior.cs:59)

(Filename: Assets/Scripts/BoardBehavior.cs Line: 59)

Up key pressed
UnityEngine.Debug:ExtractStackTraceNoAlloc (byte*,int,string)
UnityEngine.StackTraceUtility:ExtractStackTrace ()
UnityEngine.DebugLogHandler:Internal_Log (UnityEngine.LogType,UnityEngine.LogOption,string,UnityEngine.Object)
UnityEngine.DebugLogHandler:LogFormat (UnityEngine.LogType,UnityEngine.Object,string,object[])
UnityEngine.Logger:Log (UnityEngine.LogType,object)
UnityEngine.Debug:Log (object)
BoardBehavior:Update () (at Assets/Scripts/BoardBehavior.cs:52)

(Filename: Assets/Scripts/BoardBehavior.cs Line: 52)

Right key pressed
UnityEngine.Debug:ExtractStackTraceNoAlloc (byte*,int,string)
UnityEngine.StackTraceUtility:ExtractStackTrace ()
UnityEngine.DebugLogHandler:Internal_Log (UnityEngine.LogType,UnityEngine.LogOption,string,UnityEngine.Object)
UnityEngine.DebugLogHandler:LogFormat (UnityEngine.LogType,UnityEngine.Object,string,object[])
UnityEngine.Logger:Log (UnityEngine.LogType,object)
UnityEngine.Debug:Log (object)
BoardBehavior:Update () (at Assets/Scripts/BoardBehavior.cs:73)

(Filename: Assets/Scripts/BoardBehavior.cs Line: 73)

Down key pressed
UnityEngine.Debug:ExtractStackTraceNoAlloc (byte*,int,string)
UnityEngine.StackTraceUtility:ExtractStackTrace ()
UnityEngine.DebugLogHandler:Internal_Log (UnityEngine.LogType,UnityEngine.LogOption,string,UnityEngine.Object)
UnityEngine.DebugLogHandler:LogFormat (UnityEngine.LogType,UnityEngine.Object,string,object[])
UnityEngine.Logger:Log (UnityEngine.LogType,object)
UnityEngine.Debug:Log (object)
BoardBehavior:Update () (at Assets/Scripts/BoardBehavior.cs:66)

(Filename: Assets/Scripts/BoardBehavior.cs Line: 66)

Left key pressed
UnityEngine.Debug:ExtractStackTraceNoAlloc (byte*,int,string)
UnityEngine.StackTraceUtility:ExtractStackTrace ()
UnityEngine.DebugLogHandler:Internal_Log (UnityEngine.LogType,UnityEngine.LogOption,string,UnityEngine.Object)
UnityEngine.DebugLogHandler:LogFormat (UnityEngine.LogType,UnityEngine.Object,string,object[])
UnityEngine.Logger:Log (UnityEngine.LogType,object)
UnityEngine.Debug:Log (object)
BoardBehavior:Update () (at Assets/Scripts/BoardBehavior.cs:59)

(Filename: Assets/Scripts/BoardBehavior.cs Line: 59)

Up key pressed
UnityEngine.Debug:ExtractStackTraceNoAlloc (byte*,int,string)
UnityEngine.StackTraceUtility:ExtractStackTrace ()
UnityEngine.DebugLogHandler:Internal_Log (UnityEngine.LogType,UnityEngine.LogOption,string,UnityEngine.Object)
UnityEngine.DebugLogHandler:LogFormat (UnityEngine.LogType,UnityEngine.Object,string,object[])
UnityEngine.Logger:Log (UnityEngine.LogType,object)
UnityEngine.Debug:Log (object)
BoardBehavior:Update () (at Assets/Scripts/BoardBehavior.cs:52)

(Filename: Assets/Scripts/BoardBehavior.cs Line: 52)

Right key pressed
UnityEngine.Debug:ExtractStackTraceNoAlloc (byte*,int,string)
UnityEngine.StackTraceUtility:ExtractStackTrace ()
UnityEngine.DebugLogHandler:Internal_Log (UnityEngine.LogType,UnityEngine.LogOption,string,UnityEngine.Object)
UnityEngine.DebugLogHandler:LogFormat (UnityEngine.LogType,UnityEngine.Object,string,object[])
UnityEngine.Logger:Log (UnityEngine.LogType,object)
UnityEngine.Debug:Log (object)
BoardBehavior:Update () (at Assets/Scripts/BoardBehavior.cs:73)

(Filename: Assets/Scripts/BoardBehavior.cs Line: 73)

Down key pressed
UnityEngine.Debug:ExtractStackTraceNoAlloc (byte*,int,string)
UnityEngine.StackTraceUtility:ExtractStackTrace ()
UnityEngine.DebugLogHandler:Internal_Log (UnityEngine.LogType,UnityEngine.LogOption,string,UnityEngine.Object)
UnityEngine.DebugLogHandler:LogFormat (UnityEngine.LogType,UnityEngine.Object,string,object[])
UnityEngine.Logger:Log (UnityEngine.LogType,object)
UnityEngine.Debug:Log (object)
BoardBehavior:Update () (at Assets/Scripts/BoardBehavior.cs:66)

(Filename: Assets/Scripts/BoardBehavior.cs Line: 66)

Left key pressed
UnityEngine.Debug:ExtractStackTraceNoAlloc (byte*,int,string)
UnityEngine.StackTraceUtility:ExtractStackTrace ()
UnityEngine.DebugLogHandler:Internal_Log (UnityEngine.LogType,UnityEngine.LogOption,string,UnityEngine.Object)
UnityEngine.DebugLogHandler:LogFormat (UnityEngine.LogType,UnityEngine.Object,string,object[])
UnityEngine.Logger:Log (UnityEngine.LogType,object)
UnityEngine.Debug:Log (object)
BoardBehavior:Update () (at Assets/Scripts/BoardBehavior.cs:59)

(Filename: Assets/Scripts/BoardBehavior.cs Line: 59)

Down key pressed
UnityEngine.Debug:ExtractStackTraceNoAlloc (byte*,int,string)
UnityEngine.StackTraceUtility:ExtractStackTrace ()
UnityEngine.DebugLogHandler:Internal_Log (UnityEngine.LogType,UnityEngine.LogOption,string,UnityEngine.Object)
UnityEngine.DebugLogHandler:LogFormat (UnityEngine.LogType,UnityEngine.Object,string,object[])
UnityEngine.Logger:Log (UnityEngine.LogType,object)
UnityEngine.Debug:Log (object)
BoardBehavior:Update () (at Assets/Scripts/BoardBehavior.cs:66)

(Filename: Assets/Scripts/BoardBehavior.cs Line: 66)

Right key pressed
UnityEngine.Debug:ExtractStackTraceNoAlloc (byte*,int,string)
UnityEngine.StackTraceUtility:ExtractStackTrace ()
UnityEngine.DebugLogHandler:Internal_Log (UnityEngine.LogType,UnityEngine.LogOption,string,UnityEngine.Object)
UnityEngine.DebugLogHandler:LogFormat (UnityEngine.LogType,UnityEngine.Object,string,object[])
UnityEngine.Logger:Log (UnityEngine.LogType,object)
UnityEngine.Debug:Log (object)
BoardBehavior:Update () (at Assets/Scripts/BoardBehavior.cs:73)

(Filename: Assets/Scripts/BoardBehavior.cs Line: 73)

Up key pressed
UnityEngine.Debug:ExtractStackTraceNoAlloc (byte*,int,string)
UnityEngine.StackTraceUtility:ExtractStackTrace ()
UnityEngine.DebugLogHandler:Internal_Log (UnityEngine.LogType,UnityEngine.LogOption,string,UnityEngine.Object)
UnityEngine.DebugLogHandler:LogFormat (UnityEngine.LogType,UnityEngine.Object,string,object[])
UnityEngine.Logger:Log (UnityEngine.LogType,object)
UnityEngine.Debug:Log (object)
BoardBehavior:Update () (at Assets/Scripts/BoardBehavior.cs:52)

(Filename: Assets/Scripts/BoardBehavior.cs Line: 52)

Left key pressed
UnityEngine.Debug:ExtractStackTraceNoAlloc (byte*,int,string)
UnityEngine.StackTraceUtility:ExtractStackTrace ()
UnityEngine.DebugLogHandler:Internal_Log (UnityEngine.LogType,UnityEngine.LogOption,string,UnityEngine.Object)
UnityEngine.DebugLogHandler:LogFormat (UnityEngine.LogType,UnityEngine.Object,string,object[])
UnityEngine.Logger:Log (UnityEngine.LogType,object)
UnityEngine.Debug:Log (object)
BoardBehavior:Update () (at Assets/Scripts/BoardBehavior.cs:59)

(Filename: Assets/Scripts/BoardBehavior.cs Line: 59)

Down key pressed
UnityEngine.Debug:ExtractStackTraceNoAlloc (byte*,int,string)
UnityEngine.StackTraceUtility:ExtractStackTrace ()
UnityEngine.DebugLogHandler:Internal_Log (UnityEngine.LogType,UnityEngine.LogOption,string,UnityEngine.Object)
UnityEngine.DebugLogHandler:LogFormat (UnityEngine.LogType,UnityEngine.Object,string,object[])
UnityEngine.Logger:Log (UnityEngine.LogType,object)
UnityEngine.Debug:Log (object)
BoardBehavior:Update () (at Assets/Scripts/BoardBehavior.cs:66)

(Filename: Assets/Scripts/BoardBehavior.cs Line: 66)

Up key pressed
UnityEngine.Debug:ExtractStackTraceNoAlloc (byte*,int,string)
UnityEngine.StackTraceUtility:ExtractStackTrace ()
UnityEngine.DebugLogHandler:Internal_Log (UnityEngine.LogType,UnityEngine.LogOption,string,UnityEngine.Object)
UnityEngine.DebugLogHandler:LogFormat (UnityEngine.LogType,UnityEngine.Object,string,object[])
UnityEngine.Logger:Log (UnityEngine.LogType,object)
UnityEngine.Debug:Log (object)
BoardBehavior:Update () (at Assets/Scripts/BoardBehavior.cs:52)

(Filename: Assets/Scripts/BoardBehavior.cs Line: 52)

Left key pressed
UnityEngine.Debug:ExtractStackTraceNoAlloc (byte*,int,string)
UnityEngine.StackTraceUtility:ExtractStackTrace ()
UnityEngine.DebugLogHandler:Internal_Log (UnityEngine.LogType,UnityEngine.LogOption,string,UnityEngine.Object)
UnityEngine.DebugLogHandler:LogFormat (UnityEngine.LogType,UnityEngine.Object,string,object[])
UnityEngine.Logger:Log (UnityEngine.LogType,object)
UnityEngine.Debug:Log (object)
BoardBehavior:Update () (at Assets/Scripts/BoardBehavior.cs:59)

(Filename: Assets/Scripts/BoardBehavior.cs Line: 59)

Down key pressed
UnityEngine.Debug:ExtractStackTraceNoAlloc (byte*,int,string)
UnityEngine.StackTraceUtility:ExtractStackTrace ()
UnityEngine.DebugLogHandler:Internal_Log (UnityEngine.LogType,UnityEngine.LogOption,string,UnityEngine.Object)
UnityEngine.DebugLogHandler:LogFormat (UnityEngine.LogType,UnityEngine.Object,string,object[])
UnityEngine.Logger:Log (UnityEngine.LogType,object)
UnityEngine.Debug:Log (object)
BoardBehavior:Update () (at Assets/Scripts/BoardBehavior.cs:66)

(Filename: Assets/Scripts/BoardBehavior.cs Line: 66)

Right key pressed
UnityEngine.Debug:ExtractStackTraceNoAlloc (byte*,int,string)
UnityEngine.StackTraceUtility:ExtractStackTrace ()
UnityEngine.DebugLogHandler:Internal_Log (UnityEngine.LogType,UnityEngine.LogOption,string,UnityEngine.Object)
UnityEngine.DebugLogHandler:LogFormat (UnityEngine.LogType,UnityEngine.Object,string,object[])
UnityEngine.Logger:Log (UnityEngine.LogType,object)
UnityEngine.Debug:Log (object)
BoardBehavior:Update () (at Assets/Scripts/BoardBehavior.cs:73)

(Filename: Assets/Scripts/BoardBehavior.cs Line: 73)

Up key pressed
UnityEngine.Debug:ExtractStackTraceNoAlloc (byte*,int,string)
UnityEngine.StackTraceUtility:ExtractStackTrace ()
UnityEngine.DebugLogHandler:Internal_Log (UnityEngine.LogType,UnityEngine.LogOption,string,UnityEngine.Object)
UnityEngine.DebugLogHandler:LogFormat (UnityEngine.LogType,UnityEngine.Object,string,object[])
UnityEngine.Logger:Log (UnityEngine.LogType,object)
UnityEngine.Debug:Log (object)
BoardBehavior:Update () (at Assets/Scripts/BoardBehavior.cs:52)

(Filename: Assets/Scripts/BoardBehavior.cs Line: 52)

Left key pressed
UnityEngine.Debug:ExtractStackTraceNoAlloc (byte*,int,string)
UnityEngine.StackTraceUtility:ExtractStackTrace ()
UnityEngine.DebugLogHandler:Internal_Log (UnityEngine.LogType,UnityEngine.LogOption,string,UnityEngine.Object)
UnityEngine.DebugLogHandler:LogFormat (UnityEngine.LogType,UnityEngine.Object,string,object[])
UnityEngine.Logger:Log (UnityEngine.LogType,object)
UnityEngine.Debug:Log (object)
BoardBehavior:Update () (at Assets/Scripts/BoardBehavior.cs:59)

(Filename: Assets/Scripts/BoardBehavior.cs Line: 59)

Down key pressed
UnityEngine.Debug:ExtractStackTraceNoAlloc (byte*,int,string)
UnityEngine.StackTraceUtility:ExtractStackTrace ()
UnityEngine.DebugLogHandler:Internal_Log (UnityEngine.LogType,UnityEngine.LogOption,string,UnityEngine.Object)
UnityEngine.DebugLogHandler:LogFormat (UnityEngine.LogType,UnityEngine.Object,string,object[])
UnityEngine.Logger:Log (UnityEngine.LogType,object)
UnityEngine.Debug:Log (object)
BoardBehavior:Update () (at Assets/Scripts/BoardBehavior.cs:66)

(Filename: Assets/Scripts/BoardBehavior.cs Line: 66)

Right key pressed
UnityEngine.Debug:ExtractStackTraceNoAlloc (byte*,int,string)
UnityEngine.StackTraceUtility:ExtractStackTrace ()
UnityEngine.DebugLogHandler:Internal_Log (UnityEngine.LogType,UnityEngine.LogOption,string,UnityEngine.Object)
UnityEngine.DebugLogHandler:LogFormat (UnityEngine.LogType,UnityEngine.Object,string,object[])
UnityEngine.Logger:Log (UnityEngine.LogType,object)
UnityEngine.Debug:Log (object)
BoardBehavior:Update () (at Assets/Scripts/BoardBehavior.cs:73)

(Filename: Assets/Scripts/BoardBehavior.cs Line: 73)

Up key pressed
UnityEngine.Debug:ExtractStackTraceNoAlloc (byte*,int,string)
UnityEngine.StackTraceUtility:ExtractStackTrace ()
UnityEngine.DebugLogHandler:Internal_Log (UnityEngine.LogType,UnityEngine.LogOption,string,UnityEngine.Object)
UnityEngine.DebugLogHandler:LogFormat (UnityEngine.LogType,UnityEngine.Object,string,object[])
UnityEngine.Logger:Log (UnityEngine.LogType,object)
UnityEngine.Debug:Log (object)
BoardBehavior:Update () (at Assets/Scripts/BoardBehavior.cs:52)

(Filename: Assets/Scripts/BoardBehavior.cs Line: 52)

Down key pressed
UnityEngine.Debug:ExtractStackTraceNoAlloc (byte*,int,string)
UnityEngine.StackTraceUtility:ExtractStackTrace ()
UnityEngine.DebugLogHandler:Internal_Log (UnityEngine.LogType,UnityEngine.LogOption,string,UnityEngine.Object)
UnityEngine.DebugLogHandler:LogFormat (UnityEngine.LogType,UnityEngine.Object,string,object[])
UnityEngine.Logger:Log (UnityEngine.LogType,object)
UnityEngine.Debug:Log (object)
BoardBehavior:Update () (at Assets/Scripts/BoardBehavior.cs:66)

(Filename: Assets/Scripts/BoardBehavior.cs Line: 66)

Right key pressed
UnityEngine.Debug:ExtractStackTraceNoAlloc (byte*,int,string)
UnityEngine.StackTraceUtility:ExtractStackTrace ()
UnityEngine.DebugLogHandler:Internal_Log (UnityEngine.LogType,UnityEngine.LogOption,string,UnityEngine.Object)
UnityEngine.DebugLogHandler:LogFormat (UnityEngine.LogType,UnityEngine.Object,string,object[])
UnityEngine.Logger:Log (UnityEngine.LogType,object)
UnityEngine.Debug:Log (object)
BoardBehavior:Update () (at Assets/Scripts/BoardBehavior.cs:73)

(Filename: Assets/Scripts/BoardBehavior.cs Line: 73)

Up key pressed
UnityEngine.Debug:ExtractStackTraceNoAlloc (byte*,int,string)
UnityEngine.StackTraceUtility:ExtractStackTrace ()
UnityEngine.DebugLogHandler:Internal_Log (UnityEngine.LogType,UnityEngine.LogOption,string,UnityEngine.Object)
UnityEngine.DebugLogHandler:LogFormat (UnityEngine.LogType,UnityEngine.Object,string,object[])
UnityEngine.Logger:Log (UnityEngine.LogType,object)
UnityEngine.Debug:Log (object)
BoardBehavior:Update () (at Assets/Scripts/BoardBehavior.cs:52)

(Filename: Assets/Scripts/BoardBehavior.cs Line: 52)

Left key pressed
UnityEngine.Debug:ExtractStackTraceNoAlloc (byte*,int,string)
UnityEngine.StackTraceUtility:ExtractStackTrace ()
UnityEngine.DebugLogHandler:Internal_Log (UnityEngine.LogType,UnityEngine.LogOption,string,UnityEngine.Object)
UnityEngine.DebugLogHandler:LogFormat (UnityEngine.LogType,UnityEngine.Object,string,object[])
UnityEngine.Logger:Log (UnityEngine.LogType,object)
UnityEngine.Debug:Log (object)
BoardBehavior:Update () (at Assets/Scripts/BoardBehavior.cs:59)

(Filename: Assets/Scripts/BoardBehavior.cs Line: 59)

Down key pressed
UnityEngine.Debug:ExtractStackTraceNoAlloc (byte*,int,string)
UnityEngine.StackTraceUtility:ExtractStackTrace ()
UnityEngine.DebugLogHandler:Internal_Log (UnityEngine.LogType,UnityEngine.LogOption,string,UnityEngine.Object)
UnityEngine.DebugLogHandler:LogFormat (UnityEngine.LogType,UnityEngine.Object,string,object[])
UnityEngine.Logger:Log (UnityEngine.LogType,object)
UnityEngine.Debug:Log (object)
BoardBehavior:Update () (at Assets/Scripts/BoardBehavior.cs:66)

(Filename: Assets/Scripts/BoardBehavior.cs Line: 66)

Right key pressed
UnityEngine.Debug:ExtractStackTraceNoAlloc (byte*,int,string)
UnityEngine.StackTraceUtility:ExtractStackTrace ()
UnityEngine.DebugLogHandler:Internal_Log (UnityEngine.LogType,UnityEngine.LogOption,string,UnityEngine.Object)
UnityEngine.DebugLogHandler:LogFormat (UnityEngine.LogType,UnityEngine.Object,string,object[])
UnityEngine.Logger:Log (UnityEngine.LogType,object)
UnityEngine.Debug:Log (object)
BoardBehavior:Update () (at Assets/Scripts/BoardBehavior.cs:73)

(Filename: Assets/Scripts/BoardBehavior.cs Line: 73)

Up key pressed
UnityEngine.Debug:ExtractStackTraceNoAlloc (byte*,int,string)
UnityEngine.StackTraceUtility:ExtractStackTrace ()
UnityEngine.DebugLogHandler:Internal_Log (UnityEngine.LogType,UnityEngine.LogOption,string,UnityEngine.Object)
UnityEngine.DebugLogHandler:LogFormat (UnityEngine.LogType,UnityEngine.Object,string,object[])
UnityEngine.Logger:Log (UnityEngine.LogType,object)
UnityEngine.Debug:Log (object)
BoardBehavior:Update () (at Assets/Scripts/BoardBehavior.cs:52)

(Filename: Assets/Scripts/BoardBehavior.cs Line: 52)

Left key pressed
UnityEngine.Debug:ExtractStackTraceNoAlloc (byte*,int,string)
UnityEngine.StackTraceUtility:ExtractStackTrace ()
UnityEngine.DebugLogHandler:Internal_Log (UnityEngine.LogType,UnityEngine.LogOption,string,UnityEngine.Object)
UnityEngine.DebugLogHandler:LogFormat (UnityEngine.LogType,UnityEngine.Object,string,object[])
UnityEngine.Logger:Log (UnityEngine.LogType,object)
UnityEngine.Debug:Log (object)
BoardBehavior:Update () (at Assets/Scripts/BoardBehavior.cs:59)

(Filename: Assets/Scripts/BoardBehavior.cs Line: 59)

Down key pressed
UnityEngine.Debug:ExtractStackTraceNoAlloc (byte*,int,string)
UnityEngine.StackTraceUtility:ExtractStackTrace ()
UnityEngine.DebugLogHandler:Internal_Log (UnityEngine.LogType,UnityEngine.LogOption,string,UnityEngine.Object)
UnityEngine.DebugLogHandler:LogFormat (UnityEngine.LogType,UnityEngine.Object,string,object[])
UnityEngine.Logger:Log (UnityEngine.LogType,object)
UnityEngine.Debug:Log (object)
BoardBehavior:Update () (at Assets/Scripts/BoardBehavior.cs:66)

(Filename: Assets/Scripts/BoardBehavior.cs Line: 66)

Right key pressed
UnityEngine.Debug:ExtractStackTraceNoAlloc (byte*,int,string)
UnityEngine.StackTraceUtility:ExtractStackTrace ()
UnityEngine.DebugLogHandler:Internal_Log (UnityEngine.LogType,UnityEngine.LogOption,string,UnityEngine.Object)
UnityEngine.DebugLogHandler:LogFormat (UnityEngine.LogType,UnityEngine.Object,string,object[])
UnityEngine.Logger:Log (UnityEngine.LogType,object)
UnityEngine.Debug:Log (object)
BoardBehavior:Update () (at Assets/Scripts/BoardBehavior.cs:73)

(Filename: Assets/Scripts/BoardBehavior.cs Line: 73)

Up key pressed
UnityEngine.Debug:ExtractStackTraceNoAlloc (byte*,int,string)
UnityEngine.StackTraceUtility:ExtractStackTrace ()
UnityEngine.DebugLogHandler:Internal_Log (UnityEngine.LogType,UnityEngine.LogOption,string,UnityEngine.Object)
UnityEngine.DebugLogHandler:LogFormat (UnityEngine.LogType,UnityEngine.Object,string,object[])
UnityEngine.Logger:Log (UnityEngine.LogType,object)
UnityEngine.Debug:Log (object)
BoardBehavior:Update () (at Assets/Scripts/BoardBehavior.cs:52)

(Filename: Assets/Scripts/BoardBehavior.cs Line: 52)

Left key pressed
UnityEngine.Debug:ExtractStackTraceNoAlloc (byte*,int,string)
UnityEngine.StackTraceUtility:ExtractStackTrace ()
UnityEngine.DebugLogHandler:Internal_Log (UnityEngine.LogType,UnityEngine.LogOption,string,UnityEngine.Object)
UnityEngine.DebugLogHandler:LogFormat (UnityEngine.LogType,UnityEngine.Object,string,object[])
UnityEngine.Logger:Log (UnityEngine.LogType,object)
UnityEngine.Debug:Log (object)
BoardBehavior:Update () (at Assets/Scripts/BoardBehavior.cs:59)

(Filename: Assets/Scripts/BoardBehavior.cs Line: 59)

Down key pressed
UnityEngine.Debug:ExtractStackTraceNoAlloc (byte*,int,string)
UnityEngine.StackTraceUtility:ExtractStackTrace ()
UnityEngine.DebugLogHandler:Internal_Log (UnityEngine.LogType,UnityEngine.LogOption,string,UnityEngine.Object)
UnityEngine.DebugLogHandler:LogFormat (UnityEngine.LogType,UnityEngine.Object,string,object[])
UnityEngine.Logger:Log (UnityEngine.LogType,object)
UnityEngine.Debug:Log (object)
BoardBehavior:Update () (at Assets/Scripts/BoardBehavior.cs:66)

(Filename: Assets/Scripts/BoardBehavior.cs Line: 66)

Right key pressed
UnityEngine.Debug:ExtractStackTraceNoAlloc (byte*,int,string)
UnityEngine.StackTraceUtility:ExtractStackTrace ()
UnityEngine.DebugLogHandler:Internal_Log (UnityEngine.LogType,UnityEngine.LogOption,string,UnityEngine.Object)
UnityEngine.DebugLogHandler:LogFormat (UnityEngine.LogType,UnityEngine.Object,string,object[])
UnityEngine.Logger:Log (UnityEngine.LogType,object)
UnityEngine.Debug:Log (object)
BoardBehavior:Update () (at Assets/Scripts/BoardBehavior.cs:73)

(Filename: Assets/Scripts/BoardBehavior.cs Line: 73)

Up key pressed
UnityEngine.Debug:ExtractStackTraceNoAlloc (byte*,int,string)
UnityEngine.StackTraceUtility:ExtractStackTrace ()
UnityEngine.DebugLogHandler:Internal_Log (UnityEngine.LogType,UnityEngine.LogOption,string,UnityEngine.Object)
UnityEngine.DebugLogHandler:LogFormat (UnityEngine.LogType,UnityEngine.Object,string,object[])
UnityEngine.Logger:Log (UnityEngine.LogType,object)
UnityEngine.Debug:Log (object)
BoardBehavior:Update () (at Assets/Scripts/BoardBehavior.cs:52)

(Filename: Assets/Scripts/BoardBehavior.cs Line: 52)

Left key pressed
UnityEngine.Debug:ExtractStackTraceNoAlloc (byte*,int,string)
UnityEngine.StackTraceUtility:ExtractStackTrace ()
UnityEngine.DebugLogHandler:Internal_Log (UnityEngine.LogType,UnityEngine.LogOption,string,UnityEngine.Object)
UnityEngine.DebugLogHandler:LogFormat (UnityEngine.LogType,UnityEngine.Object,string,object[])
UnityEngine.Logger:Log (UnityEngine.LogType,object)
UnityEngine.Debug:Log (object)
BoardBehavior:Update () (at Assets/Scripts/BoardBehavior.cs:59)

(Filename: Assets/Scripts/BoardBehavior.cs Line: 59)

Down key pressed
UnityEngine.Debug:ExtractStackTraceNoAlloc (byte*,int,string)
UnityEngine.StackTraceUtility:ExtractStackTrace ()
UnityEngine.DebugLogHandler:Internal_Log (UnityEngine.LogType,UnityEngine.LogOption,string,UnityEngine.Object)
UnityEngine.DebugLogHandler:LogFormat (UnityEngine.LogType,UnityEngine.Object,string,object[])
UnityEngine.Logger:Log (UnityEngine.LogType,object)
UnityEngine.Debug:Log (object)
BoardBehavior:Update () (at Assets/Scripts/BoardBehavior.cs:66)

(Filename: Assets/Scripts/BoardBehavior.cs Line: 66)

Right key pressed
UnityEngine.Debug:ExtractStackTraceNoAlloc (byte*,int,string)
UnityEngine.StackTraceUtility:ExtractStackTrace ()
UnityEngine.DebugLogHandler:Internal_Log (UnityEngine.LogType,UnityEngine.LogOption,string,UnityEngine.Object)
UnityEngine.DebugLogHandler:LogFormat (UnityEngine.LogType,UnityEngine.Object,string,object[])
UnityEngine.Logger:Log (UnityEngine.LogType,object)
UnityEngine.Debug:Log (object)
BoardBehavior:Update () (at Assets/Scripts/BoardBehavior.cs:73)

(Filename: Assets/Scripts/BoardBehavior.cs Line: 73)

Up key pressed
UnityEngine.Debug:ExtractStackTraceNoAlloc (byte*,int,string)
UnityEngine.StackTraceUtility:ExtractStackTrace ()
UnityEngine.DebugLogHandler:Internal_Log (UnityEngine.LogType,UnityEngine.LogOption,string,UnityEngine.Object)
UnityEngine.DebugLogHandler:LogFormat (UnityEngine.LogType,UnityEngine.Object,string,object[])
UnityEngine.Logger:Log (UnityEngine.LogType,object)
UnityEngine.Debug:Log (object)
BoardBehavior:Update () (at Assets/Scripts/BoardBehavior.cs:52)

(Filename: Assets/Scripts/BoardBehavior.cs Line: 52)

Down key pressed
UnityEngine.Debug:ExtractStackTraceNoAlloc (byte*,int,string)
UnityEngine.StackTraceUtility:ExtractStackTrace ()
UnityEngine.DebugLogHandler:Internal_Log (UnityEngine.LogType,UnityEngine.LogOption,string,UnityEngine.Object)
UnityEngine.DebugLogHandler:LogFormat (UnityEngine.LogType,UnityEngine.Object,string,object[])
UnityEngine.Logger:Log (UnityEngine.LogType,object)
UnityEngine.Debug:Log (object)
BoardBehavior:Update () (at Assets/Scripts/BoardBehavior.cs:66)

(Filename: Assets/Scripts/BoardBehavior.cs Line: 66)

Right key pressed
UnityEngine.Debug:ExtractStackTraceNoAlloc (byte*,int,string)
UnityEngine.StackTraceUtility:ExtractStackTrace ()
UnityEngine.DebugLogHandler:Internal_Log (UnityEngine.LogType,UnityEngine.LogOption,string,UnityEngine.Object)
UnityEngine.DebugLogHandler:LogFormat (UnityEngine.LogType,UnityEngine.Object,string,object[])
UnityEngine.Logger:Log (UnityEngine.LogType,object)
UnityEngine.Debug:Log (object)
BoardBehavior:Update () (at Assets/Scripts/BoardBehavior.cs:73)

(Filename: Assets/Scripts/BoardBehavior.cs Line: 73)

Up key pressed
UnityEngine.Debug:ExtractStackTraceNoAlloc (byte*,int,string)
UnityEngine.StackTraceUtility:ExtractStackTrace ()
UnityEngine.DebugLogHandler:Internal_Log (UnityEngine.LogType,UnityEngine.LogOption,string,UnityEngine.Object)
UnityEngine.DebugLogHandler:LogFormat (UnityEngine.LogType,UnityEngine.Object,string,object[])
UnityEngine.Logger:Log (UnityEngine.LogType,object)
UnityEngine.Debug:Log (object)
BoardBehavior:Update () (at Assets/Scripts/BoardBehavior.cs:52)

(Filename: Assets/Scripts/BoardBehavior.cs Line: 52)

Unloading 8 Unused Serialized files (Serialized files now loaded: 0)
Loaded scene 'Temp/__Backupscenes/0.backup'
	Deserialize:            3.030 ms
	Integration:            217.654 ms
	Integration of assets:  0.002 ms
	Thread Wait Time:       0.006 ms
	Total Operation Time:   220.693 ms
Unloading 1 unused Assets / (237.6 KB). Loaded Objects now: 9403.
Memory consumption went from 0.62 GB to 0.62 GB.
Total: 24.867000 ms (FindLiveObjects: 0.560600 ms CreateObjectMapping: 0.337700 ms MarkObjects: 23.939700 ms  DeleteObjects: 0.028000 ms)

Starting new worker id: 1 with log in C:/Users/victo/Desktop/Code/POO/Cursus/2-Copy_code/03_Unity_Solos/02_2048_Reloaded/Logs/AssetImportWorkerHW1.log
[Worker0] Imported GUID: 44c416fde68735d4a89872ecfe46b239 - Path: Assets/Prefabs/Tile.prefab - Importer: ScriptedImporter/UnityEditor.QuickSearchModule:UnityEditor.Search:ASIAI0B -> (ImportResultId: '9023f5ac296310a7d6854ca678178d37') in 0.1784369 seconds
Starting new worker id: 2 with log in C:/Users/victo/Desktop/Code/POO/Cursus/2-Copy_code/03_Unity_Solos/02_2048_Reloaded/Logs/AssetImportWorkerHW2.log
[Worker0] Imported GUID: 1d69f91debda51c46a4b2b94c86c67b7 - Path: Assets/Scenes/GamingScene.unity - Importer: ScriptedImporter/UnityEditor.QuickSearchModule:UnityEditor.Search:ASIAI0B -> (ImportResultId: '48e84fb7835eea325d174135be063e15') in 0.0225892 seconds
[Worker0] Imported GUID: 174f6bfacb32f1b4cbbf40eaebecc82e - Path: Assets/Scripts/TileBehavior.cs - Importer: ScriptedImporter/UnityEditor.QuickSearchModule:UnityEditor.Search:ASIAI0B -> (ImportResultId: '4b95ec2aa7c38081e9722d4756d6e5e1') in 0.0166466 seconds
[Worker0] Imported GUID: 6cbfb9442c1ad2442bc08a9d77f506d8 - Path: Assets/Prefabs/TileStates/2.asset - Importer: ScriptedImporter/UnityEditor.QuickSearchModule:UnityEditor.Search:ASIAI0B -> (ImportResultId: 'e3511c5c5a963e70ed917c33f6862bf0') in 0.026197 seconds
[Worker0] Imported GUID: e772b3f1b00beb54a82708d35c456786 - Path: Assets/Prefabs/TileStates/4.asset - Importer: ScriptedImporter/UnityEditor.QuickSearchModule:UnityEditor.Search:ASIAI0B -> (ImportResultId: '80478fa6efe3be7f0b7cd73a776da162') in 0.0179792 seconds
[Worker0] Imported GUID: 65276211cdf2f374a9addef56e84cba4 - Path: Assets/Scripts/BoardBehavior.cs - Importer: ScriptedImporter/UnityEditor.QuickSearchModule:UnityEditor.Search:ASIAI0B -> (ImportResultId: 'fe6c5036767f93e28a199a12ed6f8f99') in 0.0146532 seconds
[Worker0] Imported GUID: 95a4fa289dc292947a30022219e9224d - Path: Assets/Fonts/ClearSans-Thin SDF.asset - Importer: ScriptedImporter/UnityEditor.QuickSearchModule:UnityEditor.Search:ASIAI0B -> (ImportResultId: '73adb579320dae9c25bbb3b8e4b862f0') in 0.0761128 seconds
Worker ready: AssetImportWorkerHW1 1
Worker ready: AssetImportWorkerHW2 2
TrimDiskCacheJob: Current cache size 0mb
Importing 'GUID: 1d69f91debda51c46a4b2b94c86c67b7 - Path: Assets/Scenes/GamingScene.unity' with importer (DefaultImporter)
Imported 'GUID: 1d69f91debda51c46a4b2b94c86c67b7' -> (Import Result ID: '6b666f3cd3a196775d6ded3474b62b36') in 0.015 seconds [static dependencies only]. Details - ImportResultOutputID=d86f5d3908ef94fbf6a4a1cf70cb343e DependenciesID=284ef54b29bb8f129cd909878af02805 StaticDependenciesID=927dfa4a512d53ef23aedbd193b8e743 
Importing 'GUID: 95a4fa289dc292947a30022219e9224d - Path: Assets/Fonts/ClearSans-Thin SDF.asset' with importer (NativeFormatImporter)
Imported 'GUID: 95a4fa289dc292947a30022219e9224d' -> (Import Result ID: '98be2b3936b5cd2944f68d28a58bc414') in 0.008 seconds [static dependencies only]. Details - ImportResultOutputID=aebd3ae527cd2b0adf8d92f79285836b DependenciesID=51081a932d533e66f590e467e43b09dc StaticDependenciesID=a1f567bc96bd6ee1115627f94ead12d4 
Importing 'GUID: e772b3f1b00beb54a82708d35c456786 - Path: Assets/Prefabs/TileStates/4.asset' with importer (NativeFormatImporter)
Imported 'GUID: e772b3f1b00beb54a82708d35c456786' -> (Import Result ID: '28df4e7766be17ff8c2fc76cc1a53f34') in 0.001 seconds [static dependencies only]. Details - ImportResultOutputID=57c095e7ef3c819b525df286b4d6ed47 DependenciesID=e2a4053466d91b517defff167cb1b659 StaticDependenciesID=8ccbab37aea4fc7723226db36f0060de 
Importing 'GUID: 6cbfb9442c1ad2442bc08a9d77f506d8 - Path: Assets/Prefabs/TileStates/2.asset' with importer (NativeFormatImporter)
Imported 'GUID: 6cbfb9442c1ad2442bc08a9d77f506d8' -> (Import Result ID: 'fa5d78eb3b13625e0323b219348b0526') in 0.001 seconds [static dependencies only]. Details - ImportResultOutputID=4adbaa5d753734a27b8e96f5ebfe68d3 DependenciesID=14973426fa63bb476c9ecb620c0212ae StaticDependenciesID=39a9b83981fa4f4b104e2681a86d6edb 
Importing 'GUID: 44c416fde68735d4a89872ecfe46b239 - Path: Assets/Prefabs/Tile.prefab' with importer (PrefabImporter)
Imported 'GUID: 44c416fde68735d4a89872ecfe46b239' -> (Import Result ID: '7b2447a119c62d4809f9291e9610c0ac') in 0.009 seconds [static and dynamic dependencies]. Details - ImportResultOutputID=44ebafe37e5a031caf37c440fe7adb97 DependenciesID=76e500a0d41db2baea3d9d123d3bdf5c StaticDependenciesID=0704e447a4e1391f2e74792e8a0226e3 
Refreshing native plugins compatible for Editor in 3.47 ms, found 5 plugins.
Asset Pipeline Refresh (id=11c68511930d95444a24740efb007ec3): Total: 0.261 seconds - Initiated by RefreshV2(AllowForceSynchronousImport)
Opening scene 'Assets/Scenes/GamingScene.unity'
Unloading 2 Unused Serialized files (Serialized files now loaded: 0)
Loaded scene 'Assets/Scenes/GamingScene.unity'
	Deserialize:            2.161 ms
	Integration:            225.680 ms
	Integration of assets:  0.001 ms
	Thread Wait Time:       0.010 ms
	Total Operation Time:   227.852 ms
Unloading 16 unused Assets / (8.9 MB). Loaded Objects now: 9464.
Memory consumption went from 0.64 GB to 0.63 GB.
Total: 23.985900 ms (FindLiveObjects: 0.559700 ms CreateObjectMapping: 0.311300 ms MarkObjects: 23.046600 ms  DeleteObjects: 0.067500 ms)

Starting new worker id: 3 with log in C:/Users/victo/Desktop/Code/POO/Cursus/2-Copy_code/03_Unity_Solos/02_2048_Reloaded/Logs/AssetImportWorkerHW3.log
[Worker1] Imported GUID: 1d69f91debda51c46a4b2b94c86c67b7 - Path: Assets/Scenes/GamingScene.unity - Importer: ScriptedImporter/UnityEditor.QuickSearchModule:UnityEditor.Search:ASIAI0B -> (ImportResultId: '2b1759bbfaac330af7747eb6092738d0') in 0.0852875 seconds
[Worker1] Imported GUID: 6cbfb9442c1ad2442bc08a9d77f506d8 - Path: Assets/Prefabs/TileStates/2.asset - Importer: ScriptedImporter/UnityEditor.QuickSearchModule:UnityEditor.Search:ASIAI0B -> (ImportResultId: 'b55bbe21791902b40ecb77c288f6790c') in 0.0461943 seconds
[Worker1] Imported GUID: e772b3f1b00beb54a82708d35c456786 - Path: Assets/Prefabs/TileStates/4.asset - Importer: ScriptedImporter/UnityEditor.QuickSearchModule:UnityEditor.Search:ASIAI0B -> (ImportResultId: 'ea3af43b3fa4e81f760d96d02f63b0e4') in 0.0197118 seconds
[Worker2] Imported GUID: 44c416fde68735d4a89872ecfe46b239 - Path: Assets/Prefabs/Tile.prefab - Importer: ScriptedImporter/UnityEditor.QuickSearchModule:UnityEditor.Search:ASIAI0B -> (ImportResultId: 'd4c93d183e0a6e5a26f2d96e1a450e3f') in 0.1809048 seconds
[Worker1] Imported GUID: 95a4fa289dc292947a30022219e9224d - Path: Assets/Fonts/ClearSans-Thin SDF.asset - Importer: ScriptedImporter/UnityEditor.QuickSearchModule:UnityEditor.Search:ASIAI0B -> (ImportResultId: 'd84ede642ac802214538cecbe0c55c2f') in 0.0736448 seconds
Worker ready: AssetImportWorkerHW3 3
SpriteAtlasPacking completed in 0.005568 sec
Entering Playmode with Reload Domain disabled.
If you experience any issues, please disable "Enter Play Mode Options" in Editor Settings
Loaded scene 'Temp/__Backupscenes/0.backup'
	Deserialize:            1.544 ms
	Integration:            223.615 ms
	Integration of assets:  0.024 ms
	Thread Wait Time:       0.008 ms
	Total Operation Time:   225.192 ms
Let's try GetRandomEmptyCell
UnityEngine.Debug:ExtractStackTraceNoAlloc (byte*,int,string)
UnityEngine.StackTraceUtility:ExtractStackTrace ()
UnityEngine.DebugLogHandler:Internal_Log (UnityEngine.LogType,UnityEngine.LogOption,string,UnityEngine.Object)
UnityEngine.DebugLogHandler:LogFormat (UnityEngine.LogType,UnityEngine.Object,string,object[])
UnityEngine.Logger:Log (UnityEngine.LogType,object)
UnityEngine.Debug:Log (object)
GridBehavior:GetRandomEmptyCell () (at Assets/Scripts/GridBehavior.cs:41)
BoardBehavior:CreateTile () (at Assets/Scripts/BoardBehavior.cs:172)
BoardBehavior:Start () (at Assets/Scripts/BoardBehavior.cs:38)

(Filename: Assets/Scripts/GridBehavior.cs Line: 41)

Let's try GetRandomEmptyCell
UnityEngine.Debug:ExtractStackTraceNoAlloc (byte*,int,string)
UnityEngine.StackTraceUtility:ExtractStackTrace ()
UnityEngine.DebugLogHandler:Internal_Log (UnityEngine.LogType,UnityEngine.LogOption,string,UnityEngine.Object)
UnityEngine.DebugLogHandler:LogFormat (UnityEngine.LogType,UnityEngine.Object,string,object[])
UnityEngine.Logger:Log (UnityEngine.LogType,object)
UnityEngine.Debug:Log (object)
GridBehavior:GetRandomEmptyCell () (at Assets/Scripts/GridBehavior.cs:41)
BoardBehavior:CreateTile () (at Assets/Scripts/BoardBehavior.cs:172)
BoardBehavior:Start () (at Assets/Scripts/BoardBehavior.cs:39)

(Filename: Assets/Scripts/GridBehavior.cs Line: 41)

Left key pressed
UnityEngine.Debug:ExtractStackTraceNoAlloc (byte*,int,string)
UnityEngine.StackTraceUtility:ExtractStackTrace ()
UnityEngine.DebugLogHandler:Internal_Log (UnityEngine.LogType,UnityEngine.LogOption,string,UnityEngine.Object)
UnityEngine.DebugLogHandler:LogFormat (UnityEngine.LogType,UnityEngine.Object,string,object[])
UnityEngine.Logger:Log (UnityEngine.LogType,object)
UnityEngine.Debug:Log (object)
BoardBehavior:Update () (at Assets/Scripts/BoardBehavior.cs:59)

(Filename: Assets/Scripts/BoardBehavior.cs Line: 59)

Down key pressed
UnityEngine.Debug:ExtractStackTraceNoAlloc (byte*,int,string)
UnityEngine.StackTraceUtility:ExtractStackTrace ()
UnityEngine.DebugLogHandler:Internal_Log (UnityEngine.LogType,UnityEngine.LogOption,string,UnityEngine.Object)
UnityEngine.DebugLogHandler:LogFormat (UnityEngine.LogType,UnityEngine.Object,string,object[])
UnityEngine.Logger:Log (UnityEngine.LogType,object)
UnityEngine.Debug:Log (object)
BoardBehavior:Update () (at Assets/Scripts/BoardBehavior.cs:66)

(Filename: Assets/Scripts/BoardBehavior.cs Line: 66)

Right key pressed
UnityEngine.Debug:ExtractStackTraceNoAlloc (byte*,int,string)
UnityEngine.StackTraceUtility:ExtractStackTrace ()
UnityEngine.DebugLogHandler:Internal_Log (UnityEngine.LogType,UnityEngine.LogOption,string,UnityEngine.Object)
UnityEngine.DebugLogHandler:LogFormat (UnityEngine.LogType,UnityEngine.Object,string,object[])
UnityEngine.Logger:Log (UnityEngine.LogType,object)
UnityEngine.Debug:Log (object)
BoardBehavior:Update () (at Assets/Scripts/BoardBehavior.cs:73)

(Filename: Assets/Scripts/BoardBehavior.cs Line: 73)

Up key pressed
UnityEngine.Debug:ExtractStackTraceNoAlloc (byte*,int,string)
UnityEngine.StackTraceUtility:ExtractStackTrace ()
UnityEngine.DebugLogHandler:Internal_Log (UnityEngine.LogType,UnityEngine.LogOption,string,UnityEngine.Object)
UnityEngine.DebugLogHandler:LogFormat (UnityEngine.LogType,UnityEngine.Object,string,object[])
UnityEngine.Logger:Log (UnityEngine.LogType,object)
UnityEngine.Debug:Log (object)
BoardBehavior:Update () (at Assets/Scripts/BoardBehavior.cs:52)

(Filename: Assets/Scripts/BoardBehavior.cs Line: 52)

Down key pressed
UnityEngine.Debug:ExtractStackTraceNoAlloc (byte*,int,string)
UnityEngine.StackTraceUtility:ExtractStackTrace ()
UnityEngine.DebugLogHandler:Internal_Log (UnityEngine.LogType,UnityEngine.LogOption,string,UnityEngine.Object)
UnityEngine.DebugLogHandler:LogFormat (UnityEngine.LogType,UnityEngine.Object,string,object[])
UnityEngine.Logger:Log (UnityEngine.LogType,object)
UnityEngine.Debug:Log (object)
BoardBehavior:Update () (at Assets/Scripts/BoardBehavior.cs:66)

(Filename: Assets/Scripts/BoardBehavior.cs Line: 66)

Left key pressed
UnityEngine.Debug:ExtractStackTraceNoAlloc (byte*,int,string)
UnityEngine.StackTraceUtility:ExtractStackTrace ()
UnityEngine.DebugLogHandler:Internal_Log (UnityEngine.LogType,UnityEngine.LogOption,string,UnityEngine.Object)
UnityEngine.DebugLogHandler:LogFormat (UnityEngine.LogType,UnityEngine.Object,string,object[])
UnityEngine.Logger:Log (UnityEngine.LogType,object)
UnityEngine.Debug:Log (object)
BoardBehavior:Update () (at Assets/Scripts/BoardBehavior.cs:59)

(Filename: Assets/Scripts/BoardBehavior.cs Line: 59)

Down key pressed
UnityEngine.Debug:ExtractStackTraceNoAlloc (byte*,int,string)
UnityEngine.StackTraceUtility:ExtractStackTrace ()
UnityEngine.DebugLogHandler:Internal_Log (UnityEngine.LogType,UnityEngine.LogOption,string,UnityEngine.Object)
UnityEngine.DebugLogHandler:LogFormat (UnityEngine.LogType,UnityEngine.Object,string,object[])
UnityEngine.Logger:Log (UnityEngine.LogType,object)
UnityEngine.Debug:Log (object)
BoardBehavior:Update () (at Assets/Scripts/BoardBehavior.cs:66)

(Filename: Assets/Scripts/BoardBehavior.cs Line: 66)

Left key pressed
UnityEngine.Debug:ExtractStackTraceNoAlloc (byte*,int,string)
UnityEngine.StackTraceUtility:ExtractStackTrace ()
UnityEngine.DebugLogHandler:Internal_Log (UnityEngine.LogType,UnityEngine.LogOption,string,UnityEngine.Object)
UnityEngine.DebugLogHandler:LogFormat (UnityEngine.LogType,UnityEngine.Object,string,object[])
UnityEngine.Logger:Log (UnityEngine.LogType,object)
UnityEngine.Debug:Log (object)
BoardBehavior:Update () (at Assets/Scripts/BoardBehavior.cs:59)

(Filename: Assets/Scripts/BoardBehavior.cs Line: 59)

Up key pressed
UnityEngine.Debug:ExtractStackTraceNoAlloc (byte*,int,string)
UnityEngine.StackTraceUtility:ExtractStackTrace ()
UnityEngine.DebugLogHandler:Internal_Log (UnityEngine.LogType,UnityEngine.LogOption,string,UnityEngine.Object)
UnityEngine.DebugLogHandler:LogFormat (UnityEngine.LogType,UnityEngine.Object,string,object[])
UnityEngine.Logger:Log (UnityEngine.LogType,object)
UnityEngine.Debug:Log (object)
BoardBehavior:Update () (at Assets/Scripts/BoardBehavior.cs:52)

(Filename: Assets/Scripts/BoardBehavior.cs Line: 52)

Right key pressed
UnityEngine.Debug:ExtractStackTraceNoAlloc (byte*,int,string)
UnityEngine.StackTraceUtility:ExtractStackTrace ()
UnityEngine.DebugLogHandler:Internal_Log (UnityEngine.LogType,UnityEngine.LogOption,string,UnityEngine.Object)
UnityEngine.DebugLogHandler:LogFormat (UnityEngine.LogType,UnityEngine.Object,string,object[])
UnityEngine.Logger:Log (UnityEngine.LogType,object)
UnityEngine.Debug:Log (object)
BoardBehavior:Update () (at Assets/Scripts/BoardBehavior.cs:73)

(Filename: Assets/Scripts/BoardBehavior.cs Line: 73)

Up key pressed
UnityEngine.Debug:ExtractStackTraceNoAlloc (byte*,int,string)
UnityEngine.StackTraceUtility:ExtractStackTrace ()
UnityEngine.DebugLogHandler:Internal_Log (UnityEngine.LogType,UnityEngine.LogOption,string,UnityEngine.Object)
UnityEngine.DebugLogHandler:LogFormat (UnityEngine.LogType,UnityEngine.Object,string,object[])
UnityEngine.Logger:Log (UnityEngine.LogType,object)
UnityEngine.Debug:Log (object)
BoardBehavior:Update () (at Assets/Scripts/BoardBehavior.cs:52)

(Filename: Assets/Scripts/BoardBehavior.cs Line: 52)

Down key pressed
UnityEngine.Debug:ExtractStackTraceNoAlloc (byte*,int,string)
UnityEngine.StackTraceUtility:ExtractStackTrace ()
UnityEngine.DebugLogHandler:Internal_Log (UnityEngine.LogType,UnityEngine.LogOption,string,UnityEngine.Object)
UnityEngine.DebugLogHandler:LogFormat (UnityEngine.LogType,UnityEngine.Object,string,object[])
UnityEngine.Logger:Log (UnityEngine.LogType,object)
UnityEngine.Debug:Log (object)
BoardBehavior:Update () (at Assets/Scripts/BoardBehavior.cs:66)

(Filename: Assets/Scripts/BoardBehavior.cs Line: 66)

Left key pressed
UnityEngine.Debug:ExtractStackTraceNoAlloc (byte*,int,string)
UnityEngine.StackTraceUtility:ExtractStackTrace ()
UnityEngine.DebugLogHandler:Internal_Log (UnityEngine.LogType,UnityEngine.LogOption,string,UnityEngine.Object)
UnityEngine.DebugLogHandler:LogFormat (UnityEngine.LogType,UnityEngine.Object,string,object[])
UnityEngine.Logger:Log (UnityEngine.LogType,object)
UnityEngine.Debug:Log (object)
BoardBehavior:Update () (at Assets/Scripts/BoardBehavior.cs:59)

(Filename: Assets/Scripts/BoardBehavior.cs Line: 59)

Up key pressed
UnityEngine.Debug:ExtractStackTraceNoAlloc (byte*,int,string)
UnityEngine.StackTraceUtility:ExtractStackTrace ()
UnityEngine.DebugLogHandler:Internal_Log (UnityEngine.LogType,UnityEngine.LogOption,string,UnityEngine.Object)
UnityEngine.DebugLogHandler:LogFormat (UnityEngine.LogType,UnityEngine.Object,string,object[])
UnityEngine.Logger:Log (UnityEngine.LogType,object)
UnityEngine.Debug:Log (object)
BoardBehavior:Update () (at Assets/Scripts/BoardBehavior.cs:52)

(Filename: Assets/Scripts/BoardBehavior.cs Line: 52)

Right key pressed
UnityEngine.Debug:ExtractStackTraceNoAlloc (byte*,int,string)
UnityEngine.StackTraceUtility:ExtractStackTrace ()
UnityEngine.DebugLogHandler:Internal_Log (UnityEngine.LogType,UnityEngine.LogOption,string,UnityEngine.Object)
UnityEngine.DebugLogHandler:LogFormat (UnityEngine.LogType,UnityEngine.Object,string,object[])
UnityEngine.Logger:Log (UnityEngine.LogType,object)
UnityEngine.Debug:Log (object)
BoardBehavior:Update () (at Assets/Scripts/BoardBehavior.cs:73)

(Filename: Assets/Scripts/BoardBehavior.cs Line: 73)

Down key pressed
UnityEngine.Debug:ExtractStackTraceNoAlloc (byte*,int,string)
UnityEngine.StackTraceUtility:ExtractStackTrace ()
UnityEngine.DebugLogHandler:Internal_Log (UnityEngine.LogType,UnityEngine.LogOption,string,UnityEngine.Object)
UnityEngine.DebugLogHandler:LogFormat (UnityEngine.LogType,UnityEngine.Object,string,object[])
UnityEngine.Logger:Log (UnityEngine.LogType,object)
UnityEngine.Debug:Log (object)
BoardBehavior:Update () (at Assets/Scripts/BoardBehavior.cs:66)

(Filename: Assets/Scripts/BoardBehavior.cs Line: 66)

Left key pressed
UnityEngine.Debug:ExtractStackTraceNoAlloc (byte*,int,string)
UnityEngine.StackTraceUtility:ExtractStackTrace ()
UnityEngine.DebugLogHandler:Internal_Log (UnityEngine.LogType,UnityEngine.LogOption,string,UnityEngine.Object)
UnityEngine.DebugLogHandler:LogFormat (UnityEngine.LogType,UnityEngine.Object,string,object[])
UnityEngine.Logger:Log (UnityEngine.LogType,object)
UnityEngine.Debug:Log (object)
BoardBehavior:Update () (at Assets/Scripts/BoardBehavior.cs:59)

(Filename: Assets/Scripts/BoardBehavior.cs Line: 59)

Up key pressed
UnityEngine.Debug:ExtractStackTraceNoAlloc (byte*,int,string)
UnityEngine.StackTraceUtility:ExtractStackTrace ()
UnityEngine.DebugLogHandler:Internal_Log (UnityEngine.LogType,UnityEngine.LogOption,string,UnityEngine.Object)
UnityEngine.DebugLogHandler:LogFormat (UnityEngine.LogType,UnityEngine.Object,string,object[])
UnityEngine.Logger:Log (UnityEngine.LogType,object)
UnityEngine.Debug:Log (object)
BoardBehavior:Update () (at Assets/Scripts/BoardBehavior.cs:52)

(Filename: Assets/Scripts/BoardBehavior.cs Line: 52)

Left key pressed
UnityEngine.Debug:ExtractStackTraceNoAlloc (byte*,int,string)
UnityEngine.StackTraceUtility:ExtractStackTrace ()
UnityEngine.DebugLogHandler:Internal_Log (UnityEngine.LogType,UnityEngine.LogOption,string,UnityEngine.Object)
UnityEngine.DebugLogHandler:LogFormat (UnityEngine.LogType,UnityEngine.Object,string,object[])
UnityEngine.Logger:Log (UnityEngine.LogType,object)
UnityEngine.Debug:Log (object)
BoardBehavior:Update () (at Assets/Scripts/BoardBehavior.cs:59)

(Filename: Assets/Scripts/BoardBehavior.cs Line: 59)

Down key pressed
UnityEngine.Debug:ExtractStackTraceNoAlloc (byte*,int,string)
UnityEngine.StackTraceUtility:ExtractStackTrace ()
UnityEngine.DebugLogHandler:Internal_Log (UnityEngine.LogType,UnityEngine.LogOption,string,UnityEngine.Object)
UnityEngine.DebugLogHandler:LogFormat (UnityEngine.LogType,UnityEngine.Object,string,object[])
UnityEngine.Logger:Log (UnityEngine.LogType,object)
UnityEngine.Debug:Log (object)
BoardBehavior:Update () (at Assets/Scripts/BoardBehavior.cs:66)

(Filename: Assets/Scripts/BoardBehavior.cs Line: 66)

Left key pressed
UnityEngine.Debug:ExtractStackTraceNoAlloc (byte*,int,string)
UnityEngine.StackTraceUtility:ExtractStackTrace ()
UnityEngine.DebugLogHandler:Internal_Log (UnityEngine.LogType,UnityEngine.LogOption,string,UnityEngine.Object)
UnityEngine.DebugLogHandler:LogFormat (UnityEngine.LogType,UnityEngine.Object,string,object[])
UnityEngine.Logger:Log (UnityEngine.LogType,object)
UnityEngine.Debug:Log (object)
BoardBehavior:Update () (at Assets/Scripts/BoardBehavior.cs:59)

(Filename: Assets/Scripts/BoardBehavior.cs Line: 59)

Right key pressed
UnityEngine.Debug:ExtractStackTraceNoAlloc (byte*,int,string)
UnityEngine.StackTraceUtility:ExtractStackTrace ()
UnityEngine.DebugLogHandler:Internal_Log (UnityEngine.LogType,UnityEngine.LogOption,string,UnityEngine.Object)
UnityEngine.DebugLogHandler:LogFormat (UnityEngine.LogType,UnityEngine.Object,string,object[])
UnityEngine.Logger:Log (UnityEngine.LogType,object)
UnityEngine.Debug:Log (object)
BoardBehavior:Update () (at Assets/Scripts/BoardBehavior.cs:73)

(Filename: Assets/Scripts/BoardBehavior.cs Line: 73)

Up key pressed
UnityEngine.Debug:ExtractStackTraceNoAlloc (byte*,int,string)
UnityEngine.StackTraceUtility:ExtractStackTrace ()
UnityEngine.DebugLogHandler:Internal_Log (UnityEngine.LogType,UnityEngine.LogOption,string,UnityEngine.Object)
UnityEngine.DebugLogHandler:LogFormat (UnityEngine.LogType,UnityEngine.Object,string,object[])
UnityEngine.Logger:Log (UnityEngine.LogType,object)
UnityEngine.Debug:Log (object)
BoardBehavior:Update () (at Assets/Scripts/BoardBehavior.cs:52)

(Filename: Assets/Scripts/BoardBehavior.cs Line: 52)

Right key pressed
UnityEngine.Debug:ExtractStackTraceNoAlloc (byte*,int,string)
UnityEngine.StackTraceUtility:ExtractStackTrace ()
UnityEngine.DebugLogHandler:Internal_Log (UnityEngine.LogType,UnityEngine.LogOption,string,UnityEngine.Object)
UnityEngine.DebugLogHandler:LogFormat (UnityEngine.LogType,UnityEngine.Object,string,object[])
UnityEngine.Logger:Log (UnityEngine.LogType,object)
UnityEngine.Debug:Log (object)
BoardBehavior:Update () (at Assets/Scripts/BoardBehavior.cs:73)

(Filename: Assets/Scripts/BoardBehavior.cs Line: 73)

Left key pressed
UnityEngine.Debug:ExtractStackTraceNoAlloc (byte*,int,string)
UnityEngine.StackTraceUtility:ExtractStackTrace ()
UnityEngine.DebugLogHandler:Internal_Log (UnityEngine.LogType,UnityEngine.LogOption,string,UnityEngine.Object)
UnityEngine.DebugLogHandler:LogFormat (UnityEngine.LogType,UnityEngine.Object,string,object[])
UnityEngine.Logger:Log (UnityEngine.LogType,object)
UnityEngine.Debug:Log (object)
BoardBehavior:Update () (at Assets/Scripts/BoardBehavior.cs:59)

(Filename: Assets/Scripts/BoardBehavior.cs Line: 59)

Down key pressed
UnityEngine.Debug:ExtractStackTraceNoAlloc (byte*,int,string)
UnityEngine.StackTraceUtility:ExtractStackTrace ()
UnityEngine.DebugLogHandler:Internal_Log (UnityEngine.LogType,UnityEngine.LogOption,string,UnityEngine.Object)
UnityEngine.DebugLogHandler:LogFormat (UnityEngine.LogType,UnityEngine.Object,string,object[])
UnityEngine.Logger:Log (UnityEngine.LogType,object)
UnityEngine.Debug:Log (object)
BoardBehavior:Update () (at Assets/Scripts/BoardBehavior.cs:66)

(Filename: Assets/Scripts/BoardBehavior.cs Line: 66)

Unloading 2 Unused Serialized files (Serialized files now loaded: 0)
Loaded scene 'Temp/__Backupscenes/0.backup'
	Deserialize:            2.181 ms
	Integration:            211.677 ms
	Integration of assets:  0.001 ms
	Thread Wait Time:       0.007 ms
	Total Operation Time:   213.867 ms
Unloading 0 unused Assets / (168.6 KB). Loaded Objects now: 9412.
Memory consumption went from 0.63 GB to 0.63 GB.
Total: 23.347200 ms (FindLiveObjects: 0.548200 ms CreateObjectMapping: 0.331600 ms MarkObjects: 22.449900 ms  DeleteObjects: 0.016500 ms)

[Licensing::Client] Successfully resolved entitlement details
[Licensing::Client] Successfully resolved entitlement details
Project ID request failed, Reason: The requested URL returned error: 401 (401).
Unknown Unity Connect error (400). Please contact support at support@unity.com while processing request "https://services.unity.com/api/unity/legacy/v1/projects/87d49476-8ac2-47b9-ac92-d36bfea90eb0", HTTP error code 401
.[Licensing::Client] Successfully updated the access token
[Licensing::Module] Successfully updated access token: "uzl9jhsb"... (expires: 2026-09-11T14:37:15Z)
[Licensing::Client] Successfully resolved entitlement details
[Licensing::Client] Successfully resolved entitlement details
[Licensing::Client] Successfully resolved entitlement details
UPID Received '87d49476-8ac2-47b9-ac92-d36bfea90eb0'.
[Licensing::Client] Successfully resolved entitlement details
[Licensing::Client] Successfully resolved entitlement details
Asset Pipeline Refresh (id=61964f11c32f74642b2787f72f2ee45b): Total: 0.170 seconds - Initiated by RefreshV2(AllowForceSynchronousImport)
SpriteAtlasPacking completed in 0.016919 sec
Entering Playmode with Reload Domain disabled.
If you experience any issues, please disable "Enter Play Mode Options" in Editor Settings
Loaded scene 'Temp/__Backupscenes/0.backup'
	Deserialize:            11.305 ms
	Integration:            610.796 ms
	Integration of assets:  0.042 ms
	Thread Wait Time:       0.003 ms
	Total Operation Time:   622.146 ms
Let's try GetRandomEmptyCell
UnityEngine.Debug:ExtractStackTraceNoAlloc (byte*,int,string)
UnityEngine.StackTraceUtility:ExtractStackTrace ()
UnityEngine.DebugLogHandler:Internal_Log (UnityEngine.LogType,UnityEngine.LogOption,string,UnityEngine.Object)
UnityEngine.DebugLogHandler:LogFormat (UnityEngine.LogType,UnityEngine.Object,string,object[])
UnityEngine.Logger:Log (UnityEngine.LogType,object)
UnityEngine.Debug:Log (object)
GridBehavior:GetRandomEmptyCell () (at Assets/Scripts/GridBehavior.cs:41)
BoardBehavior:CreateTile () (at Assets/Scripts/BoardBehavior.cs:172)
BoardBehavior:Start () (at Assets/Scripts/BoardBehavior.cs:38)

(Filename: Assets/Scripts/GridBehavior.cs Line: 41)

Let's try GetRandomEmptyCell
UnityEngine.Debug:ExtractStackTraceNoAlloc (byte*,int,string)
UnityEngine.StackTraceUtility:ExtractStackTrace ()
UnityEngine.DebugLogHandler:Internal_Log (UnityEngine.LogType,UnityEngine.LogOption,string,UnityEngine.Object)
UnityEngine.DebugLogHandler:LogFormat (UnityEngine.LogType,UnityEngine.Object,string,object[])
UnityEngine.Logger:Log (UnityEngine.LogType,object)
UnityEngine.Debug:Log (object)
GridBehavior:GetRandomEmptyCell () (at Assets/Scripts/GridBehavior.cs:41)
BoardBehavior:CreateTile () (at Assets/Scripts/BoardBehavior.cs:172)
BoardBehavior:Start () (at Assets/Scripts/BoardBehavior.cs:39)

(Filename: Assets/Scripts/GridBehavior.cs Line: 41)

Left key pressed
UnityEngine.Debug:ExtractStackTraceNoAlloc (byte*,int,string)
UnityEngine.StackTraceUtility:ExtractStackTrace ()
UnityEngine.DebugLogHandler:Internal_Log (UnityEngine.LogType,UnityEngine.LogOption,string,UnityEngine.Object)
UnityEngine.DebugLogHandler:LogFormat (UnityEngine.LogType,UnityEngine.Object,string,object[])
UnityEngine.Logger:Log (UnityEngine.LogType,object)
UnityEngine.Debug:Log (object)
BoardBehavior:Update () (at Assets/Scripts/BoardBehavior.cs:59)

(Filename: Assets/Scripts/BoardBehavior.cs Line: 59)

Down key pressed
UnityEngine.Debug:ExtractStackTraceNoAlloc (byte*,int,string)
UnityEngine.StackTraceUtility:ExtractStackTrace ()
UnityEngine.DebugLogHandler:Internal_Log (UnityEngine.LogType,UnityEngine.LogOption,string,UnityEngine.Object)
UnityEngine.DebugLogHandler:LogFormat (UnityEngine.LogType,UnityEngine.Object,string,object[])
UnityEngine.Logger:Log (UnityEngine.LogType,object)
UnityEngine.Debug:Log (object)
BoardBehavior:Update () (at Assets/Scripts/BoardBehavior.cs:66)

(Filename: Assets/Scripts/BoardBehavior.cs Line: 66)

Right key pressed
UnityEngine.Debug:ExtractStackTraceNoAlloc (byte*,int,string)
UnityEngine.StackTraceUtility:ExtractStackTrace ()
UnityEngine.DebugLogHandler:Internal_Log (UnityEngine.LogType,UnityEngine.LogOption,string,UnityEngine.Object)
UnityEngine.DebugLogHandler:LogFormat (UnityEngine.LogType,UnityEngine.Object,string,object[])
UnityEngine.Logger:Log (UnityEngine.LogType,object)
UnityEngine.Debug:Log (object)
BoardBehavior:Update () (at Assets/Scripts/BoardBehavior.cs:73)

(Filename: Assets/Scripts/BoardBehavior.cs Line: 73)

Up key pressed
UnityEngine.Debug:ExtractStackTraceNoAlloc (byte*,int,string)
UnityEngine.StackTraceUtility:ExtractStackTrace ()
UnityEngine.DebugLogHandler:Internal_Log (UnityEngine.LogType,UnityEngine.LogOption,string,UnityEngine.Object)
UnityEngine.DebugLogHandler:LogFormat (UnityEngine.LogType,UnityEngine.Object,string,object[])
UnityEngine.Logger:Log (UnityEngine.LogType,object)
UnityEngine.Debug:Log (object)
BoardBehavior:Update () (at Assets/Scripts/BoardBehavior.cs:52)

(Filename: Assets/Scripts/BoardBehavior.cs Line: 52)

Left key pressed
UnityEngine.Debug:ExtractStackTraceNoAlloc (byte*,int,string)
UnityEngine.StackTraceUtility:ExtractStackTrace ()
UnityEngine.DebugLogHandler:Internal_Log (UnityEngine.LogType,UnityEngine.LogOption,string,UnityEngine.Object)
UnityEngine.DebugLogHandler:LogFormat (UnityEngine.LogType,UnityEngine.Object,string,object[])
UnityEngine.Logger:Log (UnityEngine.LogType,object)
UnityEngine.Debug:Log (object)
BoardBehavior:Update () (at Assets/Scripts/BoardBehavior.cs:59)

(Filename: Assets/Scripts/BoardBehavior.cs Line: 59)

Down key pressed
UnityEngine.Debug:ExtractStackTraceNoAlloc (byte*,int,string)
UnityEngine.StackTraceUtility:ExtractStackTrace ()
UnityEngine.DebugLogHandler:Internal_Log (UnityEngine.LogType,UnityEngine.LogOption,string,UnityEngine.Object)
UnityEngine.DebugLogHandler:LogFormat (UnityEngine.LogType,UnityEngine.Object,string,object[])
UnityEngine.Logger:Log (UnityEngine.LogType,object)
UnityEngine.Debug:Log (object)
BoardBehavior:Update () (at Assets/Scripts/BoardBehavior.cs:66)

(Filename: Assets/Scripts/BoardBehavior.cs Line: 66)

Right key pressed
UnityEngine.Debug:ExtractStackTraceNoAlloc (byte*,int,string)
UnityEngine.StackTraceUtility:ExtractStackTrace ()
UnityEngine.DebugLogHandler:Internal_Log (UnityEngine.LogType,UnityEngine.LogOption,string,UnityEngine.Object)
UnityEngine.DebugLogHandler:LogFormat (UnityEngine.LogType,UnityEngine.Object,string,object[])
UnityEngine.Logger:Log (UnityEngine.LogType,object)
UnityEngine.Debug:Log (object)
BoardBehavior:Update () (at Assets/Scripts/BoardBehavior.cs:73)

(Filename: Assets/Scripts/BoardBehavior.cs Line: 73)

Up key pressed
UnityEngine.Debug:ExtractStackTraceNoAlloc (byte*,int,string)
UnityEngine.StackTraceUtility:ExtractStackTrace ()
UnityEngine.DebugLogHandler:Internal_Log (UnityEngine.LogType,UnityEngine.LogOption,string,UnityEngine.Object)
UnityEngine.DebugLogHandler:LogFormat (UnityEngine.LogType,UnityEngine.Object,string,object[])
UnityEngine.Logger:Log (UnityEngine.LogType,object)
UnityEngine.Debug:Log (object)
BoardBehavior:Update () (at Assets/Scripts/BoardBehavior.cs:52)

(Filename: Assets/Scripts/BoardBehavior.cs Line: 52)

Left key pressed
UnityEngine.Debug:ExtractStackTraceNoAlloc (byte*,int,string)
UnityEngine.StackTraceUtility:ExtractStackTrace ()
UnityEngine.DebugLogHandler:Internal_Log (UnityEngine.LogType,UnityEngine.LogOption,string,UnityEngine.Object)
UnityEngine.DebugLogHandler:LogFormat (UnityEngine.LogType,UnityEngine.Object,string,object[])
UnityEngine.Logger:Log (UnityEngine.LogType,object)
UnityEngine.Debug:Log (object)
BoardBehavior:Update () (at Assets/Scripts/BoardBehavior.cs:59)

(Filename: Assets/Scripts/BoardBehavior.cs Line: 59)

Down key pressed
UnityEngine.Debug:ExtractStackTraceNoAlloc (byte*,int,string)
UnityEngine.StackTraceUtility:ExtractStackTrace ()
UnityEngine.DebugLogHandler:Internal_Log (UnityEngine.LogType,UnityEngine.LogOption,string,UnityEngine.Object)
UnityEngine.DebugLogHandler:LogFormat (UnityEngine.LogType,UnityEngine.Object,string,object[])
UnityEngine.Logger:Log (UnityEngine.LogType,object)
UnityEngine.Debug:Log (object)
BoardBehavior:Update () (at Assets/Scripts/BoardBehavior.cs:66)

(Filename: Assets/Scripts/BoardBehavior.cs Line: 66)

Right key pressed
UnityEngine.Debug:ExtractStackTraceNoAlloc (byte*,int,string)
UnityEngine.StackTraceUtility:ExtractStackTrace ()
UnityEngine.DebugLogHandler:Internal_Log (UnityEngine.LogType,UnityEngine.LogOption,string,UnityEngine.Object)
UnityEngine.DebugLogHandler:LogFormat (UnityEngine.LogType,UnityEngine.Object,string,object[])
UnityEngine.Logger:Log (UnityEngine.LogType,object)
UnityEngine.Debug:Log (object)
BoardBehavior:Update () (at Assets/Scripts/BoardBehavior.cs:73)

(Filename: Assets/Scripts/BoardBehavior.cs Line: 73)

Left key pressed
UnityEngine.Debug:ExtractStackTraceNoAlloc (byte*,int,string)
UnityEngine.StackTraceUtility:ExtractStackTrace ()
UnityEngine.DebugLogHandler:Internal_Log (UnityEngine.LogType,UnityEngine.LogOption,string,UnityEngine.Object)
UnityEngine.DebugLogHandler:LogFormat (UnityEngine.LogType,UnityEngine.Object,string,object[])
UnityEngine.Logger:Log (UnityEngine.LogType,object)
UnityEngine.Debug:Log (object)
BoardBehavior:Update () (at Assets/Scripts/BoardBehavior.cs:59)

(Filename: Assets/Scripts/BoardBehavior.cs Line: 59)

Right key pressed
UnityEngine.Debug:ExtractStackTraceNoAlloc (byte*,int,string)
UnityEngine.StackTraceUtility:ExtractStackTrace ()
UnityEngine.DebugLogHandler:Internal_Log (UnityEngine.LogType,UnityEngine.LogOption,string,UnityEngine.Object)
UnityEngine.DebugLogHandler:LogFormat (UnityEngine.LogType,UnityEngine.Object,string,object[])
UnityEngine.Logger:Log (UnityEngine.LogType,object)
UnityEngine.Debug:Log (object)
BoardBehavior:Update () (at Assets/Scripts/BoardBehavior.cs:73)

(Filename: Assets/Scripts/BoardBehavior.cs Line: 73)

Left key pressed
UnityEngine.Debug:ExtractStackTraceNoAlloc (byte*,int,string)
UnityEngine.StackTraceUtility:ExtractStackTrace ()
UnityEngine.DebugLogHandler:Internal_Log (UnityEngine.LogType,UnityEngine.LogOption,string,UnityEngine.Object)
UnityEngine.DebugLogHandler:LogFormat (UnityEngine.LogType,UnityEngine.Object,string,object[])
UnityEngine.Logger:Log (UnityEngine.LogType,object)
UnityEngine.Debug:Log (object)
BoardBehavior:Update () (at Assets/Scripts/BoardBehavior.cs:59)

(Filename: Assets/Scripts/BoardBehavior.cs Line: 59)

Right key pressed
UnityEngine.Debug:ExtractStackTraceNoAlloc (byte*,int,string)
UnityEngine.StackTraceUtility:ExtractStackTrace ()
UnityEngine.DebugLogHandler:Internal_Log (UnityEngine.LogType,UnityEngine.LogOption,string,UnityEngine.Object)
UnityEngine.DebugLogHandler:LogFormat (UnityEngine.LogType,UnityEngine.Object,string,object[])
UnityEngine.Logger:Log (UnityEngine.LogType,object)
UnityEngine.Debug:Log (object)
BoardBehavior:Update () (at Assets/Scripts/BoardBehavior.cs:73)

(Filename: Assets/Scripts/BoardBehavior.cs Line: 73)

Left key pressed
UnityEngine.Debug:ExtractStackTraceNoAlloc (byte*,int,string)
UnityEngine.StackTraceUtility:ExtractStackTrace ()
UnityEngine.DebugLogHandler:Internal_Log (UnityEngine.LogType,UnityEngine.LogOption,string,UnityEngine.Object)
UnityEngine.DebugLogHandler:LogFormat (UnityEngine.LogType,UnityEngine.Object,string,object[])
UnityEngine.Logger:Log (UnityEngine.LogType,object)
UnityEngine.Debug:Log (object)
BoardBehavior:Update () (at Assets/Scripts/BoardBehavior.cs:59)

(Filename: Assets/Scripts/BoardBehavior.cs Line: 59)

Right key pressed
UnityEngine.Debug:ExtractStackTraceNoAlloc (byte*,int,string)
UnityEngine.StackTraceUtility:ExtractStackTrace ()
UnityEngine.DebugLogHandler:Internal_Log (UnityEngine.LogType,UnityEngine.LogOption,string,UnityEngine.Object)
UnityEngine.DebugLogHandler:LogFormat (UnityEngine.LogType,UnityEngine.Object,string,object[])
UnityEngine.Logger:Log (UnityEngine.LogType,object)
UnityEngine.Debug:Log (object)
BoardBehavior:Update () (at Assets/Scripts/BoardBehavior.cs:73)

(Filename: Assets/Scripts/BoardBehavior.cs Line: 73)

Left key pressed
UnityEngine.Debug:ExtractStackTraceNoAlloc (byte*,int,string)
UnityEngine.StackTraceUtility:ExtractStackTrace ()
UnityEngine.DebugLogHandler:Internal_Log (UnityEngine.LogType,UnityEngine.LogOption,string,UnityEngine.Object)
UnityEngine.DebugLogHandler:LogFormat (UnityEngine.LogType,UnityEngine.Object,string,object[])
UnityEngine.Logger:Log (UnityEngine.LogType,object)
UnityEngine.Debug:Log (object)
BoardBehavior:Update () (at Assets/Scripts/BoardBehavior.cs:59)

(Filename: Assets/Scripts/BoardBehavior.cs Line: 59)

Down key pressed
UnityEngine.Debug:ExtractStackTraceNoAlloc (byte*,int,string)
UnityEngine.StackTraceUtility:ExtractStackTrace ()
UnityEngine.DebugLogHandler:Internal_Log (UnityEngine.LogType,UnityEngine.LogOption,string,UnityEngine.Object)
UnityEngine.DebugLogHandler:LogFormat (UnityEngine.LogType,UnityEngine.Object,string,object[])
UnityEngine.Logger:Log (UnityEngine.LogType,object)
UnityEngine.Debug:Log (object)
BoardBehavior:Update () (at Assets/Scripts/BoardBehavior.cs:66)

(Filename: Assets/Scripts/BoardBehavior.cs Line: 66)

Up key pressed
UnityEngine.Debug:ExtractStackTraceNoAlloc (byte*,int,string)
UnityEngine.StackTraceUtility:ExtractStackTrace ()
UnityEngine.DebugLogHandler:Internal_Log (UnityEngine.LogType,UnityEngine.LogOption,string,UnityEngine.Object)
UnityEngine.DebugLogHandler:LogFormat (UnityEngine.LogType,UnityEngine.Object,string,object[])
UnityEngine.Logger:Log (UnityEngine.LogType,object)
UnityEngine.Debug:Log (object)
BoardBehavior:Update () (at Assets/Scripts/BoardBehavior.cs:52)

(Filename: Assets/Scripts/BoardBehavior.cs Line: 52)

Down key pressed
UnityEngine.Debug:ExtractStackTraceNoAlloc (byte*,int,string)
UnityEngine.StackTraceUtility:ExtractStackTrace ()
UnityEngine.DebugLogHandler:Internal_Log (UnityEngine.LogType,UnityEngine.LogOption,string,UnityEngine.Object)
UnityEngine.DebugLogHandler:LogFormat (UnityEngine.LogType,UnityEngine.Object,string,object[])
UnityEngine.Logger:Log (UnityEngine.LogType,object)
UnityEngine.Debug:Log (object)
BoardBehavior:Update () (at Assets/Scripts/BoardBehavior.cs:66)

(Filename: Assets/Scripts/BoardBehavior.cs Line: 66)

Up key pressed
UnityEngine.Debug:ExtractStackTraceNoAlloc (byte*,int,string)
UnityEngine.StackTraceUtility:ExtractStackTrace ()
UnityEngine.DebugLogHandler:Internal_Log (UnityEngine.LogType,UnityEngine.LogOption,string,UnityEngine.Object)
UnityEngine.DebugLogHandler:LogFormat (UnityEngine.LogType,UnityEngine.Object,string,object[])
UnityEngine.Logger:Log (UnityEngine.LogType,object)
UnityEngine.Debug:Log (object)
BoardBehavior:Update () (at Assets/Scripts/BoardBehavior.cs:52)

(Filename: Assets/Scripts/BoardBehavior.cs Line: 52)

Down key pressed
UnityEngine.Debug:ExtractStackTraceNoAlloc (byte*,int,string)
UnityEngine.StackTraceUtility:ExtractStackTrace ()
UnityEngine.DebugLogHandler:Internal_Log (UnityEngine.LogType,UnityEngine.LogOption,string,UnityEngine.Object)
UnityEngine.DebugLogHandler:LogFormat (UnityEngine.LogType,UnityEngine.Object,string,object[])
UnityEngine.Logger:Log (UnityEngine.LogType,object)
UnityEngine.Debug:Log (object)
BoardBehavior:Update () (at Assets/Scripts/BoardBehavior.cs:66)

(Filename: Assets/Scripts/BoardBehavior.cs Line: 66)

Up key pressed
UnityEngine.Debug:ExtractStackTraceNoAlloc (byte*,int,string)
UnityEngine.StackTraceUtility:ExtractStackTrace ()
UnityEngine.DebugLogHandler:Internal_Log (UnityEngine.LogType,UnityEngine.LogOption,string,UnityEngine.Object)
UnityEngine.DebugLogHandler:LogFormat (UnityEngine.LogType,UnityEngine.Object,string,object[])
UnityEngine.Logger:Log (UnityEngine.LogType,object)
UnityEngine.Debug:Log (object)
BoardBehavior:Update () (at Assets/Scripts/BoardBehavior.cs:52)

(Filename: Assets/Scripts/BoardBehavior.cs Line: 52)

Down key pressed
UnityEngine.Debug:ExtractStackTraceNoAlloc (byte*,int,string)
UnityEngine.StackTraceUtility:ExtractStackTrace ()
UnityEngine.DebugLogHandler:Internal_Log (UnityEngine.LogType,UnityEngine.LogOption,string,UnityEngine.Object)
UnityEngine.DebugLogHandler:LogFormat (UnityEngine.LogType,UnityEngine.Object,string,object[])
UnityEngine.Logger:Log (UnityEngine.LogType,object)
UnityEngine.Debug:Log (object)
BoardBehavior:Update () (at Assets/Scripts/BoardBehavior.cs:66)

(Filename: Assets/Scripts/BoardBehavior.cs Line: 66)

Asset Pipeline Refresh (id=4323e4edae0d44149b215c9de36fcdb1): Total: 0.012 seconds - Initiated by RefreshV2(NoUpdateAssetOptions)
Asset Pipeline Refresh (id=265baf29841177b40b4f78ab6b8be9fe): Total: 0.005 seconds - Initiated by RefreshV2(NoUpdateAssetOptions)
Right key pressed
UnityEngine.Debug:ExtractStackTraceNoAlloc (byte*,int,string)
UnityEngine.StackTraceUtility:ExtractStackTrace ()
UnityEngine.DebugLogHandler:Internal_Log (UnityEngine.LogType,UnityEngine.LogOption,string,UnityEngine.Object)
UnityEngine.DebugLogHandler:LogFormat (UnityEngine.LogType,UnityEngine.Object,string,object[])
UnityEngine.Logger:Log (UnityEngine.LogType,object)
UnityEngine.Debug:Log (object)
BoardBehavior:Update () (at Assets/Scripts/BoardBehavior.cs:73)

(Filename: Assets/Scripts/BoardBehavior.cs Line: 73)

Right key pressed
UnityEngine.Debug:ExtractStackTraceNoAlloc (byte*,int,string)
UnityEngine.StackTraceUtility:ExtractStackTrace ()
UnityEngine.DebugLogHandler:Internal_Log (UnityEngine.LogType,UnityEngine.LogOption,string,UnityEngine.Object)
UnityEngine.DebugLogHandler:LogFormat (UnityEngine.LogType,UnityEngine.Object,string,object[])
UnityEngine.Logger:Log (UnityEngine.LogType,object)
UnityEngine.Debug:Log (object)
BoardBehavior:Update () (at Assets/Scripts/BoardBehavior.cs:73)

(Filename: Assets/Scripts/BoardBehavior.cs Line: 73)

Left key pressed
UnityEngine.Debug:ExtractStackTraceNoAlloc (byte*,int,string)
UnityEngine.StackTraceUtility:ExtractStackTrace ()
UnityEngine.DebugLogHandler:Internal_Log (UnityEngine.LogType,UnityEngine.LogOption,string,UnityEngine.Object)
UnityEngine.DebugLogHandler:LogFormat (UnityEngine.LogType,UnityEngine.Object,string,object[])
UnityEngine.Logger:Log (UnityEngine.LogType,object)
UnityEngine.Debug:Log (object)
BoardBehavior:Update () (at Assets/Scripts/BoardBehavior.cs:59)

(Filename: Assets/Scripts/BoardBehavior.cs Line: 59)

Right key pressed
UnityEngine.Debug:ExtractStackTraceNoAlloc (byte*,int,string)
UnityEngine.StackTraceUtility:ExtractStackTrace ()
UnityEngine.DebugLogHandler:Internal_Log (UnityEngine.LogType,UnityEngine.LogOption,string,UnityEngine.Object)
UnityEngine.DebugLogHandler:LogFormat (UnityEngine.LogType,UnityEngine.Object,string,object[])
UnityEngine.Logger:Log (UnityEngine.LogType,object)
UnityEngine.Debug:Log (object)
BoardBehavior:Update () (at Assets/Scripts/BoardBehavior.cs:73)

(Filename: Assets/Scripts/BoardBehavior.cs Line: 73)

Right key pressed
UnityEngine.Debug:ExtractStackTraceNoAlloc (byte*,int,string)
UnityEngine.StackTraceUtility:ExtractStackTrace ()
UnityEngine.DebugLogHandler:Internal_Log (UnityEngine.LogType,UnityEngine.LogOption,string,UnityEngine.Object)
UnityEngine.DebugLogHandler:LogFormat (UnityEngine.LogType,UnityEngine.Object,string,object[])
UnityEngine.Logger:Log (UnityEngine.LogType,object)
UnityEngine.Debug:Log (object)
BoardBehavior:Update () (at Assets/Scripts/BoardBehavior.cs:73)

(Filename: Assets/Scripts/BoardBehavior.cs Line: 73)

Left key pressed
UnityEngine.Debug:ExtractStackTraceNoAlloc (byte*,int,string)
UnityEngine.StackTraceUtility:ExtractStackTrace ()
UnityEngine.DebugLogHandler:Internal_Log (UnityEngine.LogType,UnityEngine.LogOption,string,UnityEngine.Object)
UnityEngine.DebugLogHandler:LogFormat (UnityEngine.LogType,UnityEngine.Object,string,object[])
UnityEngine.Logger:Log (UnityEngine.LogType,object)
UnityEngine.Debug:Log (object)
BoardBehavior:Update () (at Assets/Scripts/BoardBehavior.cs:59)

(Filename: Assets/Scripts/BoardBehavior.cs Line: 59)

Down key pressed
UnityEngine.Debug:ExtractStackTraceNoAlloc (byte*,int,string)
UnityEngine.StackTraceUtility:ExtractStackTrace ()
UnityEngine.DebugLogHandler:Internal_Log (UnityEngine.LogType,UnityEngine.LogOption,string,UnityEngine.Object)
UnityEngine.DebugLogHandler:LogFormat (UnityEngine.LogType,UnityEngine.Object,string,object[])
UnityEngine.Logger:Log (UnityEngine.LogType,object)
UnityEngine.Debug:Log (object)
BoardBehavior:Update () (at Assets/Scripts/BoardBehavior.cs:66)

(Filename: Assets/Scripts/BoardBehavior.cs Line: 66)

Up key pressed
UnityEngine.Debug:ExtractStackTraceNoAlloc (byte*,int,string)
UnityEngine.StackTraceUtility:ExtractStackTrace ()
UnityEngine.DebugLogHandler:Internal_Log (UnityEngine.LogType,UnityEngine.LogOption,string,UnityEngine.Object)
UnityEngine.DebugLogHandler:LogFormat (UnityEngine.LogType,UnityEngine.Object,string,object[])
UnityEngine.Logger:Log (UnityEngine.LogType,object)
UnityEngine.Debug:Log (object)
BoardBehavior:Update () (at Assets/Scripts/BoardBehavior.cs:52)

(Filename: Assets/Scripts/BoardBehavior.cs Line: 52)

Down key pressed
UnityEngine.Debug:ExtractStackTraceNoAlloc (byte*,int,string)
UnityEngine.StackTraceUtility:ExtractStackTrace ()
UnityEngine.DebugLogHandler:Internal_Log (UnityEngine.LogType,UnityEngine.LogOption,string,UnityEngine.Object)
UnityEngine.DebugLogHandler:LogFormat (UnityEngine.LogType,UnityEngine.Object,string,object[])
UnityEngine.Logger:Log (UnityEngine.LogType,object)
UnityEngine.Debug:Log (object)
BoardBehavior:Update () (at Assets/Scripts/BoardBehavior.cs:66)

(Filename: Assets/Scripts/BoardBehavior.cs Line: 66)

Right key pressed
UnityEngine.Debug:ExtractStackTraceNoAlloc (byte*,int,string)
UnityEngine.StackTraceUtility:ExtractStackTrace ()
UnityEngine.DebugLogHandler:Internal_Log (UnityEngine.LogType,UnityEngine.LogOption,string,UnityEngine.Object)
UnityEngine.DebugLogHandler:LogFormat (UnityEngine.LogType,UnityEngine.Object,string,object[])
UnityEngine.Logger:Log (UnityEngine.LogType,object)
UnityEngine.Debug:Log (object)
BoardBehavior:Update () (at Assets/Scripts/BoardBehavior.cs:73)

(Filename: Assets/Scripts/BoardBehavior.cs Line: 73)

Right key pressed
UnityEngine.Debug:ExtractStackTraceNoAlloc (byte*,int,string)
UnityEngine.StackTraceUtility:ExtractStackTrace ()
UnityEngine.DebugLogHandler:Internal_Log (UnityEngine.LogType,UnityEngine.LogOption,string,UnityEngine.Object)
UnityEngine.DebugLogHandler:LogFormat (UnityEngine.LogType,UnityEngine.Object,string,object[])
UnityEngine.Logger:Log (UnityEngine.LogType,object)
UnityEngine.Debug:Log (object)
BoardBehavior:Update () (at Assets/Scripts/BoardBehavior.cs:73)

(Filename: Assets/Scripts/BoardBehavior.cs Line: 73)

Left key pressed
UnityEngine.Debug:ExtractStackTraceNoAlloc (byte*,int,string)
UnityEngine.StackTraceUtility:ExtractStackTrace ()
UnityEngine.DebugLogHandler:Internal_Log (UnityEngine.LogType,UnityEngine.LogOption,string,UnityEngine.Object)
UnityEngine.DebugLogHandler:LogFormat (UnityEngine.LogType,UnityEngine.Object,string,object[])
UnityEngine.Logger:Log (UnityEngine.LogType,object)
UnityEngine.Debug:Log (object)
BoardBehavior:Update () (at Assets/Scripts/BoardBehavior.cs:59)

(Filename: Assets/Scripts/BoardBehavior.cs Line: 59)

Right key pressed
UnityEngine.Debug:ExtractStackTraceNoAlloc (byte*,int,string)
UnityEngine.StackTraceUtility:ExtractStackTrace ()
UnityEngine.DebugLogHandler:Internal_Log (UnityEngine.LogType,UnityEngine.LogOption,string,UnityEngine.Object)
UnityEngine.DebugLogHandler:LogFormat (UnityEngine.LogType,UnityEngine.Object,string,object[])
UnityEngine.Logger:Log (UnityEngine.LogType,object)
UnityEngine.Debug:Log (object)
BoardBehavior:Update () (at Assets/Scripts/BoardBehavior.cs:73)

(Filename: Assets/Scripts/BoardBehavior.cs Line: 73)

Down key pressed
UnityEngine.Debug:ExtractStackTraceNoAlloc (byte*,int,string)
UnityEngine.StackTraceUtility:ExtractStackTrace ()
UnityEngine.DebugLogHandler:Internal_Log (UnityEngine.LogType,UnityEngine.LogOption,string,UnityEngine.Object)
UnityEngine.DebugLogHandler:LogFormat (UnityEngine.LogType,UnityEngine.Object,string,object[])
UnityEngine.Logger:Log (UnityEngine.LogType,object)
UnityEngine.Debug:Log (object)
BoardBehavior:Update () (at Assets/Scripts/BoardBehavior.cs:66)

(Filename: Assets/Scripts/BoardBehavior.cs Line: 66)

Left key pressed
UnityEngine.Debug:ExtractStackTraceNoAlloc (byte*,int,string)
UnityEngine.StackTraceUtility:ExtractStackTrace ()
UnityEngine.DebugLogHandler:Internal_Log (UnityEngine.LogType,UnityEngine.LogOption,string,UnityEngine.Object)
UnityEngine.DebugLogHandler:LogFormat (UnityEngine.LogType,UnityEngine.Object,string,object[])
UnityEngine.Logger:Log (UnityEngine.LogType,object)
UnityEngine.Debug:Log (object)
BoardBehavior:Update () (at Assets/Scripts/BoardBehavior.cs:59)

(Filename: Assets/Scripts/BoardBehavior.cs Line: 59)

Right key pressed
UnityEngine.Debug:ExtractStackTraceNoAlloc (byte*,int,string)
UnityEngine.StackTraceUtility:ExtractStackTrace ()
UnityEngine.DebugLogHandler:Internal_Log (UnityEngine.LogType,UnityEngine.LogOption,string,UnityEngine.Object)
UnityEngine.DebugLogHandler:LogFormat (UnityEngine.LogType,UnityEngine.Object,string,object[])
UnityEngine.Logger:Log (UnityEngine.LogType,object)
UnityEngine.Debug:Log (object)
BoardBehavior:Update () (at Assets/Scripts/BoardBehavior.cs:73)

(Filename: Assets/Scripts/BoardBehavior.cs Line: 73)

Unloading 0 Unused Serialized files (Serialized files now loaded: 0)
Loaded scene 'Temp/__Backupscenes/0.backup'
	Deserialize:            13.398 ms
	Integration:            513.316 ms
	Integration of assets:  0.009 ms
	Thread Wait Time:       0.004 ms
	Total Operation Time:   526.727 ms
Unloading 0 unused Assets / (295.9 KB). Loaded Objects now: 9412.
Memory consumption went from 0.63 GB to 0.63 GB.
Total: 89.713600 ms (FindLiveObjects: 0.683400 ms CreateObjectMapping: 0.577300 ms MarkObjects: 88.399300 ms  DeleteObjects: 0.051600 ms)

[Licensing::Client] Successfully resolved entitlement details
Asset Pipeline Refresh (id=799ae93c8ff60394c9cca17389eb5071): Total: 0.010 seconds - Initiated by RefreshV2(AllowForceSynchronousImport)
SpriteAtlasPacking completed in 0.008502 sec
Entering Playmode with Reload Domain disabled.
If you experience any issues, please disable "Enter Play Mode Options" in Editor Settings
Loaded scene 'Temp/__Backupscenes/0.backup'
	Deserialize:            2.808 ms
	Integration:            243.003 ms
	Integration of assets:  0.032 ms
	Thread Wait Time:       0.008 ms
	Total Operation Time:   245.851 ms
Let's try GetRandomEmptyCell
UnityEngine.Debug:ExtractStackTraceNoAlloc (byte*,int,string)
UnityEngine.StackTraceUtility:ExtractStackTrace ()
UnityEngine.DebugLogHandler:Internal_Log (UnityEngine.LogType,UnityEngine.LogOption,string,UnityEngine.Object)
UnityEngine.DebugLogHandler:LogFormat (UnityEngine.LogType,UnityEngine.Object,string,object[])
UnityEngine.Logger:Log (UnityEngine.LogType,object)
UnityEngine.Debug:Log (object)
GridBehavior:GetRandomEmptyCell () (at Assets/Scripts/GridBehavior.cs:41)
BoardBehavior:CreateTile () (at Assets/Scripts/BoardBehavior.cs:172)
BoardBehavior:Start () (at Assets/Scripts/BoardBehavior.cs:38)

(Filename: Assets/Scripts/GridBehavior.cs Line: 41)

Let's try GetRandomEmptyCell
UnityEngine.Debug:ExtractStackTraceNoAlloc (byte*,int,string)
UnityEngine.StackTraceUtility:ExtractStackTrace ()
UnityEngine.DebugLogHandler:Internal_Log (UnityEngine.LogType,UnityEngine.LogOption,string,UnityEngine.Object)
UnityEngine.DebugLogHandler:LogFormat (UnityEngine.LogType,UnityEngine.Object,string,object[])
UnityEngine.Logger:Log (UnityEngine.LogType,object)
UnityEngine.Debug:Log (object)
GridBehavior:GetRandomEmptyCell () (at Assets/Scripts/GridBehavior.cs:41)
BoardBehavior:CreateTile () (at Assets/Scripts/BoardBehavior.cs:172)
BoardBehavior:Start () (at Assets/Scripts/BoardBehavior.cs:39)

(Filename: Assets/Scripts/GridBehavior.cs Line: 41)

Left key pressed
UnityEngine.Debug:ExtractStackTraceNoAlloc (byte*,int,string)
UnityEngine.StackTraceUtility:ExtractStackTrace ()
UnityEngine.DebugLogHandler:Internal_Log (UnityEngine.LogType,UnityEngine.LogOption,string,UnityEngine.Object)
UnityEngine.DebugLogHandler:LogFormat (UnityEngine.LogType,UnityEngine.Object,string,object[])
UnityEngine.Logger:Log (UnityEngine.LogType,object)
UnityEngine.Debug:Log (object)
BoardBehavior:Update () (at Assets/Scripts/BoardBehavior.cs:59)

(Filename: Assets/Scripts/BoardBehavior.cs Line: 59)

Up key pressed
UnityEngine.Debug:ExtractStackTraceNoAlloc (byte*,int,string)
UnityEngine.StackTraceUtility:ExtractStackTrace ()
UnityEngine.DebugLogHandler:Internal_Log (UnityEngine.LogType,UnityEngine.LogOption,string,UnityEngine.Object)
UnityEngine.DebugLogHandler:LogFormat (UnityEngine.LogType,UnityEngine.Object,string,object[])
UnityEngine.Logger:Log (UnityEngine.LogType,object)
UnityEngine.Debug:Log (object)
BoardBehavior:Update () (at Assets/Scripts/BoardBehavior.cs:52)

(Filename: Assets/Scripts/BoardBehavior.cs Line: 52)

Down key pressed
UnityEngine.Debug:ExtractStackTraceNoAlloc (byte*,int,string)
UnityEngine.StackTraceUtility:ExtractStackTrace ()
UnityEngine.DebugLogHandler:Internal_Log (UnityEngine.LogType,UnityEngine.LogOption,string,UnityEngine.Object)
UnityEngine.DebugLogHandler:LogFormat (UnityEngine.LogType,UnityEngine.Object,string,object[])
UnityEngine.Logger:Log (UnityEngine.LogType,object)
UnityEngine.Debug:Log (object)
BoardBehavior:Update () (at Assets/Scripts/BoardBehavior.cs:66)

(Filename: Assets/Scripts/BoardBehavior.cs Line: 66)

Right key pressed
UnityEngine.Debug:ExtractStackTraceNoAlloc (byte*,int,string)
UnityEngine.StackTraceUtility:ExtractStackTrace ()
UnityEngine.DebugLogHandler:Internal_Log (UnityEngine.LogType,UnityEngine.LogOption,string,UnityEngine.Object)
UnityEngine.DebugLogHandler:LogFormat (UnityEngine.LogType,UnityEngine.Object,string,object[])
UnityEngine.Logger:Log (UnityEngine.LogType,object)
UnityEngine.Debug:Log (object)
BoardBehavior:Update () (at Assets/Scripts/BoardBehavior.cs:73)

(Filename: Assets/Scripts/BoardBehavior.cs Line: 73)

Up key pressed
UnityEngine.Debug:ExtractStackTraceNoAlloc (byte*,int,string)
UnityEngine.StackTraceUtility:ExtractStackTrace ()
UnityEngine.DebugLogHandler:Internal_Log (UnityEngine.LogType,UnityEngine.LogOption,string,UnityEngine.Object)
UnityEngine.DebugLogHandler:LogFormat (UnityEngine.LogType,UnityEngine.Object,string,object[])
UnityEngine.Logger:Log (UnityEngine.LogType,object)
UnityEngine.Debug:Log (object)
BoardBehavior:Update () (at Assets/Scripts/BoardBehavior.cs:52)

(Filename: Assets/Scripts/BoardBehavior.cs Line: 52)

Left key pressed
UnityEngine.Debug:ExtractStackTraceNoAlloc (byte*,int,string)
UnityEngine.StackTraceUtility:ExtractStackTrace ()
UnityEngine.DebugLogHandler:Internal_Log (UnityEngine.LogType,UnityEngine.LogOption,string,UnityEngine.Object)
UnityEngine.DebugLogHandler:LogFormat (UnityEngine.LogType,UnityEngine.Object,string,object[])
UnityEngine.Logger:Log (UnityEngine.LogType,object)
UnityEngine.Debug:Log (object)
BoardBehavior:Update () (at Assets/Scripts/BoardBehavior.cs:59)

(Filename: Assets/Scripts/BoardBehavior.cs Line: 59)

Down key pressed
UnityEngine.Debug:ExtractStackTraceNoAlloc (byte*,int,string)
UnityEngine.StackTraceUtility:ExtractStackTrace ()
UnityEngine.DebugLogHandler:Internal_Log (UnityEngine.LogType,UnityEngine.LogOption,string,UnityEngine.Object)
UnityEngine.DebugLogHandler:LogFormat (UnityEngine.LogType,UnityEngine.Object,string,object[])
UnityEngine.Logger:Log (UnityEngine.LogType,object)
UnityEngine.Debug:Log (object)
BoardBehavior:Update () (at Assets/Scripts/BoardBehavior.cs:66)

(Filename: Assets/Scripts/BoardBehavior.cs Line: 66)

Right key pressed
UnityEngine.Debug:ExtractStackTraceNoAlloc (byte*,int,string)
UnityEngine.StackTraceUtility:ExtractStackTrace ()
UnityEngine.DebugLogHandler:Internal_Log (UnityEngine.LogType,UnityEngine.LogOption,string,UnityEngine.Object)
UnityEngine.DebugLogHandler:LogFormat (UnityEngine.LogType,UnityEngine.Object,string,object[])
UnityEngine.Logger:Log (UnityEngine.LogType,object)
UnityEngine.Debug:Log (object)
BoardBehavior:Update () (at Assets/Scripts/BoardBehavior.cs:73)

(Filename: Assets/Scripts/BoardBehavior.cs Line: 73)

Up key pressed
UnityEngine.Debug:ExtractStackTraceNoAlloc (byte*,int,string)
UnityEngine.StackTraceUtility:ExtractStackTrace ()
UnityEngine.DebugLogHandler:Internal_Log (UnityEngine.LogType,UnityEngine.LogOption,string,UnityEngine.Object)
UnityEngine.DebugLogHandler:LogFormat (UnityEngine.LogType,UnityEngine.Object,string,object[])
UnityEngine.Logger:Log (UnityEngine.LogType,object)
UnityEngine.Debug:Log (object)
BoardBehavior:Update () (at Assets/Scripts/BoardBehavior.cs:52)

(Filename: Assets/Scripts/BoardBehavior.cs Line: 52)

Down key pressed
UnityEngine.Debug:ExtractStackTraceNoAlloc (byte*,int,string)
UnityEngine.StackTraceUtility:ExtractStackTrace ()
UnityEngine.DebugLogHandler:Internal_Log (UnityEngine.LogType,UnityEngine.LogOption,string,UnityEngine.Object)
UnityEngine.DebugLogHandler:LogFormat (UnityEngine.LogType,UnityEngine.Object,string,object[])
UnityEngine.Logger:Log (UnityEngine.LogType,object)
UnityEngine.Debug:Log (object)
BoardBehavior:Update () (at Assets/Scripts/BoardBehavior.cs:66)

(Filename: Assets/Scripts/BoardBehavior.cs Line: 66)

Left key pressed
UnityEngine.Debug:ExtractStackTraceNoAlloc (byte*,int,string)
UnityEngine.StackTraceUtility:ExtractStackTrace ()
UnityEngine.DebugLogHandler:Internal_Log (UnityEngine.LogType,UnityEngine.LogOption,string,UnityEngine.Object)
UnityEngine.DebugLogHandler:LogFormat (UnityEngine.LogType,UnityEngine.Object,string,object[])
UnityEngine.Logger:Log (UnityEngine.LogType,object)
UnityEngine.Debug:Log (object)
BoardBehavior:Update () (at Assets/Scripts/BoardBehavior.cs:59)

(Filename: Assets/Scripts/BoardBehavior.cs Line: 59)

Up key pressed
UnityEngine.Debug:ExtractStackTraceNoAlloc (byte*,int,string)
UnityEngine.StackTraceUtility:ExtractStackTrace ()
UnityEngine.DebugLogHandler:Internal_Log (UnityEngine.LogType,UnityEngine.LogOption,string,UnityEngine.Object)
UnityEngine.DebugLogHandler:LogFormat (UnityEngine.LogType,UnityEngine.Object,string,object[])
UnityEngine.Logger:Log (UnityEngine.LogType,object)
UnityEngine.Debug:Log (object)
BoardBehavior:Update () (at Assets/Scripts/BoardBehavior.cs:52)

(Filename: Assets/Scripts/BoardBehavior.cs Line: 52)

Right key pressed
UnityEngine.Debug:ExtractStackTraceNoAlloc (byte*,int,string)
UnityEngine.StackTraceUtility:ExtractStackTrace ()
UnityEngine.DebugLogHandler:Internal_Log (UnityEngine.LogType,UnityEngine.LogOption,string,UnityEngine.Object)
UnityEngine.DebugLogHandler:LogFormat (UnityEngine.LogType,UnityEngine.Object,string,object[])
UnityEngine.Logger:Log (UnityEngine.LogType,object)
UnityEngine.Debug:Log (object)
BoardBehavior:Update () (at Assets/Scripts/BoardBehavior.cs:73)

(Filename: Assets/Scripts/BoardBehavior.cs Line: 73)

Down key pressed
UnityEngine.Debug:ExtractStackTraceNoAlloc (byte*,int,string)
UnityEngine.StackTraceUtility:ExtractStackTrace ()
UnityEngine.DebugLogHandler:Internal_Log (UnityEngine.LogType,UnityEngine.LogOption,string,UnityEngine.Object)
UnityEngine.DebugLogHandler:LogFormat (UnityEngine.LogType,UnityEngine.Object,string,object[])
UnityEngine.Logger:Log (UnityEngine.LogType,object)
UnityEngine.Debug:Log (object)
BoardBehavior:Update () (at Assets/Scripts/BoardBehavior.cs:66)

(Filename: Assets/Scripts/BoardBehavior.cs Line: 66)

Left key pressed
UnityEngine.Debug:ExtractStackTraceNoAlloc (byte*,int,string)
UnityEngine.StackTraceUtility:ExtractStackTrace ()
UnityEngine.DebugLogHandler:Internal_Log (UnityEngine.LogType,UnityEngine.LogOption,string,UnityEngine.Object)
UnityEngine.DebugLogHandler:LogFormat (UnityEngine.LogType,UnityEngine.Object,string,object[])
UnityEngine.Logger:Log (UnityEngine.LogType,object)
UnityEngine.Debug:Log (object)
BoardBehavior:Update () (at Assets/Scripts/BoardBehavior.cs:59)

(Filename: Assets/Scripts/BoardBehavior.cs Line: 59)

Up key pressed
UnityEngine.Debug:ExtractStackTraceNoAlloc (byte*,int,string)
UnityEngine.StackTraceUtility:ExtractStackTrace ()
UnityEngine.DebugLogHandler:Internal_Log (UnityEngine.LogType,UnityEngine.LogOption,string,UnityEngine.Object)
UnityEngine.DebugLogHandler:LogFormat (UnityEngine.LogType,UnityEngine.Object,string,object[])
UnityEngine.Logger:Log (UnityEngine.LogType,object)
UnityEngine.Debug:Log (object)
BoardBehavior:Update () (at Assets/Scripts/BoardBehavior.cs:52)

(Filename: Assets/Scripts/BoardBehavior.cs Line: 52)

Right key pressed
UnityEngine.Debug:ExtractStackTraceNoAlloc (byte*,int,string)
UnityEngine.StackTraceUtility:ExtractStackTrace ()
UnityEngine.DebugLogHandler:Internal_Log (UnityEngine.LogType,UnityEngine.LogOption,string,UnityEngine.Object)
UnityEngine.DebugLogHandler:LogFormat (UnityEngine.LogType,UnityEngine.Object,string,object[])
UnityEngine.Logger:Log (UnityEngine.LogType,object)
UnityEngine.Debug:Log (object)
BoardBehavior:Update () (at Assets/Scripts/BoardBehavior.cs:73)

(Filename: Assets/Scripts/BoardBehavior.cs Line: 73)

Down key pressed
UnityEngine.Debug:ExtractStackTraceNoAlloc (byte*,int,string)
UnityEngine.StackTraceUtility:ExtractStackTrace ()
UnityEngine.DebugLogHandler:Internal_Log (UnityEngine.LogType,UnityEngine.LogOption,string,UnityEngine.Object)
UnityEngine.DebugLogHandler:LogFormat (UnityEngine.LogType,UnityEngine.Object,string,object[])
UnityEngine.Logger:Log (UnityEngine.LogType,object)
UnityEngine.Debug:Log (object)
BoardBehavior:Update () (at Assets/Scripts/BoardBehavior.cs:66)

(Filename: Assets/Scripts/BoardBehavior.cs Line: 66)

Left key pressed
UnityEngine.Debug:ExtractStackTraceNoAlloc (byte*,int,string)
UnityEngine.StackTraceUtility:ExtractStackTrace ()
UnityEngine.DebugLogHandler:Internal_Log (UnityEngine.LogType,UnityEngine.LogOption,string,UnityEngine.Object)
UnityEngine.DebugLogHandler:LogFormat (UnityEngine.LogType,UnityEngine.Object,string,object[])
UnityEngine.Logger:Log (UnityEngine.LogType,object)
UnityEngine.Debug:Log (object)
BoardBehavior:Update () (at Assets/Scripts/BoardBehavior.cs:59)

(Filename: Assets/Scripts/BoardBehavior.cs Line: 59)

Up key pressed
UnityEngine.Debug:ExtractStackTraceNoAlloc (byte*,int,string)
UnityEngine.StackTraceUtility:ExtractStackTrace ()
UnityEngine.DebugLogHandler:Internal_Log (UnityEngine.LogType,UnityEngine.LogOption,string,UnityEngine.Object)
UnityEngine.DebugLogHandler:LogFormat (UnityEngine.LogType,UnityEngine.Object,string,object[])
UnityEngine.Logger:Log (UnityEngine.LogType,object)
UnityEngine.Debug:Log (object)
BoardBehavior:Update () (at Assets/Scripts/BoardBehavior.cs:52)

(Filename: Assets/Scripts/BoardBehavior.cs Line: 52)

Right key pressed
UnityEngine.Debug:ExtractStackTraceNoAlloc (byte*,int,string)
UnityEngine.StackTraceUtility:ExtractStackTrace ()
UnityEngine.DebugLogHandler:Internal_Log (UnityEngine.LogType,UnityEngine.LogOption,string,UnityEngine.Object)
UnityEngine.DebugLogHandler:LogFormat (UnityEngine.LogType,UnityEngine.Object,string,object[])
UnityEngine.Logger:Log (UnityEngine.LogType,object)
UnityEngine.Debug:Log (object)
BoardBehavior:Update () (at Assets/Scripts/BoardBehavior.cs:73)

(Filename: Assets/Scripts/BoardBehavior.cs Line: 73)

Down key pressed
UnityEngine.Debug:ExtractStackTraceNoAlloc (byte*,int,string)
UnityEngine.StackTraceUtility:ExtractStackTrace ()
UnityEngine.DebugLogHandler:Internal_Log (UnityEngine.LogType,UnityEngine.LogOption,string,UnityEngine.Object)
UnityEngine.DebugLogHandler:LogFormat (UnityEngine.LogType,UnityEngine.Object,string,object[])
UnityEngine.Logger:Log (UnityEngine.LogType,object)
UnityEngine.Debug:Log (object)
BoardBehavior:Update () (at Assets/Scripts/BoardBehavior.cs:66)

(Filename: Assets/Scripts/BoardBehavior.cs Line: 66)

Left key pressed
UnityEngine.Debug:ExtractStackTraceNoAlloc (byte*,int,string)
UnityEngine.StackTraceUtility:ExtractStackTrace ()
UnityEngine.DebugLogHandler:Internal_Log (UnityEngine.LogType,UnityEngine.LogOption,string,UnityEngine.Object)
UnityEngine.DebugLogHandler:LogFormat (UnityEngine.LogType,UnityEngine.Object,string,object[])
UnityEngine.Logger:Log (UnityEngine.LogType,object)
UnityEngine.Debug:Log (object)
BoardBehavior:Update () (at Assets/Scripts/BoardBehavior.cs:59)

(Filename: Assets/Scripts/BoardBehavior.cs Line: 59)

Up key pressed
UnityEngine.Debug:ExtractStackTraceNoAlloc (byte*,int,string)
UnityEngine.StackTraceUtility:ExtractStackTrace ()
UnityEngine.DebugLogHandler:Internal_Log (UnityEngine.LogType,UnityEngine.LogOption,string,UnityEngine.Object)
UnityEngine.DebugLogHandler:LogFormat (UnityEngine.LogType,UnityEngine.Object,string,object[])
UnityEngine.Logger:Log (UnityEngine.LogType,object)
UnityEngine.Debug:Log (object)
BoardBehavior:Update () (at Assets/Scripts/BoardBehavior.cs:52)

(Filename: Assets/Scripts/BoardBehavior.cs Line: 52)

Unloading 1 Unused Serialized files (Serialized files now loaded: 0)
Loaded scene 'Temp/__Backupscenes/0.backup'
	Deserialize:            3.414 ms
	Integration:            247.180 ms
	Integration of assets:  0.003 ms
	Thread Wait Time:       0.010 ms
	Total Operation Time:   250.607 ms
Unloading 0 unused Assets / (229.9 KB). Loaded Objects now: 9412.
Memory consumption went from 0.63 GB to 0.63 GB.
Total: 28.502400 ms (FindLiveObjects: 0.630700 ms CreateObjectMapping: 0.626900 ms MarkObjects: 26.836000 ms  DeleteObjects: 0.407200 ms)

[Licensing::Client] Successfully resolved entitlement details
SpriteAtlasPacking completed in 0.005385 sec
Entering Playmode with Reload Domain disabled.
If you experience any issues, please disable "Enter Play Mode Options" in Editor Settings
Loaded scene 'Temp/__Backupscenes/0.backup'
	Deserialize:            1.671 ms
	Integration:            238.176 ms
	Integration of assets:  0.032 ms
	Thread Wait Time:       0.012 ms
	Total Operation Time:   239.892 ms
Let's try GetRandomEmptyCell
UnityEngine.Debug:ExtractStackTraceNoAlloc (byte*,int,string)
UnityEngine.StackTraceUtility:ExtractStackTrace ()
UnityEngine.DebugLogHandler:Internal_Log (UnityEngine.LogType,UnityEngine.LogOption,string,UnityEngine.Object)
UnityEngine.DebugLogHandler:LogFormat (UnityEngine.LogType,UnityEngine.Object,string,object[])
UnityEngine.Logger:Log (UnityEngine.LogType,object)
UnityEngine.Debug:Log (object)
GridBehavior:GetRandomEmptyCell () (at Assets/Scripts/GridBehavior.cs:41)
BoardBehavior:CreateTile () (at Assets/Scripts/BoardBehavior.cs:172)
BoardBehavior:Start () (at Assets/Scripts/BoardBehavior.cs:38)

(Filename: Assets/Scripts/GridBehavior.cs Line: 41)

Let's try GetRandomEmptyCell
UnityEngine.Debug:ExtractStackTraceNoAlloc (byte*,int,string)
UnityEngine.StackTraceUtility:ExtractStackTrace ()
UnityEngine.DebugLogHandler:Internal_Log (UnityEngine.LogType,UnityEngine.LogOption,string,UnityEngine.Object)
UnityEngine.DebugLogHandler:LogFormat (UnityEngine.LogType,UnityEngine.Object,string,object[])
UnityEngine.Logger:Log (UnityEngine.LogType,object)
UnityEngine.Debug:Log (object)
GridBehavior:GetRandomEmptyCell () (at Assets/Scripts/GridBehavior.cs:41)
BoardBehavior:CreateTile () (at Assets/Scripts/BoardBehavior.cs:172)
BoardBehavior:Start () (at Assets/Scripts/BoardBehavior.cs:39)

(Filename: Assets/Scripts/GridBehavior.cs Line: 41)

Left key pressed
UnityEngine.Debug:ExtractStackTraceNoAlloc (byte*,int,string)
UnityEngine.StackTraceUtility:ExtractStackTrace ()
UnityEngine.DebugLogHandler:Internal_Log (UnityEngine.LogType,UnityEngine.LogOption,string,UnityEngine.Object)
UnityEngine.DebugLogHandler:LogFormat (UnityEngine.LogType,UnityEngine.Object,string,object[])
UnityEngine.Logger:Log (UnityEngine.LogType,object)
UnityEngine.Debug:Log (object)
BoardBehavior:Update () (at Assets/Scripts/BoardBehavior.cs:59)

(Filename: Assets/Scripts/BoardBehavior.cs Line: 59)

Unloading 1 Unused Serialized files (Serialized files now loaded: 0)
Loaded scene 'Temp/__Backupscenes/0.backup'
	Deserialize:            2.181 ms
	Integration:            237.155 ms
	Integration of assets:  0.002 ms
	Thread Wait Time:       0.007 ms
	Total Operation Time:   239.346 ms
Unloading 0 unused Assets / (199.3 KB). Loaded Objects now: 9412.
Memory consumption went from 0.63 GB to 0.63 GB.
Total: 26.777400 ms (FindLiveObjects: 0.561900 ms CreateObjectMapping: 0.537500 ms MarkObjects: 25.658100 ms  DeleteObjects: 0.018400 ms)

Project ID request failed, Reason: The requested URL returned error: 401 (401).
Unknown Unity Connect error (400). Please contact support at support@unity.com while processing request "https://services.unity.com/api/unity/legacy/v1/projects/87d49476-8ac2-47b9-ac92-d36bfea90eb0", HTTP error code 401
.[Licensing::Client] Successfully resolved entitlement details
[Licensing::Client] Successfully updated the access token
[Licensing::Module] Successfully updated access token: "D5EfAOiZ"... (expires: 2026-09-11T16:37:12Z)
[Licensing::Client] Successfully resolved entitlement details
[Licensing::Client] Successfully resolved entitlement details
UPID Received '87d49476-8ac2-47b9-ac92-d36bfea90eb0'.
[Licensing::Client] Successfully resolved entitlement details
Asset Pipeline Refresh (id=e9a8fa69dad7ccc41af30a2535017d08): Total: 0.016 seconds - Initiated by RefreshV2(AllowForceSynchronousImport)
[Licensing::Client] Successfully resolved entitlement details
Project ID request failed, Reason: The requested URL returned error: 401 (401).
Unknown Unity Connect error (400). Please contact support at support@unity.com while processing request "https://services.unity.com/api/unity/legacy/v1/projects/87d49476-8ac2-47b9-ac92-d36bfea90eb0", HTTP error code 401
.[Licensing::Client] Successfully resolved entitlement details
[Licensing::Client] Successfully updated the access token
[Licensing::Module] Successfully updated access token: "fIEyXv5v"... (expires: 2026-09-11T18:36:50Z)
[Licensing::Client] Successfully resolved entitlement details
[Licensing::Client] Successfully resolved entitlement details
UPID Received '87d49476-8ac2-47b9-ac92-d36bfea90eb0'.
[Licensing::Client] Successfully resolved entitlement details
Asset Pipeline Refresh (id=9ea6939e474dd56489351fd9699ccff7): Total: 0.009 seconds - Initiated by RefreshV2(AllowForceSynchronousImport)
SpriteAtlasPacking completed in 0.014774 sec
Entering Playmode with Reload Domain disabled.
If you experience any issues, please disable "Enter Play Mode Options" in Editor Settings
Loaded scene 'Temp/__Backupscenes/0.backup'
	Deserialize:            5.154 ms
	Integration:            553.745 ms
	Integration of assets:  0.029 ms
	Thread Wait Time:       0.009 ms
	Total Operation Time:   558.937 ms
Let's try GetRandomEmptyCell
UnityEngine.Debug:ExtractStackTraceNoAlloc (byte*,int,string)
UnityEngine.StackTraceUtility:ExtractStackTrace ()
UnityEngine.DebugLogHandler:Internal_Log (UnityEngine.LogType,UnityEngine.LogOption,string,UnityEngine.Object)
UnityEngine.DebugLogHandler:LogFormat (UnityEngine.LogType,UnityEngine.Object,string,object[])
UnityEngine.Logger:Log (UnityEngine.LogType,object)
UnityEngine.Debug:Log (object)
GridBehavior:GetRandomEmptyCell () (at Assets/Scripts/GridBehavior.cs:41)
BoardBehavior:CreateTile () (at Assets/Scripts/BoardBehavior.cs:172)
BoardBehavior:Start () (at Assets/Scripts/BoardBehavior.cs:38)

(Filename: Assets/Scripts/GridBehavior.cs Line: 41)

Let's try GetRandomEmptyCell
UnityEngine.Debug:ExtractStackTraceNoAlloc (byte*,int,string)
UnityEngine.StackTraceUtility:ExtractStackTrace ()
UnityEngine.DebugLogHandler:Internal_Log (UnityEngine.LogType,UnityEngine.LogOption,string,UnityEngine.Object)
UnityEngine.DebugLogHandler:LogFormat (UnityEngine.LogType,UnityEngine.Object,string,object[])
UnityEngine.Logger:Log (UnityEngine.LogType,object)
UnityEngine.Debug:Log (object)
GridBehavior:GetRandomEmptyCell () (at Assets/Scripts/GridBehavior.cs:41)
BoardBehavior:CreateTile () (at Assets/Scripts/BoardBehavior.cs:172)
BoardBehavior:Start () (at Assets/Scripts/BoardBehavior.cs:39)

(Filename: Assets/Scripts/GridBehavior.cs Line: 41)

Unloading 2 Unused Serialized files (Serialized files now loaded: 0)
Loaded scene 'Temp/__Backupscenes/0.backup'
	Deserialize:            3.586 ms
	Integration:            248.046 ms
	Integration of assets:  0.002 ms
	Thread Wait Time:       0.009 ms
	Total Operation Time:   251.645 ms
Unloading 20 unused Assets / (337.4 KB). Loaded Objects now: 9441.
Memory consumption went from 0.65 GB to 0.65 GB.
Total: 47.484500 ms (FindLiveObjects: 0.709200 ms CreateObjectMapping: 0.553300 ms MarkObjects: 45.876900 ms  DeleteObjects: 0.343600 ms)

[Licensing::Client] Successfully resolved entitlement details
SpriteAtlasPacking completed in 0.007646 sec
Entering Playmode with Reload Domain disabled.
If you experience any issues, please disable "Enter Play Mode Options" in Editor Settings
Loaded scene 'Temp/__Backupscenes/0.backup'
	Deserialize:            2.133 ms
	Integration:            255.412 ms
	Integration of assets:  0.031 ms
	Thread Wait Time:       0.010 ms
	Total Operation Time:   257.586 ms
Let's try GetRandomEmptyCell
UnityEngine.Debug:ExtractStackTraceNoAlloc (byte*,int,string)
UnityEngine.StackTraceUtility:ExtractStackTrace ()
UnityEngine.DebugLogHandler:Internal_Log (UnityEngine.LogType,UnityEngine.LogOption,string,UnityEngine.Object)
UnityEngine.DebugLogHandler:LogFormat (UnityEngine.LogType,UnityEngine.Object,string,object[])
UnityEngine.Logger:Log (UnityEngine.LogType,object)
UnityEngine.Debug:Log (object)
GridBehavior:GetRandomEmptyCell () (at Assets/Scripts/GridBehavior.cs:41)
BoardBehavior:CreateTile () (at Assets/Scripts/BoardBehavior.cs:172)
BoardBehavior:Start () (at Assets/Scripts/BoardBehavior.cs:38)

(Filename: Assets/Scripts/GridBehavior.cs Line: 41)

Let's try GetRandomEmptyCell
UnityEngine.Debug:ExtractStackTraceNoAlloc (byte*,int,string)
UnityEngine.StackTraceUtility:ExtractStackTrace ()
UnityEngine.DebugLogHandler:Internal_Log (UnityEngine.LogType,UnityEngine.LogOption,string,UnityEngine.Object)
UnityEngine.DebugLogHandler:LogFormat (UnityEngine.LogType,UnityEngine.Object,string,object[])
UnityEngine.Logger:Log (UnityEngine.LogType,object)
UnityEngine.Debug:Log (object)
GridBehavior:GetRandomEmptyCell () (at Assets/Scripts/GridBehavior.cs:41)
BoardBehavior:CreateTile () (at Assets/Scripts/BoardBehavior.cs:172)
BoardBehavior:Start () (at Assets/Scripts/BoardBehavior.cs:39)

(Filename: Assets/Scripts/GridBehavior.cs Line: 41)

Right key pressed
UnityEngine.Debug:ExtractStackTraceNoAlloc (byte*,int,string)
UnityEngine.StackTraceUtility:ExtractStackTrace ()
UnityEngine.DebugLogHandler:Internal_Log (UnityEngine.LogType,UnityEngine.LogOption,string,UnityEngine.Object)
UnityEngine.DebugLogHandler:LogFormat (UnityEngine.LogType,UnityEngine.Object,string,object[])
UnityEngine.Logger:Log (UnityEngine.LogType,object)
UnityEngine.Debug:Log (object)
BoardBehavior:Update () (at Assets/Scripts/BoardBehavior.cs:73)

(Filename: Assets/Scripts/BoardBehavior.cs Line: 73)

Right key pressed
UnityEngine.Debug:ExtractStackTraceNoAlloc (byte*,int,string)
UnityEngine.StackTraceUtility:ExtractStackTrace ()
UnityEngine.DebugLogHandler:Internal_Log (UnityEngine.LogType,UnityEngine.LogOption,string,UnityEngine.Object)
UnityEngine.DebugLogHandler:LogFormat (UnityEngine.LogType,UnityEngine.Object,string,object[])
UnityEngine.Logger:Log (UnityEngine.LogType,object)
UnityEngine.Debug:Log (object)
BoardBehavior:Update () (at Assets/Scripts/BoardBehavior.cs:73)

(Filename: Assets/Scripts/BoardBehavior.cs Line: 73)

Left key pressed
UnityEngine.Debug:ExtractStackTraceNoAlloc (byte*,int,string)
UnityEngine.StackTraceUtility:ExtractStackTrace ()
UnityEngine.DebugLogHandler:Internal_Log (UnityEngine.LogType,UnityEngine.LogOption,string,UnityEngine.Object)
UnityEngine.DebugLogHandler:LogFormat (UnityEngine.LogType,UnityEngine.Object,string,object[])
UnityEngine.Logger:Log (UnityEngine.LogType,object)
UnityEngine.Debug:Log (object)
BoardBehavior:Update () (at Assets/Scripts/BoardBehavior.cs:59)

(Filename: Assets/Scripts/BoardBehavior.cs Line: 59)

Up key pressed
UnityEngine.Debug:ExtractStackTraceNoAlloc (byte*,int,string)
UnityEngine.StackTraceUtility:ExtractStackTrace ()
UnityEngine.DebugLogHandler:Internal_Log (UnityEngine.LogType,UnityEngine.LogOption,string,UnityEngine.Object)
UnityEngine.DebugLogHandler:LogFormat (UnityEngine.LogType,UnityEngine.Object,string,object[])
UnityEngine.Logger:Log (UnityEngine.LogType,object)
UnityEngine.Debug:Log (object)
BoardBehavior:Update () (at Assets/Scripts/BoardBehavior.cs:52)

(Filename: Assets/Scripts/BoardBehavior.cs Line: 52)

Down key pressed
UnityEngine.Debug:ExtractStackTraceNoAlloc (byte*,int,string)
UnityEngine.StackTraceUtility:ExtractStackTrace ()
UnityEngine.DebugLogHandler:Internal_Log (UnityEngine.LogType,UnityEngine.LogOption,string,UnityEngine.Object)
UnityEngine.DebugLogHandler:LogFormat (UnityEngine.LogType,UnityEngine.Object,string,object[])
UnityEngine.Logger:Log (UnityEngine.LogType,object)
UnityEngine.Debug:Log (object)
BoardBehavior:Update () (at Assets/Scripts/BoardBehavior.cs:66)

(Filename: Assets/Scripts/BoardBehavior.cs Line: 66)

Right key pressed
UnityEngine.Debug:ExtractStackTraceNoAlloc (byte*,int,string)
UnityEngine.StackTraceUtility:ExtractStackTrace ()
UnityEngine.DebugLogHandler:Internal_Log (UnityEngine.LogType,UnityEngine.LogOption,string,UnityEngine.Object)
UnityEngine.DebugLogHandler:LogFormat (UnityEngine.LogType,UnityEngine.Object,string,object[])
UnityEngine.Logger:Log (UnityEngine.LogType,object)
UnityEngine.Debug:Log (object)
BoardBehavior:Update () (at Assets/Scripts/BoardBehavior.cs:73)

(Filename: Assets/Scripts/BoardBehavior.cs Line: 73)

Up key pressed
UnityEngine.Debug:ExtractStackTraceNoAlloc (byte*,int,string)
UnityEngine.StackTraceUtility:ExtractStackTrace ()
UnityEngine.DebugLogHandler:Internal_Log (UnityEngine.LogType,UnityEngine.LogOption,string,UnityEngine.Object)
UnityEngine.DebugLogHandler:LogFormat (UnityEngine.LogType,UnityEngine.Object,string,object[])
UnityEngine.Logger:Log (UnityEngine.LogType,object)
UnityEngine.Debug:Log (object)
BoardBehavior:Update () (at Assets/Scripts/BoardBehavior.cs:52)

(Filename: Assets/Scripts/BoardBehavior.cs Line: 52)

Right key pressed
UnityEngine.Debug:ExtractStackTraceNoAlloc (byte*,int,string)
UnityEngine.StackTraceUtility:ExtractStackTrace ()
UnityEngine.DebugLogHandler:Internal_Log (UnityEngine.LogType,UnityEngine.LogOption,string,UnityEngine.Object)
UnityEngine.DebugLogHandler:LogFormat (UnityEngine.LogType,UnityEngine.Object,string,object[])
UnityEngine.Logger:Log (UnityEngine.LogType,object)
UnityEngine.Debug:Log (object)
BoardBehavior:Update () (at Assets/Scripts/BoardBehavior.cs:73)

(Filename: Assets/Scripts/BoardBehavior.cs Line: 73)

Left key pressed
UnityEngine.Debug:ExtractStackTraceNoAlloc (byte*,int,string)
UnityEngine.StackTraceUtility:ExtractStackTrace ()
UnityEngine.DebugLogHandler:Internal_Log (UnityEngine.LogType,UnityEngine.LogOption,string,UnityEngine.Object)
UnityEngine.DebugLogHandler:LogFormat (UnityEngine.LogType,UnityEngine.Object,string,object[])
UnityEngine.Logger:Log (UnityEngine.LogType,object)
UnityEngine.Debug:Log (object)
BoardBehavior:Update () (at Assets/Scripts/BoardBehavior.cs:59)

(Filename: Assets/Scripts/BoardBehavior.cs Line: 59)

Down key pressed
UnityEngine.Debug:ExtractStackTraceNoAlloc (byte*,int,string)
UnityEngine.StackTraceUtility:ExtractStackTrace ()
UnityEngine.DebugLogHandler:Internal_Log (UnityEngine.LogType,UnityEngine.LogOption,string,UnityEngine.Object)
UnityEngine.DebugLogHandler:LogFormat (UnityEngine.LogType,UnityEngine.Object,string,object[])
UnityEngine.Logger:Log (UnityEngine.LogType,object)
UnityEngine.Debug:Log (object)
BoardBehavior:Update () (at Assets/Scripts/BoardBehavior.cs:66)

(Filename: Assets/Scripts/BoardBehavior.cs Line: 66)

Up key pressed
UnityEngine.Debug:ExtractStackTraceNoAlloc (byte*,int,string)
UnityEngine.StackTraceUtility:ExtractStackTrace ()
UnityEngine.DebugLogHandler:Internal_Log (UnityEngine.LogType,UnityEngine.LogOption,string,UnityEngine.Object)
UnityEngine.DebugLogHandler:LogFormat (UnityEngine.LogType,UnityEngine.Object,string,object[])
UnityEngine.Logger:Log (UnityEngine.LogType,object)
UnityEngine.Debug:Log (object)
BoardBehavior:Update () (at Assets/Scripts/BoardBehavior.cs:52)

(Filename: Assets/Scripts/BoardBehavior.cs Line: 52)

Right key pressed
UnityEngine.Debug:ExtractStackTraceNoAlloc (byte*,int,string)
UnityEngine.StackTraceUtility:ExtractStackTrace ()
UnityEngine.DebugLogHandler:Internal_Log (UnityEngine.LogType,UnityEngine.LogOption,string,UnityEngine.Object)
UnityEngine.DebugLogHandler:LogFormat (UnityEngine.LogType,UnityEngine.Object,string,object[])
UnityEngine.Logger:Log (UnityEngine.LogType,object)
UnityEngine.Debug:Log (object)
BoardBehavior:Update () (at Assets/Scripts/BoardBehavior.cs:73)

(Filename: Assets/Scripts/BoardBehavior.cs Line: 73)

Right key pressed
UnityEngine.Debug:ExtractStackTraceNoAlloc (byte*,int,string)
UnityEngine.StackTraceUtility:ExtractStackTrace ()
UnityEngine.DebugLogHandler:Internal_Log (UnityEngine.LogType,UnityEngine.LogOption,string,UnityEngine.Object)
UnityEngine.DebugLogHandler:LogFormat (UnityEngine.LogType,UnityEngine.Object,string,object[])
UnityEngine.Logger:Log (UnityEngine.LogType,object)
UnityEngine.Debug:Log (object)
BoardBehavior:Update () (at Assets/Scripts/BoardBehavior.cs:73)

(Filename: Assets/Scripts/BoardBehavior.cs Line: 73)

Left key pressed
UnityEngine.Debug:ExtractStackTraceNoAlloc (byte*,int,string)
UnityEngine.StackTraceUtility:ExtractStackTrace ()
UnityEngine.DebugLogHandler:Internal_Log (UnityEngine.LogType,UnityEngine.LogOption,string,UnityEngine.Object)
UnityEngine.DebugLogHandler:LogFormat (UnityEngine.LogType,UnityEngine.Object,string,object[])
UnityEngine.Logger:Log (UnityEngine.LogType,object)
UnityEngine.Debug:Log (object)
BoardBehavior:Update () (at Assets/Scripts/BoardBehavior.cs:59)

(Filename: Assets/Scripts/BoardBehavior.cs Line: 59)

Right key pressed
UnityEngine.Debug:ExtractStackTraceNoAlloc (byte*,int,string)
UnityEngine.StackTraceUtility:ExtractStackTrace ()
UnityEngine.DebugLogHandler:Internal_Log (UnityEngine.LogType,UnityEngine.LogOption,string,UnityEngine.Object)
UnityEngine.DebugLogHandler:LogFormat (UnityEngine.LogType,UnityEngine.Object,string,object[])
UnityEngine.Logger:Log (UnityEngine.LogType,object)
UnityEngine.Debug:Log (object)
BoardBehavior:Update () (at Assets/Scripts/BoardBehavior.cs:73)

(Filename: Assets/Scripts/BoardBehavior.cs Line: 73)

Left key pressed
UnityEngine.Debug:ExtractStackTraceNoAlloc (byte*,int,string)
UnityEngine.StackTraceUtility:ExtractStackTrace ()
UnityEngine.DebugLogHandler:Internal_Log (UnityEngine.LogType,UnityEngine.LogOption,string,UnityEngine.Object)
UnityEngine.DebugLogHandler:LogFormat (UnityEngine.LogType,UnityEngine.Object,string,object[])
UnityEngine.Logger:Log (UnityEngine.LogType,object)
UnityEngine.Debug:Log (object)
BoardBehavior:Update () (at Assets/Scripts/BoardBehavior.cs:59)

(Filename: Assets/Scripts/BoardBehavior.cs Line: 59)

Down key pressed
UnityEngine.Debug:ExtractStackTraceNoAlloc (byte*,int,string)
UnityEngine.StackTraceUtility:ExtractStackTrace ()
UnityEngine.DebugLogHandler:Internal_Log (UnityEngine.LogType,UnityEngine.LogOption,string,UnityEngine.Object)
UnityEngine.DebugLogHandler:LogFormat (UnityEngine.LogType,UnityEngine.Object,string,object[])
UnityEngine.Logger:Log (UnityEngine.LogType,object)
UnityEngine.Debug:Log (object)
BoardBehavior:Update () (at Assets/Scripts/BoardBehavior.cs:66)

(Filename: Assets/Scripts/BoardBehavior.cs Line: 66)

Left key pressed
UnityEngine.Debug:ExtractStackTraceNoAlloc (byte*,int,string)
UnityEngine.StackTraceUtility:ExtractStackTrace ()
UnityEngine.DebugLogHandler:Internal_Log (UnityEngine.LogType,UnityEngine.LogOption,string,UnityEngine.Object)
UnityEngine.DebugLogHandler:LogFormat (UnityEngine.LogType,UnityEngine.Object,string,object[])
UnityEngine.Logger:Log (UnityEngine.LogType,object)
UnityEngine.Debug:Log (object)
BoardBehavior:Update () (at Assets/Scripts/BoardBehavior.cs:59)

(Filename: Assets/Scripts/BoardBehavior.cs Line: 59)

Right key pressed
UnityEngine.Debug:ExtractStackTraceNoAlloc (byte*,int,string)
UnityEngine.StackTraceUtility:ExtractStackTrace ()
UnityEngine.DebugLogHandler:Internal_Log (UnityEngine.LogType,UnityEngine.LogOption,string,UnityEngine.Object)
UnityEngine.DebugLogHandler:LogFormat (UnityEngine.LogType,UnityEngine.Object,string,object[])
UnityEngine.Logger:Log (UnityEngine.LogType,object)
UnityEngine.Debug:Log (object)
BoardBehavior:Update () (at Assets/Scripts/BoardBehavior.cs:73)

(Filename: Assets/Scripts/BoardBehavior.cs Line: 73)

Unloading 1 Unused Serialized files (Serialized files now loaded: 0)
Loaded scene 'Temp/__Backupscenes/0.backup'
	Deserialize:            2.738 ms
	Integration:            222.783 ms
	Integration of assets:  0.003 ms
	Thread Wait Time:       0.011 ms
	Total Operation Time:   225.534 ms
Unloading 0 unused Assets / (215.1 KB). Loaded Objects now: 9441.
Memory consumption went from 0.65 GB to 0.65 GB.
Total: 28.602600 ms (FindLiveObjects: 0.568500 ms CreateObjectMapping: 0.539300 ms MarkObjects: 27.456500 ms  DeleteObjects: 0.036600 ms)

[Worker3] Imported GUID: 44c416fde68735d4a89872ecfe46b239 - Path: Assets/Prefabs/Tile.prefab - Importer: PreviewImporter -> (ImportResultId: '1ab2f395847ac896023c1efb4ae02103') in 0.7783665 seconds
Importing 'GUID: 44c416fde68735d4a89872ecfe46b239 - Path: Assets/Prefabs/Tile.prefab' with importer (PrefabImporter)
Imported 'GUID: 44c416fde68735d4a89872ecfe46b239' -> (Import Result ID: 'b7c1f2bbfe4bedede41f1335c8f50f38') in 0.016 seconds [static and dynamic dependencies]. Details - ImportResultOutputID=80d2db97a8243f1e76721e7155f05a9a DependenciesID=9824b64dd03cb4cc4ed3a13115b1d299 StaticDependenciesID=da9d2c39f815713c9d9c2221a97dc4da 
Refreshing native plugins compatible for Editor in 3.47 ms, found 5 plugins.

Asset Pipeline Refresh (id=a32395f8fb84aa844acea17b8580a8a6): Total: 0.347 seconds - Initiated by StopAssetImportingV2(NoUpdateAssetOptions)
	(Values over 0.05ms)
	Summary:
		Imports: total=1 (actual=1, local cache=0, cache server=0)
		Asset DB Process Time: managed=0 ms, native=200 ms
		Asset DB Callback time: managed=34 ms, native=111 ms
		Scripting: domain reloads=0, domain reload time=0 ms, compile time=0 ms, other=0 ms
		Project Asset Count: scripts=1611, non-scripts=3217
		Asset File Changes: new=0, changed=1, moved=0, deleted=0
		Scan Filter Count: 3
	ApplyChangesToAssetFolders: 0.256ms
	Scan: 31.777ms
	Collect global state as custom dependencies: 0.702ms
	OnSourceAssetsModified: 0.665ms
	ProcessAssetsWithTransientArtifactChanges: 4.122ms
	CategorizeAssets: 21.393ms
	ImportOutOfDateAssets: 74.628ms (12.081ms without children)
		ImportManagerImport: 21.342ms (0.966ms without children)
		ReloadNativeAssets: 0.086ms
		UnloadImportedAssets: 1.637ms
		ReloadImportedAssets: 2.307ms
		EnsureUptoDateAssetsAreRegisteredWithGuidPM: 0.711ms
		ImportSchedulerStart: 38.754ms
	PostProcessAllAssets: 125.939ms
		XRBuildSystem.XRAssetImported 88.711ms
		MonoPostProcessAllAssets: 34.587ms
			SyncVS.PostprocessSyncProject 23.727ms
			AssetPostprocessor.OnPostprocessAllAssets 5.414ms
			BuilderAssetPostprocessor.OnPostprocessAllAssets 1.195ms
			RenderPipelineGlobalSettingsPostprocessor.OnPostprocessAllAssets 0.925ms
			AssetChangedListener.OnPostprocessAllAssets 0.705ms
			ArtifactBrowserPostProcessor.OnPostprocessAllAssets 0.340ms
			SpriteEditorTexturePostprocessor.OnPostprocessAllAssets 0.173ms
			SpriteShapeAssetPostProcessor.OnPostprocessAllAssets 0.142ms
			ShaderGraphAssetPostProcessor.OnPostprocessAllAssets 0.079ms
	PostAssetChangesProfiler: 19.859ms
	GatherAllCurrentPrimaryImportResultRevisions: 0.370ms
	UnloadStreamsBegin: 2.664ms
	PersistCurrentRevisions: 0.182ms
	Untracked: 58.418ms

SpriteAtlasPacking completed in 0.005828 sec
Entering Playmode with Reload Domain disabled.
If you experience any issues, please disable "Enter Play Mode Options" in Editor Settings
Loaded scene 'Temp/__Backupscenes/0.backup'
	Deserialize:            1.568 ms
	Integration:            332.494 ms
	Integration of assets:  0.032 ms
	Thread Wait Time:       0.012 ms
	Total Operation Time:   334.106 ms
Let's try GetRandomEmptyCell
UnityEngine.Debug:ExtractStackTraceNoAlloc (byte*,int,string)
UnityEngine.StackTraceUtility:ExtractStackTrace ()
UnityEngine.DebugLogHandler:Internal_Log (UnityEngine.LogType,UnityEngine.LogOption,string,UnityEngine.Object)
UnityEngine.DebugLogHandler:LogFormat (UnityEngine.LogType,UnityEngine.Object,string,object[])
UnityEngine.Logger:Log (UnityEngine.LogType,object)
UnityEngine.Debug:Log (object)
GridBehavior:GetRandomEmptyCell () (at Assets/Scripts/GridBehavior.cs:41)
BoardBehavior:CreateTile () (at Assets/Scripts/BoardBehavior.cs:172)
BoardBehavior:Start () (at Assets/Scripts/BoardBehavior.cs:38)

(Filename: Assets/Scripts/GridBehavior.cs Line: 41)

Let's try GetRandomEmptyCell
UnityEngine.Debug:ExtractStackTraceNoAlloc (byte*,int,string)
UnityEngine.StackTraceUtility:ExtractStackTrace ()
UnityEngine.DebugLogHandler:Internal_Log (UnityEngine.LogType,UnityEngine.LogOption,string,UnityEngine.Object)
UnityEngine.DebugLogHandler:LogFormat (UnityEngine.LogType,UnityEngine.Object,string,object[])
UnityEngine.Logger:Log (UnityEngine.LogType,object)
UnityEngine.Debug:Log (object)
GridBehavior:GetRandomEmptyCell () (at Assets/Scripts/GridBehavior.cs:41)
BoardBehavior:CreateTile () (at Assets/Scripts/BoardBehavior.cs:172)
BoardBehavior:Start () (at Assets/Scripts/BoardBehavior.cs:39)

(Filename: Assets/Scripts/GridBehavior.cs Line: 41)

Right key pressed
UnityEngine.Debug:ExtractStackTraceNoAlloc (byte*,int,string)
UnityEngine.StackTraceUtility:ExtractStackTrace ()
UnityEngine.DebugLogHandler:Internal_Log (UnityEngine.LogType,UnityEngine.LogOption,string,UnityEngine.Object)
UnityEngine.DebugLogHandler:LogFormat (UnityEngine.LogType,UnityEngine.Object,string,object[])
UnityEngine.Logger:Log (UnityEngine.LogType,object)
UnityEngine.Debug:Log (object)
BoardBehavior:Update () (at Assets/Scripts/BoardBehavior.cs:73)

(Filename: Assets/Scripts/BoardBehavior.cs Line: 73)

Left key pressed
UnityEngine.Debug:ExtractStackTraceNoAlloc (byte*,int,string)
UnityEngine.StackTraceUtility:ExtractStackTrace ()
UnityEngine.DebugLogHandler:Internal_Log (UnityEngine.LogType,UnityEngine.LogOption,string,UnityEngine.Object)
UnityEngine.DebugLogHandler:LogFormat (UnityEngine.LogType,UnityEngine.Object,string,object[])
UnityEngine.Logger:Log (UnityEngine.LogType,object)
UnityEngine.Debug:Log (object)
BoardBehavior:Update () (at Assets/Scripts/BoardBehavior.cs:59)

(Filename: Assets/Scripts/BoardBehavior.cs Line: 59)

Right key pressed
UnityEngine.Debug:ExtractStackTraceNoAlloc (byte*,int,string)
UnityEngine.StackTraceUtility:ExtractStackTrace ()
UnityEngine.DebugLogHandler:Internal_Log (UnityEngine.LogType,UnityEngine.LogOption,string,UnityEngine.Object)
UnityEngine.DebugLogHandler:LogFormat (UnityEngine.LogType,UnityEngine.Object,string,object[])
UnityEngine.Logger:Log (UnityEngine.LogType,object)
UnityEngine.Debug:Log (object)
BoardBehavior:Update () (at Assets/Scripts/BoardBehavior.cs:73)

(Filename: Assets/Scripts/BoardBehavior.cs Line: 73)

Left key pressed
UnityEngine.Debug:ExtractStackTraceNoAlloc (byte*,int,string)
UnityEngine.StackTraceUtility:ExtractStackTrace ()
UnityEngine.DebugLogHandler:Internal_Log (UnityEngine.LogType,UnityEngine.LogOption,string,UnityEngine.Object)
UnityEngine.DebugLogHandler:LogFormat (UnityEngine.LogType,UnityEngine.Object,string,object[])
UnityEngine.Logger:Log (UnityEngine.LogType,object)
UnityEngine.Debug:Log (object)
BoardBehavior:Update () (at Assets/Scripts/BoardBehavior.cs:59)

(Filename: Assets/Scripts/BoardBehavior.cs Line: 59)

Up key pressed
UnityEngine.Debug:ExtractStackTraceNoAlloc (byte*,int,string)
UnityEngine.StackTraceUtility:ExtractStackTrace ()
UnityEngine.DebugLogHandler:Internal_Log (UnityEngine.LogType,UnityEngine.LogOption,string,UnityEngine.Object)
UnityEngine.DebugLogHandler:LogFormat (UnityEngine.LogType,UnityEngine.Object,string,object[])
UnityEngine.Logger:Log (UnityEngine.LogType,object)
UnityEngine.Debug:Log (object)
BoardBehavior:Update () (at Assets/Scripts/BoardBehavior.cs:52)

(Filename: Assets/Scripts/BoardBehavior.cs Line: 52)

Up key pressed
UnityEngine.Debug:ExtractStackTraceNoAlloc (byte*,int,string)
UnityEngine.StackTraceUtility:ExtractStackTrace ()
UnityEngine.DebugLogHandler:Internal_Log (UnityEngine.LogType,UnityEngine.LogOption,string,UnityEngine.Object)
UnityEngine.DebugLogHandler:LogFormat (UnityEngine.LogType,UnityEngine.Object,string,object[])
UnityEngine.Logger:Log (UnityEngine.LogType,object)
UnityEngine.Debug:Log (object)
BoardBehavior:Update () (at Assets/Scripts/BoardBehavior.cs:52)

(Filename: Assets/Scripts/BoardBehavior.cs Line: 52)

Down key pressed
UnityEngine.Debug:ExtractStackTraceNoAlloc (byte*,int,string)
UnityEngine.StackTraceUtility:ExtractStackTrace ()
UnityEngine.DebugLogHandler:Internal_Log (UnityEngine.LogType,UnityEngine.LogOption,string,UnityEngine.Object)
UnityEngine.DebugLogHandler:LogFormat (UnityEngine.LogType,UnityEngine.Object,string,object[])
UnityEngine.Logger:Log (UnityEngine.LogType,object)
UnityEngine.Debug:Log (object)
BoardBehavior:Update () (at Assets/Scripts/BoardBehavior.cs:66)

(Filename: Assets/Scripts/BoardBehavior.cs Line: 66)

Up key pressed
UnityEngine.Debug:ExtractStackTraceNoAlloc (byte*,int,string)
UnityEngine.StackTraceUtility:ExtractStackTrace ()
UnityEngine.DebugLogHandler:Internal_Log (UnityEngine.LogType,UnityEngine.LogOption,string,UnityEngine.Object)
UnityEngine.DebugLogHandler:LogFormat (UnityEngine.LogType,UnityEngine.Object,string,object[])
UnityEngine.Logger:Log (UnityEngine.LogType,object)
UnityEngine.Debug:Log (object)
BoardBehavior:Update () (at Assets/Scripts/BoardBehavior.cs:52)

(Filename: Assets/Scripts/BoardBehavior.cs Line: 52)

Right key pressed
UnityEngine.Debug:ExtractStackTraceNoAlloc (byte*,int,string)
UnityEngine.StackTraceUtility:ExtractStackTrace ()
UnityEngine.DebugLogHandler:Internal_Log (UnityEngine.LogType,UnityEngine.LogOption,string,UnityEngine.Object)
UnityEngine.DebugLogHandler:LogFormat (UnityEngine.LogType,UnityEngine.Object,string,object[])
UnityEngine.Logger:Log (UnityEngine.LogType,object)
UnityEngine.Debug:Log (object)
BoardBehavior:Update () (at Assets/Scripts/BoardBehavior.cs:73)

(Filename: Assets/Scripts/BoardBehavior.cs Line: 73)

Left key pressed
UnityEngine.Debug:ExtractStackTraceNoAlloc (byte*,int,string)
UnityEngine.StackTraceUtility:ExtractStackTrace ()
UnityEngine.DebugLogHandler:Internal_Log (UnityEngine.LogType,UnityEngine.LogOption,string,UnityEngine.Object)
UnityEngine.DebugLogHandler:LogFormat (UnityEngine.LogType,UnityEngine.Object,string,object[])
UnityEngine.Logger:Log (UnityEngine.LogType,object)
UnityEngine.Debug:Log (object)
BoardBehavior:Update () (at Assets/Scripts/BoardBehavior.cs:59)

(Filename: Assets/Scripts/BoardBehavior.cs Line: 59)

Right key pressed
UnityEngine.Debug:ExtractStackTraceNoAlloc (byte*,int,string)
UnityEngine.StackTraceUtility:ExtractStackTrace ()
UnityEngine.DebugLogHandler:Internal_Log (UnityEngine.LogType,UnityEngine.LogOption,string,UnityEngine.Object)
UnityEngine.DebugLogHandler:LogFormat (UnityEngine.LogType,UnityEngine.Object,string,object[])
UnityEngine.Logger:Log (UnityEngine.LogType,object)
UnityEngine.Debug:Log (object)
BoardBehavior:Update () (at Assets/Scripts/BoardBehavior.cs:73)

(Filename: Assets/Scripts/BoardBehavior.cs Line: 73)

Left key pressed
UnityEngine.Debug:ExtractStackTraceNoAlloc (byte*,int,string)
UnityEngine.StackTraceUtility:ExtractStackTrace ()
UnityEngine.DebugLogHandler:Internal_Log (UnityEngine.LogType,UnityEngine.LogOption,string,UnityEngine.Object)
UnityEngine.DebugLogHandler:LogFormat (UnityEngine.LogType,UnityEngine.Object,string,object[])
UnityEngine.Logger:Log (UnityEngine.LogType,object)
UnityEngine.Debug:Log (object)
BoardBehavior:Update () (at Assets/Scripts/BoardBehavior.cs:59)

(Filename: Assets/Scripts/BoardBehavior.cs Line: 59)

[Worker3] Imported GUID: 44c416fde68735d4a89872ecfe46b239 - Path: Assets/Prefabs/Tile.prefab - Importer: PreviewImporter -> (ImportResultId: '8fcca75c03c4c3c3f13f4833039335d0') in 0.0345069 seconds
Right key pressed
UnityEngine.Debug:ExtractStackTraceNoAlloc (byte*,int,string)
UnityEngine.StackTraceUtility:ExtractStackTrace ()
UnityEngine.DebugLogHandler:Internal_Log (UnityEngine.LogType,UnityEngine.LogOption,string,UnityEngine.Object)
UnityEngine.DebugLogHandler:LogFormat (UnityEngine.LogType,UnityEngine.Object,string,object[])
UnityEngine.Logger:Log (UnityEngine.LogType,object)
UnityEngine.Debug:Log (object)
BoardBehavior:Update () (at Assets/Scripts/BoardBehavior.cs:73)

(Filename: Assets/Scripts/BoardBehavior.cs Line: 73)

Left key pressed
UnityEngine.Debug:ExtractStackTraceNoAlloc (byte*,int,string)
UnityEngine.StackTraceUtility:ExtractStackTrace ()
UnityEngine.DebugLogHandler:Internal_Log (UnityEngine.LogType,UnityEngine.LogOption,string,UnityEngine.Object)
UnityEngine.DebugLogHandler:LogFormat (UnityEngine.LogType,UnityEngine.Object,string,object[])
UnityEngine.Logger:Log (UnityEngine.LogType,object)
UnityEngine.Debug:Log (object)
BoardBehavior:Update () (at Assets/Scripts/BoardBehavior.cs:59)

(Filename: Assets/Scripts/BoardBehavior.cs Line: 59)

Down key pressed
UnityEngine.Debug:ExtractStackTraceNoAlloc (byte*,int,string)
UnityEngine.StackTraceUtility:ExtractStackTrace ()
UnityEngine.DebugLogHandler:Internal_Log (UnityEngine.LogType,UnityEngine.LogOption,string,UnityEngine.Object)
UnityEngine.DebugLogHandler:LogFormat (UnityEngine.LogType,UnityEngine.Object,string,object[])
UnityEngine.Logger:Log (UnityEngine.LogType,object)
UnityEngine.Debug:Log (object)
BoardBehavior:Update () (at Assets/Scripts/BoardBehavior.cs:66)

(Filename: Assets/Scripts/BoardBehavior.cs Line: 66)

Right key pressed
UnityEngine.Debug:ExtractStackTraceNoAlloc (byte*,int,string)
UnityEngine.StackTraceUtility:ExtractStackTrace ()
UnityEngine.DebugLogHandler:Internal_Log (UnityEngine.LogType,UnityEngine.LogOption,string,UnityEngine.Object)
UnityEngine.DebugLogHandler:LogFormat (UnityEngine.LogType,UnityEngine.Object,string,object[])
UnityEngine.Logger:Log (UnityEngine.LogType,object)
UnityEngine.Debug:Log (object)
BoardBehavior:Update () (at Assets/Scripts/BoardBehavior.cs:73)

(Filename: Assets/Scripts/BoardBehavior.cs Line: 73)

Left key pressed
UnityEngine.Debug:ExtractStackTraceNoAlloc (byte*,int,string)
UnityEngine.StackTraceUtility:ExtractStackTrace ()
UnityEngine.DebugLogHandler:Internal_Log (UnityEngine.LogType,UnityEngine.LogOption,string,UnityEngine.Object)
UnityEngine.DebugLogHandler:LogFormat (UnityEngine.LogType,UnityEngine.Object,string,object[])
UnityEngine.Logger:Log (UnityEngine.LogType,object)
UnityEngine.Debug:Log (object)
BoardBehavior:Update () (at Assets/Scripts/BoardBehavior.cs:59)

(Filename: Assets/Scripts/BoardBehavior.cs Line: 59)

Right key pressed
UnityEngine.Debug:ExtractStackTraceNoAlloc (byte*,int,string)
UnityEngine.StackTraceUtility:ExtractStackTrace ()
UnityEngine.DebugLogHandler:Internal_Log (UnityEngine.LogType,UnityEngine.LogOption,string,UnityEngine.Object)
UnityEngine.DebugLogHandler:LogFormat (UnityEngine.LogType,UnityEngine.Object,string,object[])
UnityEngine.Logger:Log (UnityEngine.LogType,object)
UnityEngine.Debug:Log (object)
BoardBehavior:Update () (at Assets/Scripts/BoardBehavior.cs:73)

(Filename: Assets/Scripts/BoardBehavior.cs Line: 73)

Left key pressed
UnityEngine.Debug:ExtractStackTraceNoAlloc (byte*,int,string)
UnityEngine.StackTraceUtility:ExtractStackTrace ()
UnityEngine.DebugLogHandler:Internal_Log (UnityEngine.LogType,UnityEngine.LogOption,string,UnityEngine.Object)
UnityEngine.DebugLogHandler:LogFormat (UnityEngine.LogType,UnityEngine.Object,string,object[])
UnityEngine.Logger:Log (UnityEngine.LogType,object)
UnityEngine.Debug:Log (object)
BoardBehavior:Update () (at Assets/Scripts/BoardBehavior.cs:59)

(Filename: Assets/Scripts/BoardBehavior.cs Line: 59)

Right key pressed
UnityEngine.Debug:ExtractStackTraceNoAlloc (byte*,int,string)
UnityEngine.StackTraceUtility:ExtractStackTrace ()
UnityEngine.DebugLogHandler:Internal_Log (UnityEngine.LogType,UnityEngine.LogOption,string,UnityEngine.Object)
UnityEngine.DebugLogHandler:LogFormat (UnityEngine.LogType,UnityEngine.Object,string,object[])
UnityEngine.Logger:Log (UnityEngine.LogType,object)
UnityEngine.Debug:Log (object)
BoardBehavior:Update () (at Assets/Scripts/BoardBehavior.cs:73)

(Filename: Assets/Scripts/BoardBehavior.cs Line: 73)

Left key pressed
UnityEngine.Debug:ExtractStackTraceNoAlloc (byte*,int,string)
UnityEngine.StackTraceUtility:ExtractStackTrace ()
UnityEngine.DebugLogHandler:Internal_Log (UnityEngine.LogType,UnityEngine.LogOption,string,UnityEngine.Object)
UnityEngine.DebugLogHandler:LogFormat (UnityEngine.LogType,UnityEngine.Object,string,object[])
UnityEngine.Logger:Log (UnityEngine.LogType,object)
UnityEngine.Debug:Log (object)
BoardBehavior:Update () (at Assets/Scripts/BoardBehavior.cs:59)

(Filename: Assets/Scripts/BoardBehavior.cs Line: 59)

Down key pressed
UnityEngine.Debug:ExtractStackTraceNoAlloc (byte*,int,string)
UnityEngine.StackTraceUtility:ExtractStackTrace ()
UnityEngine.DebugLogHandler:Internal_Log (UnityEngine.LogType,UnityEngine.LogOption,string,UnityEngine.Object)
UnityEngine.DebugLogHandler:LogFormat (UnityEngine.LogType,UnityEngine.Object,string,object[])
UnityEngine.Logger:Log (UnityEngine.LogType,object)
UnityEngine.Debug:Log (object)
BoardBehavior:Update () (at Assets/Scripts/BoardBehavior.cs:66)

(Filename: Assets/Scripts/BoardBehavior.cs Line: 66)

Right key pressed
UnityEngine.Debug:ExtractStackTraceNoAlloc (byte*,int,string)
UnityEngine.StackTraceUtility:ExtractStackTrace ()
UnityEngine.DebugLogHandler:Internal_Log (UnityEngine.LogType,UnityEngine.LogOption,string,UnityEngine.Object)
UnityEngine.DebugLogHandler:LogFormat (UnityEngine.LogType,UnityEngine.Object,string,object[])
UnityEngine.Logger:Log (UnityEngine.LogType,object)
UnityEngine.Debug:Log (object)
BoardBehavior:Update () (at Assets/Scripts/BoardBehavior.cs:73)

(Filename: Assets/Scripts/BoardBehavior.cs Line: 73)

Up key pressed
UnityEngine.Debug:ExtractStackTraceNoAlloc (byte*,int,string)
UnityEngine.StackTraceUtility:ExtractStackTrace ()
UnityEngine.DebugLogHandler:Internal_Log (UnityEngine.LogType,UnityEngine.LogOption,string,UnityEngine.Object)
UnityEngine.DebugLogHandler:LogFormat (UnityEngine.LogType,UnityEngine.Object,string,object[])
UnityEngine.Logger:Log (UnityEngine.LogType,object)
UnityEngine.Debug:Log (object)
BoardBehavior:Update () (at Assets/Scripts/BoardBehavior.cs:52)

(Filename: Assets/Scripts/BoardBehavior.cs Line: 52)

Right key pressed
UnityEngine.Debug:ExtractStackTraceNoAlloc (byte*,int,string)
UnityEngine.StackTraceUtility:ExtractStackTrace ()
UnityEngine.DebugLogHandler:Internal_Log (UnityEngine.LogType,UnityEngine.LogOption,string,UnityEngine.Object)
UnityEngine.DebugLogHandler:LogFormat (UnityEngine.LogType,UnityEngine.Object,string,object[])
UnityEngine.Logger:Log (UnityEngine.LogType,object)
UnityEngine.Debug:Log (object)
BoardBehavior:Update () (at Assets/Scripts/BoardBehavior.cs:73)

(Filename: Assets/Scripts/BoardBehavior.cs Line: 73)

Left key pressed
UnityEngine.Debug:ExtractStackTraceNoAlloc (byte*,int,string)
UnityEngine.StackTraceUtility:ExtractStackTrace ()
UnityEngine.DebugLogHandler:Internal_Log (UnityEngine.LogType,UnityEngine.LogOption,string,UnityEngine.Object)
UnityEngine.DebugLogHandler:LogFormat (UnityEngine.LogType,UnityEngine.Object,string,object[])
UnityEngine.Logger:Log (UnityEngine.LogType,object)
UnityEngine.Debug:Log (object)
BoardBehavior:Update () (at Assets/Scripts/BoardBehavior.cs:59)

(Filename: Assets/Scripts/BoardBehavior.cs Line: 59)

Right key pressed
UnityEngine.Debug:ExtractStackTraceNoAlloc (byte*,int,string)
UnityEngine.StackTraceUtility:ExtractStackTrace ()
UnityEngine.DebugLogHandler:Internal_Log (UnityEngine.LogType,UnityEngine.LogOption,string,UnityEngine.Object)
UnityEngine.DebugLogHandler:LogFormat (UnityEngine.LogType,UnityEngine.Object,string,object[])
UnityEngine.Logger:Log (UnityEngine.LogType,object)
UnityEngine.Debug:Log (object)
BoardBehavior:Update () (at Assets/Scripts/BoardBehavior.cs:73)

(Filename: Assets/Scripts/BoardBehavior.cs Line: 73)

Left key pressed
UnityEngine.Debug:ExtractStackTraceNoAlloc (byte*,int,string)
UnityEngine.StackTraceUtility:ExtractStackTrace ()
UnityEngine.DebugLogHandler:Internal_Log (UnityEngine.LogType,UnityEngine.LogOption,string,UnityEngine.Object)
UnityEngine.DebugLogHandler:LogFormat (UnityEngine.LogType,UnityEngine.Object,string,object[])
UnityEngine.Logger:Log (UnityEngine.LogType,object)
UnityEngine.Debug:Log (object)
BoardBehavior:Update () (at Assets/Scripts/BoardBehavior.cs:59)

(Filename: Assets/Scripts/BoardBehavior.cs Line: 59)

Right key pressed
UnityEngine.Debug:ExtractStackTraceNoAlloc (byte*,int,string)
UnityEngine.StackTraceUtility:ExtractStackTrace ()
UnityEngine.DebugLogHandler:Internal_Log (UnityEngine.LogType,UnityEngine.LogOption,string,UnityEngine.Object)
UnityEngine.DebugLogHandler:LogFormat (UnityEngine.LogType,UnityEngine.Object,string,object[])
UnityEngine.Logger:Log (UnityEngine.LogType,object)
UnityEngine.Debug:Log (object)
BoardBehavior:Update () (at Assets/Scripts/BoardBehavior.cs:73)

(Filename: Assets/Scripts/BoardBehavior.cs Line: 73)

Left key pressed
UnityEngine.Debug:ExtractStackTraceNoAlloc (byte*,int,string)
UnityEngine.StackTraceUtility:ExtractStackTrace ()
UnityEngine.DebugLogHandler:Internal_Log (UnityEngine.LogType,UnityEngine.LogOption,string,UnityEngine.Object)
UnityEngine.DebugLogHandler:LogFormat (UnityEngine.LogType,UnityEngine.Object,string,object[])
UnityEngine.Logger:Log (UnityEngine.LogType,object)
UnityEngine.Debug:Log (object)
BoardBehavior:Update () (at Assets/Scripts/BoardBehavior.cs:59)

(Filename: Assets/Scripts/BoardBehavior.cs Line: 59)

Right key pressed
UnityEngine.Debug:ExtractStackTraceNoAlloc (byte*,int,string)
UnityEngine.StackTraceUtility:ExtractStackTrace ()
UnityEngine.DebugLogHandler:Internal_Log (UnityEngine.LogType,UnityEngine.LogOption,string,UnityEngine.Object)
UnityEngine.DebugLogHandler:LogFormat (UnityEngine.LogType,UnityEngine.Object,string,object[])
UnityEngine.Logger:Log (UnityEngine.LogType,object)
UnityEngine.Debug:Log (object)
BoardBehavior:Update () (at Assets/Scripts/BoardBehavior.cs:73)

(Filename: Assets/Scripts/BoardBehavior.cs Line: 73)

Left key pressed
UnityEngine.Debug:ExtractStackTraceNoAlloc (byte*,int,string)
UnityEngine.StackTraceUtility:ExtractStackTrace ()
UnityEngine.DebugLogHandler:Internal_Log (UnityEngine.LogType,UnityEngine.LogOption,string,UnityEngine.Object)
UnityEngine.DebugLogHandler:LogFormat (UnityEngine.LogType,UnityEngine.Object,string,object[])
UnityEngine.Logger:Log (UnityEngine.LogType,object)
UnityEngine.Debug:Log (object)
BoardBehavior:Update () (at Assets/Scripts/BoardBehavior.cs:59)

(Filename: Assets/Scripts/BoardBehavior.cs Line: 59)

Right key pressed
UnityEngine.Debug:ExtractStackTraceNoAlloc (byte*,int,string)
UnityEngine.StackTraceUtility:ExtractStackTrace ()
UnityEngine.DebugLogHandler:Internal_Log (UnityEngine.LogType,UnityEngine.LogOption,string,UnityEngine.Object)
UnityEngine.DebugLogHandler:LogFormat (UnityEngine.LogType,UnityEngine.Object,string,object[])
UnityEngine.Logger:Log (UnityEngine.LogType,object)
UnityEngine.Debug:Log (object)
BoardBehavior:Update () (at Assets/Scripts/BoardBehavior.cs:73)

(Filename: Assets/Scripts/BoardBehavior.cs Line: 73)

Left key pressed
UnityEngine.Debug:ExtractStackTraceNoAlloc (byte*,int,string)
UnityEngine.StackTraceUtility:ExtractStackTrace ()
UnityEngine.DebugLogHandler:Internal_Log (UnityEngine.LogType,UnityEngine.LogOption,string,UnityEngine.Object)
UnityEngine.DebugLogHandler:LogFormat (UnityEngine.LogType,UnityEngine.Object,string,object[])
UnityEngine.Logger:Log (UnityEngine.LogType,object)
UnityEngine.Debug:Log (object)
BoardBehavior:Update () (at Assets/Scripts/BoardBehavior.cs:59)

(Filename: Assets/Scripts/BoardBehavior.cs Line: 59)

Right key pressed
UnityEngine.Debug:ExtractStackTraceNoAlloc (byte*,int,string)
UnityEngine.StackTraceUtility:ExtractStackTrace ()
UnityEngine.DebugLogHandler:Internal_Log (UnityEngine.LogType,UnityEngine.LogOption,string,UnityEngine.Object)
UnityEngine.DebugLogHandler:LogFormat (UnityEngine.LogType,UnityEngine.Object,string,object[])
UnityEngine.Logger:Log (UnityEngine.LogType,object)
UnityEngine.Debug:Log (object)
BoardBehavior:Update () (at Assets/Scripts/BoardBehavior.cs:73)

(Filename: Assets/Scripts/BoardBehavior.cs Line: 73)

Down key pressed
UnityEngine.Debug:ExtractStackTraceNoAlloc (byte*,int,string)
UnityEngine.StackTraceUtility:ExtractStackTrace ()
UnityEngine.DebugLogHandler:Internal_Log (UnityEngine.LogType,UnityEngine.LogOption,string,UnityEngine.Object)
UnityEngine.DebugLogHandler:LogFormat (UnityEngine.LogType,UnityEngine.Object,string,object[])
UnityEngine.Logger:Log (UnityEngine.LogType,object)
UnityEngine.Debug:Log (object)
BoardBehavior:Update () (at Assets/Scripts/BoardBehavior.cs:66)

(Filename: Assets/Scripts/BoardBehavior.cs Line: 66)

Left key pressed
UnityEngine.Debug:ExtractStackTraceNoAlloc (byte*,int,string)
UnityEngine.StackTraceUtility:ExtractStackTrace ()
UnityEngine.DebugLogHandler:Internal_Log (UnityEngine.LogType,UnityEngine.LogOption,string,UnityEngine.Object)
UnityEngine.DebugLogHandler:LogFormat (UnityEngine.LogType,UnityEngine.Object,string,object[])
UnityEngine.Logger:Log (UnityEngine.LogType,object)
UnityEngine.Debug:Log (object)
BoardBehavior:Update () (at Assets/Scripts/BoardBehavior.cs:59)

(Filename: Assets/Scripts/BoardBehavior.cs Line: 59)

Down key pressed
UnityEngine.Debug:ExtractStackTraceNoAlloc (byte*,int,string)
UnityEngine.StackTraceUtility:ExtractStackTrace ()
UnityEngine.DebugLogHandler:Internal_Log (UnityEngine.LogType,UnityEngine.LogOption,string,UnityEngine.Object)
UnityEngine.DebugLogHandler:LogFormat (UnityEngine.LogType,UnityEngine.Object,string,object[])
UnityEngine.Logger:Log (UnityEngine.LogType,object)
UnityEngine.Debug:Log (object)
BoardBehavior:Update () (at Assets/Scripts/BoardBehavior.cs:66)

(Filename: Assets/Scripts/BoardBehavior.cs Line: 66)

Left key pressed
UnityEngine.Debug:ExtractStackTraceNoAlloc (byte*,int,string)
UnityEngine.StackTraceUtility:ExtractStackTrace ()
UnityEngine.DebugLogHandler:Internal_Log (UnityEngine.LogType,UnityEngine.LogOption,string,UnityEngine.Object)
UnityEngine.DebugLogHandler:LogFormat (UnityEngine.LogType,UnityEngine.Object,string,object[])
UnityEngine.Logger:Log (UnityEngine.LogType,object)
UnityEngine.Debug:Log (object)
BoardBehavior:Update () (at Assets/Scripts/BoardBehavior.cs:59)

(Filename: Assets/Scripts/BoardBehavior.cs Line: 59)

Right key pressed
UnityEngine.Debug:ExtractStackTraceNoAlloc (byte*,int,string)
UnityEngine.StackTraceUtility:ExtractStackTrace ()
UnityEngine.DebugLogHandler:Internal_Log (UnityEngine.LogType,UnityEngine.LogOption,string,UnityEngine.Object)
UnityEngine.DebugLogHandler:LogFormat (UnityEngine.LogType,UnityEngine.Object,string,object[])
UnityEngine.Logger:Log (UnityEngine.LogType,object)
UnityEngine.Debug:Log (object)
BoardBehavior:Update () (at Assets/Scripts/BoardBehavior.cs:73)

(Filename: Assets/Scripts/BoardBehavior.cs Line: 73)

Up key pressed
UnityEngine.Debug:ExtractStackTraceNoAlloc (byte*,int,string)
UnityEngine.StackTraceUtility:ExtractStackTrace ()
UnityEngine.DebugLogHandler:Internal_Log (UnityEngine.LogType,UnityEngine.LogOption,string,UnityEngine.Object)
UnityEngine.DebugLogHandler:LogFormat (UnityEngine.LogType,UnityEngine.Object,string,object[])
UnityEngine.Logger:Log (UnityEngine.LogType,object)
UnityEngine.Debug:Log (object)
BoardBehavior:Update () (at Assets/Scripts/BoardBehavior.cs:52)

(Filename: Assets/Scripts/BoardBehavior.cs Line: 52)

Right key pressed
UnityEngine.Debug:ExtractStackTraceNoAlloc (byte*,int,string)
UnityEngine.StackTraceUtility:ExtractStackTrace ()
UnityEngine.DebugLogHandler:Internal_Log (UnityEngine.LogType,UnityEngine.LogOption,string,UnityEngine.Object)
UnityEngine.DebugLogHandler:LogFormat (UnityEngine.LogType,UnityEngine.Object,string,object[])
UnityEngine.Logger:Log (UnityEngine.LogType,object)
UnityEngine.Debug:Log (object)
BoardBehavior:Update () (at Assets/Scripts/BoardBehavior.cs:73)

(Filename: Assets/Scripts/BoardBehavior.cs Line: 73)

Down key pressed
UnityEngine.Debug:ExtractStackTraceNoAlloc (byte*,int,string)
UnityEngine.StackTraceUtility:ExtractStackTrace ()
UnityEngine.DebugLogHandler:Internal_Log (UnityEngine.LogType,UnityEngine.LogOption,string,UnityEngine.Object)
UnityEngine.DebugLogHandler:LogFormat (UnityEngine.LogType,UnityEngine.Object,string,object[])
UnityEngine.Logger:Log (UnityEngine.LogType,object)
UnityEngine.Debug:Log (object)
BoardBehavior:Update () (at Assets/Scripts/BoardBehavior.cs:66)

(Filename: Assets/Scripts/BoardBehavior.cs Line: 66)

Left key pressed
UnityEngine.Debug:ExtractStackTraceNoAlloc (byte*,int,string)
UnityEngine.StackTraceUtility:ExtractStackTrace ()
UnityEngine.DebugLogHandler:Internal_Log (UnityEngine.LogType,UnityEngine.LogOption,string,UnityEngine.Object)
UnityEngine.DebugLogHandler:LogFormat (UnityEngine.LogType,UnityEngine.Object,string,object[])
UnityEngine.Logger:Log (UnityEngine.LogType,object)
UnityEngine.Debug:Log (object)
BoardBehavior:Update () (at Assets/Scripts/BoardBehavior.cs:59)

(Filename: Assets/Scripts/BoardBehavior.cs Line: 59)

Up key pressed
UnityEngine.Debug:ExtractStackTraceNoAlloc (byte*,int,string)
UnityEngine.StackTraceUtility:ExtractStackTrace ()
UnityEngine.DebugLogHandler:Internal_Log (UnityEngine.LogType,UnityEngine.LogOption,string,UnityEngine.Object)
UnityEngine.DebugLogHandler:LogFormat (UnityEngine.LogType,UnityEngine.Object,string,object[])
UnityEngine.Logger:Log (UnityEngine.LogType,object)
UnityEngine.Debug:Log (object)
BoardBehavior:Update () (at Assets/Scripts/BoardBehavior.cs:52)

(Filename: Assets/Scripts/BoardBehavior.cs Line: 52)

Right key pressed
UnityEngine.Debug:ExtractStackTraceNoAlloc (byte*,int,string)
UnityEngine.StackTraceUtility:ExtractStackTrace ()
UnityEngine.DebugLogHandler:Internal_Log (UnityEngine.LogType,UnityEngine.LogOption,string,UnityEngine.Object)
UnityEngine.DebugLogHandler:LogFormat (UnityEngine.LogType,UnityEngine.Object,string,object[])
UnityEngine.Logger:Log (UnityEngine.LogType,object)
UnityEngine.Debug:Log (object)
BoardBehavior:Update () (at Assets/Scripts/BoardBehavior.cs:73)

(Filename: Assets/Scripts/BoardBehavior.cs Line: 73)

Down key pressed
UnityEngine.Debug:ExtractStackTraceNoAlloc (byte*,int,string)
UnityEngine.StackTraceUtility:ExtractStackTrace ()
UnityEngine.DebugLogHandler:Internal_Log (UnityEngine.LogType,UnityEngine.LogOption,string,UnityEngine.Object)
UnityEngine.DebugLogHandler:LogFormat (UnityEngine.LogType,UnityEngine.Object,string,object[])
UnityEngine.Logger:Log (UnityEngine.LogType,object)
UnityEngine.Debug:Log (object)
BoardBehavior:Update () (at Assets/Scripts/BoardBehavior.cs:66)

(Filename: Assets/Scripts/BoardBehavior.cs Line: 66)

Right key pressed
UnityEngine.Debug:ExtractStackTraceNoAlloc (byte*,int,string)
UnityEngine.StackTraceUtility:ExtractStackTrace ()
UnityEngine.DebugLogHandler:Internal_Log (UnityEngine.LogType,UnityEngine.LogOption,string,UnityEngine.Object)
UnityEngine.DebugLogHandler:LogFormat (UnityEngine.LogType,UnityEngine.Object,string,object[])
UnityEngine.Logger:Log (UnityEngine.LogType,object)
UnityEngine.Debug:Log (object)
BoardBehavior:Update () (at Assets/Scripts/BoardBehavior.cs:73)

(Filename: Assets/Scripts/BoardBehavior.cs Line: 73)

Left key pressed
UnityEngine.Debug:ExtractStackTraceNoAlloc (byte*,int,string)
UnityEngine.StackTraceUtility:ExtractStackTrace ()
UnityEngine.DebugLogHandler:Internal_Log (UnityEngine.LogType,UnityEngine.LogOption,string,UnityEngine.Object)
UnityEngine.DebugLogHandler:LogFormat (UnityEngine.LogType,UnityEngine.Object,string,object[])
UnityEngine.Logger:Log (UnityEngine.LogType,object)
UnityEngine.Debug:Log (object)
BoardBehavior:Update () (at Assets/Scripts/BoardBehavior.cs:59)

(Filename: Assets/Scripts/BoardBehavior.cs Line: 59)

Down key pressed
UnityEngine.Debug:ExtractStackTraceNoAlloc (byte*,int,string)
UnityEngine.StackTraceUtility:ExtractStackTrace ()
UnityEngine.DebugLogHandler:Internal_Log (UnityEngine.LogType,UnityEngine.LogOption,string,UnityEngine.Object)
UnityEngine.DebugLogHandler:LogFormat (UnityEngine.LogType,UnityEngine.Object,string,object[])
UnityEngine.Logger:Log (UnityEngine.LogType,object)
UnityEngine.Debug:Log (object)
BoardBehavior:Update () (at Assets/Scripts/BoardBehavior.cs:66)

(Filename: Assets/Scripts/BoardBehavior.cs Line: 66)

Up key pressed
UnityEngine.Debug:ExtractStackTraceNoAlloc (byte*,int,string)
UnityEngine.StackTraceUtility:ExtractStackTrace ()
UnityEngine.DebugLogHandler:Internal_Log (UnityEngine.LogType,UnityEngine.LogOption,string,UnityEngine.Object)
UnityEngine.DebugLogHandler:LogFormat (UnityEngine.LogType,UnityEngine.Object,string,object[])
UnityEngine.Logger:Log (UnityEngine.LogType,object)
UnityEngine.Debug:Log (object)
BoardBehavior:Update () (at Assets/Scripts/BoardBehavior.cs:52)

(Filename: Assets/Scripts/BoardBehavior.cs Line: 52)

Right key pressed
UnityEngine.Debug:ExtractStackTraceNoAlloc (byte*,int,string)
UnityEngine.StackTraceUtility:ExtractStackTrace ()
UnityEngine.DebugLogHandler:Internal_Log (UnityEngine.LogType,UnityEngine.LogOption,string,UnityEngine.Object)
UnityEngine.DebugLogHandler:LogFormat (UnityEngine.LogType,UnityEngine.Object,string,object[])
UnityEngine.Logger:Log (UnityEngine.LogType,object)
UnityEngine.Debug:Log (object)
BoardBehavior:Update () (at Assets/Scripts/BoardBehavior.cs:73)

(Filename: Assets/Scripts/BoardBehavior.cs Line: 73)

Down key pressed
UnityEngine.Debug:ExtractStackTraceNoAlloc (byte*,int,string)
UnityEngine.StackTraceUtility:ExtractStackTrace ()
UnityEngine.DebugLogHandler:Internal_Log (UnityEngine.LogType,UnityEngine.LogOption,string,UnityEngine.Object)
UnityEngine.DebugLogHandler:LogFormat (UnityEngine.LogType,UnityEngine.Object,string,object[])
UnityEngine.Logger:Log (UnityEngine.LogType,object)
UnityEngine.Debug:Log (object)
BoardBehavior:Update () (at Assets/Scripts/BoardBehavior.cs:66)

(Filename: Assets/Scripts/BoardBehavior.cs Line: 66)

Left key pressed
UnityEngine.Debug:ExtractStackTraceNoAlloc (byte*,int,string)
UnityEngine.StackTraceUtility:ExtractStackTrace ()
UnityEngine.DebugLogHandler:Internal_Log (UnityEngine.LogType,UnityEngine.LogOption,string,UnityEngine.Object)
UnityEngine.DebugLogHandler:LogFormat (UnityEngine.LogType,UnityEngine.Object,string,object[])
UnityEngine.Logger:Log (UnityEngine.LogType,object)
UnityEngine.Debug:Log (object)
BoardBehavior:Update () (at Assets/Scripts/BoardBehavior.cs:59)

(Filename: Assets/Scripts/BoardBehavior.cs Line: 59)

Right key pressed
UnityEngine.Debug:ExtractStackTraceNoAlloc (byte*,int,string)
UnityEngine.StackTraceUtility:ExtractStackTrace ()
UnityEngine.DebugLogHandler:Internal_Log (UnityEngine.LogType,UnityEngine.LogOption,string,UnityEngine.Object)
UnityEngine.DebugLogHandler:LogFormat (UnityEngine.LogType,UnityEngine.Object,string,object[])
UnityEngine.Logger:Log (UnityEngine.LogType,object)
UnityEngine.Debug:Log (object)
BoardBehavior:Update () (at Assets/Scripts/BoardBehavior.cs:73)

(Filename: Assets/Scripts/BoardBehavior.cs Line: 73)

Unloading 1 Unused Serialized files (Serialized files now loaded: 0)
Loaded scene 'Temp/__Backupscenes/0.backup'
	Deserialize:            2.173 ms
	Integration:            241.207 ms
	Integration of assets:  0.003 ms
	Thread Wait Time:       0.010 ms
	Total Operation Time:   243.393 ms
Unloading 62 unused Assets / (18.8 MB). Loaded Objects now: 9478.
Memory consumption went from 0.67 GB to 0.66 GB.
Total: 33.383200 ms (FindLiveObjects: 0.890000 ms CreateObjectMapping: 0.688400 ms MarkObjects: 25.749900 ms  DeleteObjects: 6.053500 ms)

[Worker3] Imported GUID: 44c416fde68735d4a89872ecfe46b239 - Path: Assets/Prefabs/Tile.prefab - Importer: ScriptedImporter/UnityEditor.QuickSearchModule:UnityEditor.Search:ASIAI0B -> (ImportResultId: '32826efe17033ce4f37fc127fcbf7cea') in 0.1878519 seconds
SpriteAtlasPacking completed in 0.004969 sec
Entering Playmode with Reload Domain disabled.
If you experience any issues, please disable "Enter Play Mode Options" in Editor Settings
Loaded scene 'Temp/__Backupscenes/0.backup'
	Deserialize:            1.603 ms
	Integration:            230.666 ms
	Integration of assets:  0.025 ms
	Thread Wait Time:       0.013 ms
	Total Operation Time:   232.307 ms
Importing 'GUID: 44c416fde68735d4a89872ecfe46b239 - Path: Assets/Prefabs/Tile.prefab' with importer (PrefabImporter)
Imported 'GUID: 44c416fde68735d4a89872ecfe46b239' -> (Import Result ID: '4fb67374e5c422424a06d16bbc4cfeb6') in 0.005 seconds [static and dynamic dependencies]. Details - ImportResultOutputID=feecfdc25fc62c14af69c4f4f34eeb10 DependenciesID=f431cb438df8d6f00ba14a241cd2a45f StaticDependenciesID=a0cd918a73d9a775ed9e7812ce8568a2 
Refreshing native plugins compatible for Editor in 3.20 ms, found 5 plugins.
Asset Pipeline Refresh (id=aca873e5fc9af774890b35f839475028): Total: 0.115 seconds - Initiated by StopAssetImportingV2(NoUpdateAssetOptions)
Let's try GetRandomEmptyCell
UnityEngine.Debug:ExtractStackTraceNoAlloc (byte*,int,string)
UnityEngine.StackTraceUtility:ExtractStackTrace ()
UnityEngine.DebugLogHandler:Internal_Log (UnityEngine.LogType,UnityEngine.LogOption,string,UnityEngine.Object)
UnityEngine.DebugLogHandler:LogFormat (UnityEngine.LogType,UnityEngine.Object,string,object[])
UnityEngine.Logger:Log (UnityEngine.LogType,object)
UnityEngine.Debug:Log (object)
GridBehavior:GetRandomEmptyCell () (at Assets/Scripts/GridBehavior.cs:41)
BoardBehavior:CreateTile () (at Assets/Scripts/BoardBehavior.cs:172)
BoardBehavior:Start () (at Assets/Scripts/BoardBehavior.cs:38)

(Filename: Assets/Scripts/GridBehavior.cs Line: 41)

Let's try GetRandomEmptyCell
UnityEngine.Debug:ExtractStackTraceNoAlloc (byte*,int,string)
UnityEngine.StackTraceUtility:ExtractStackTrace ()
UnityEngine.DebugLogHandler:Internal_Log (UnityEngine.LogType,UnityEngine.LogOption,string,UnityEngine.Object)
UnityEngine.DebugLogHandler:LogFormat (UnityEngine.LogType,UnityEngine.Object,string,object[])
UnityEngine.Logger:Log (UnityEngine.LogType,object)
UnityEngine.Debug:Log (object)
GridBehavior:GetRandomEmptyCell () (at Assets/Scripts/GridBehavior.cs:41)
BoardBehavior:CreateTile () (at Assets/Scripts/BoardBehavior.cs:172)
BoardBehavior:Start () (at Assets/Scripts/BoardBehavior.cs:39)

(Filename: Assets/Scripts/GridBehavior.cs Line: 41)

Right key pressed
UnityEngine.Debug:ExtractStackTraceNoAlloc (byte*,int,string)
UnityEngine.StackTraceUtility:ExtractStackTrace ()
UnityEngine.DebugLogHandler:Internal_Log (UnityEngine.LogType,UnityEngine.LogOption,string,UnityEngine.Object)
UnityEngine.DebugLogHandler:LogFormat (UnityEngine.LogType,UnityEngine.Object,string,object[])
UnityEngine.Logger:Log (UnityEngine.LogType,object)
UnityEngine.Debug:Log (object)
BoardBehavior:Update () (at Assets/Scripts/BoardBehavior.cs:73)

(Filename: Assets/Scripts/BoardBehavior.cs Line: 73)

Down key pressed
UnityEngine.Debug:ExtractStackTraceNoAlloc (byte*,int,string)
UnityEngine.StackTraceUtility:ExtractStackTrace ()
UnityEngine.DebugLogHandler:Internal_Log (UnityEngine.LogType,UnityEngine.LogOption,string,UnityEngine.Object)
UnityEngine.DebugLogHandler:LogFormat (UnityEngine.LogType,UnityEngine.Object,string,object[])
UnityEngine.Logger:Log (UnityEngine.LogType,object)
UnityEngine.Debug:Log (object)
BoardBehavior:Update () (at Assets/Scripts/BoardBehavior.cs:66)

(Filename: Assets/Scripts/BoardBehavior.cs Line: 66)

Left key pressed
UnityEngine.Debug:ExtractStackTraceNoAlloc (byte*,int,string)
UnityEngine.StackTraceUtility:ExtractStackTrace ()
UnityEngine.DebugLogHandler:Internal_Log (UnityEngine.LogType,UnityEngine.LogOption,string,UnityEngine.Object)
UnityEngine.DebugLogHandler:LogFormat (UnityEngine.LogType,UnityEngine.Object,string,object[])
UnityEngine.Logger:Log (UnityEngine.LogType,object)
UnityEngine.Debug:Log (object)
BoardBehavior:Update () (at Assets/Scripts/BoardBehavior.cs:59)

(Filename: Assets/Scripts/BoardBehavior.cs Line: 59)

Up key pressed
UnityEngine.Debug:ExtractStackTraceNoAlloc (byte*,int,string)
UnityEngine.StackTraceUtility:ExtractStackTrace ()
UnityEngine.DebugLogHandler:Internal_Log (UnityEngine.LogType,UnityEngine.LogOption,string,UnityEngine.Object)
UnityEngine.DebugLogHandler:LogFormat (UnityEngine.LogType,UnityEngine.Object,string,object[])
UnityEngine.Logger:Log (UnityEngine.LogType,object)
UnityEngine.Debug:Log (object)
BoardBehavior:Update () (at Assets/Scripts/BoardBehavior.cs:52)

(Filename: Assets/Scripts/BoardBehavior.cs Line: 52)

Right key pressed
UnityEngine.Debug:ExtractStackTraceNoAlloc (byte*,int,string)
UnityEngine.StackTraceUtility:ExtractStackTrace ()
UnityEngine.DebugLogHandler:Internal_Log (UnityEngine.LogType,UnityEngine.LogOption,string,UnityEngine.Object)
UnityEngine.DebugLogHandler:LogFormat (UnityEngine.LogType,UnityEngine.Object,string,object[])
UnityEngine.Logger:Log (UnityEngine.LogType,object)
UnityEngine.Debug:Log (object)
BoardBehavior:Update () (at Assets/Scripts/BoardBehavior.cs:73)

(Filename: Assets/Scripts/BoardBehavior.cs Line: 73)

Left key pressed
UnityEngine.Debug:ExtractStackTraceNoAlloc (byte*,int,string)
UnityEngine.StackTraceUtility:ExtractStackTrace ()
UnityEngine.DebugLogHandler:Internal_Log (UnityEngine.LogType,UnityEngine.LogOption,string,UnityEngine.Object)
UnityEngine.DebugLogHandler:LogFormat (UnityEngine.LogType,UnityEngine.Object,string,object[])
UnityEngine.Logger:Log (UnityEngine.LogType,object)
UnityEngine.Debug:Log (object)
BoardBehavior:Update () (at Assets/Scripts/BoardBehavior.cs:59)

(Filename: Assets/Scripts/BoardBehavior.cs Line: 59)

[Worker1] Imported GUID: 44c416fde68735d4a89872ecfe46b239 - Path: Assets/Prefabs/Tile.prefab - Importer: PreviewImporter -> (ImportResultId: '3ab7d7a96b555338a8de20a3a56f7acf') in 0.4125727 seconds
Right key pressed
UnityEngine.Debug:ExtractStackTraceNoAlloc (byte*,int,string)
UnityEngine.StackTraceUtility:ExtractStackTrace ()
UnityEngine.DebugLogHandler:Internal_Log (UnityEngine.LogType,UnityEngine.LogOption,string,UnityEngine.Object)
UnityEngine.DebugLogHandler:LogFormat (UnityEngine.LogType,UnityEngine.Object,string,object[])
UnityEngine.Logger:Log (UnityEngine.LogType,object)
UnityEngine.Debug:Log (object)
BoardBehavior:Update () (at Assets/Scripts/BoardBehavior.cs:73)

(Filename: Assets/Scripts/BoardBehavior.cs Line: 73)

Down key pressed
UnityEngine.Debug:ExtractStackTraceNoAlloc (byte*,int,string)
UnityEngine.StackTraceUtility:ExtractStackTrace ()
UnityEngine.DebugLogHandler:Internal_Log (UnityEngine.LogType,UnityEngine.LogOption,string,UnityEngine.Object)
UnityEngine.DebugLogHandler:LogFormat (UnityEngine.LogType,UnityEngine.Object,string,object[])
UnityEngine.Logger:Log (UnityEngine.LogType,object)
UnityEngine.Debug:Log (object)
BoardBehavior:Update () (at Assets/Scripts/BoardBehavior.cs:66)

(Filename: Assets/Scripts/BoardBehavior.cs Line: 66)

Right key pressed
UnityEngine.Debug:ExtractStackTraceNoAlloc (byte*,int,string)
UnityEngine.StackTraceUtility:ExtractStackTrace ()
UnityEngine.DebugLogHandler:Internal_Log (UnityEngine.LogType,UnityEngine.LogOption,string,UnityEngine.Object)
UnityEngine.DebugLogHandler:LogFormat (UnityEngine.LogType,UnityEngine.Object,string,object[])
UnityEngine.Logger:Log (UnityEngine.LogType,object)
UnityEngine.Debug:Log (object)
BoardBehavior:Update () (at Assets/Scripts/BoardBehavior.cs:73)

(Filename: Assets/Scripts/BoardBehavior.cs Line: 73)

Left key pressed
UnityEngine.Debug:ExtractStackTraceNoAlloc (byte*,int,string)
UnityEngine.StackTraceUtility:ExtractStackTrace ()
UnityEngine.DebugLogHandler:Internal_Log (UnityEngine.LogType,UnityEngine.LogOption,string,UnityEngine.Object)
UnityEngine.DebugLogHandler:LogFormat (UnityEngine.LogType,UnityEngine.Object,string,object[])
UnityEngine.Logger:Log (UnityEngine.LogType,object)
UnityEngine.Debug:Log (object)
BoardBehavior:Update () (at Assets/Scripts/BoardBehavior.cs:59)

(Filename: Assets/Scripts/BoardBehavior.cs Line: 59)

Right key pressed
UnityEngine.Debug:ExtractStackTraceNoAlloc (byte*,int,string)
UnityEngine.StackTraceUtility:ExtractStackTrace ()
UnityEngine.DebugLogHandler:Internal_Log (UnityEngine.LogType,UnityEngine.LogOption,string,UnityEngine.Object)
UnityEngine.DebugLogHandler:LogFormat (UnityEngine.LogType,UnityEngine.Object,string,object[])
UnityEngine.Logger:Log (UnityEngine.LogType,object)
UnityEngine.Debug:Log (object)
BoardBehavior:Update () (at Assets/Scripts/BoardBehavior.cs:73)

(Filename: Assets/Scripts/BoardBehavior.cs Line: 73)

Right key pressed
UnityEngine.Debug:ExtractStackTraceNoAlloc (byte*,int,string)
UnityEngine.StackTraceUtility:ExtractStackTrace ()
UnityEngine.DebugLogHandler:Internal_Log (UnityEngine.LogType,UnityEngine.LogOption,string,UnityEngine.Object)
UnityEngine.DebugLogHandler:LogFormat (UnityEngine.LogType,UnityEngine.Object,string,object[])
UnityEngine.Logger:Log (UnityEngine.LogType,object)
UnityEngine.Debug:Log (object)
BoardBehavior:Update () (at Assets/Scripts/BoardBehavior.cs:73)

(Filename: Assets/Scripts/BoardBehavior.cs Line: 73)

Up key pressed
UnityEngine.Debug:ExtractStackTraceNoAlloc (byte*,int,string)
UnityEngine.StackTraceUtility:ExtractStackTrace ()
UnityEngine.DebugLogHandler:Internal_Log (UnityEngine.LogType,UnityEngine.LogOption,string,UnityEngine.Object)
UnityEngine.DebugLogHandler:LogFormat (UnityEngine.LogType,UnityEngine.Object,string,object[])
UnityEngine.Logger:Log (UnityEngine.LogType,object)
UnityEngine.Debug:Log (object)
BoardBehavior:Update () (at Assets/Scripts/BoardBehavior.cs:52)

(Filename: Assets/Scripts/BoardBehavior.cs Line: 52)

Right key pressed
UnityEngine.Debug:ExtractStackTraceNoAlloc (byte*,int,string)
UnityEngine.StackTraceUtility:ExtractStackTrace ()
UnityEngine.DebugLogHandler:Internal_Log (UnityEngine.LogType,UnityEngine.LogOption,string,UnityEngine.Object)
UnityEngine.DebugLogHandler:LogFormat (UnityEngine.LogType,UnityEngine.Object,string,object[])
UnityEngine.Logger:Log (UnityEngine.LogType,object)
UnityEngine.Debug:Log (object)
BoardBehavior:Update () (at Assets/Scripts/BoardBehavior.cs:73)

(Filename: Assets/Scripts/BoardBehavior.cs Line: 73)

Left key pressed
UnityEngine.Debug:ExtractStackTraceNoAlloc (byte*,int,string)
UnityEngine.StackTraceUtility:ExtractStackTrace ()
UnityEngine.DebugLogHandler:Internal_Log (UnityEngine.LogType,UnityEngine.LogOption,string,UnityEngine.Object)
UnityEngine.DebugLogHandler:LogFormat (UnityEngine.LogType,UnityEngine.Object,string,object[])
UnityEngine.Logger:Log (UnityEngine.LogType,object)
UnityEngine.Debug:Log (object)
BoardBehavior:Update () (at Assets/Scripts/BoardBehavior.cs:59)

(Filename: Assets/Scripts/BoardBehavior.cs Line: 59)

Down key pressed
UnityEngine.Debug:ExtractStackTraceNoAlloc (byte*,int,string)
UnityEngine.StackTraceUtility:ExtractStackTrace ()
UnityEngine.DebugLogHandler:Internal_Log (UnityEngine.LogType,UnityEngine.LogOption,string,UnityEngine.Object)
UnityEngine.DebugLogHandler:LogFormat (UnityEngine.LogType,UnityEngine.Object,string,object[])
UnityEngine.Logger:Log (UnityEngine.LogType,object)
UnityEngine.Debug:Log (object)
BoardBehavior:Update () (at Assets/Scripts/BoardBehavior.cs:66)

(Filename: Assets/Scripts/BoardBehavior.cs Line: 66)

Down key pressed
UnityEngine.Debug:ExtractStackTraceNoAlloc (byte*,int,string)
UnityEngine.StackTraceUtility:ExtractStackTrace ()
UnityEngine.DebugLogHandler:Internal_Log (UnityEngine.LogType,UnityEngine.LogOption,string,UnityEngine.Object)
UnityEngine.DebugLogHandler:LogFormat (UnityEngine.LogType,UnityEngine.Object,string,object[])
UnityEngine.Logger:Log (UnityEngine.LogType,object)
UnityEngine.Debug:Log (object)
BoardBehavior:Update () (at Assets/Scripts/BoardBehavior.cs:66)

(Filename: Assets/Scripts/BoardBehavior.cs Line: 66)

Left key pressed
UnityEngine.Debug:ExtractStackTraceNoAlloc (byte*,int,string)
UnityEngine.StackTraceUtility:ExtractStackTrace ()
UnityEngine.DebugLogHandler:Internal_Log (UnityEngine.LogType,UnityEngine.LogOption,string,UnityEngine.Object)
UnityEngine.DebugLogHandler:LogFormat (UnityEngine.LogType,UnityEngine.Object,string,object[])
UnityEngine.Logger:Log (UnityEngine.LogType,object)
UnityEngine.Debug:Log (object)
BoardBehavior:Update () (at Assets/Scripts/BoardBehavior.cs:59)

(Filename: Assets/Scripts/BoardBehavior.cs Line: 59)

Right key pressed
UnityEngine.Debug:ExtractStackTraceNoAlloc (byte*,int,string)
UnityEngine.StackTraceUtility:ExtractStackTrace ()
UnityEngine.DebugLogHandler:Internal_Log (UnityEngine.LogType,UnityEngine.LogOption,string,UnityEngine.Object)
UnityEngine.DebugLogHandler:LogFormat (UnityEngine.LogType,UnityEngine.Object,string,object[])
UnityEngine.Logger:Log (UnityEngine.LogType,object)
UnityEngine.Debug:Log (object)
BoardBehavior:Update () (at Assets/Scripts/BoardBehavior.cs:73)

(Filename: Assets/Scripts/BoardBehavior.cs Line: 73)

Left key pressed
UnityEngine.Debug:ExtractStackTraceNoAlloc (byte*,int,string)
UnityEngine.StackTraceUtility:ExtractStackTrace ()
UnityEngine.DebugLogHandler:Internal_Log (UnityEngine.LogType,UnityEngine.LogOption,string,UnityEngine.Object)
UnityEngine.DebugLogHandler:LogFormat (UnityEngine.LogType,UnityEngine.Object,string,object[])
UnityEngine.Logger:Log (UnityEngine.LogType,object)
UnityEngine.Debug:Log (object)
BoardBehavior:Update () (at Assets/Scripts/BoardBehavior.cs:59)

(Filename: Assets/Scripts/BoardBehavior.cs Line: 59)

Right key pressed
UnityEngine.Debug:ExtractStackTraceNoAlloc (byte*,int,string)
UnityEngine.StackTraceUtility:ExtractStackTrace ()
UnityEngine.DebugLogHandler:Internal_Log (UnityEngine.LogType,UnityEngine.LogOption,string,UnityEngine.Object)
UnityEngine.DebugLogHandler:LogFormat (UnityEngine.LogType,UnityEngine.Object,string,object[])
UnityEngine.Logger:Log (UnityEngine.LogType,object)
UnityEngine.Debug:Log (object)
BoardBehavior:Update () (at Assets/Scripts/BoardBehavior.cs:73)

(Filename: Assets/Scripts/BoardBehavior.cs Line: 73)

Left key pressed
UnityEngine.Debug:ExtractStackTraceNoAlloc (byte*,int,string)
UnityEngine.StackTraceUtility:ExtractStackTrace ()
UnityEngine.DebugLogHandler:Internal_Log (UnityEngine.LogType,UnityEngine.LogOption,string,UnityEngine.Object)
UnityEngine.DebugLogHandler:LogFormat (UnityEngine.LogType,UnityEngine.Object,string,object[])
UnityEngine.Logger:Log (UnityEngine.LogType,object)
UnityEngine.Debug:Log (object)
BoardBehavior:Update () (at Assets/Scripts/BoardBehavior.cs:59)

(Filename: Assets/Scripts/BoardBehavior.cs Line: 59)

Unloading 0 Unused Serialized files (Serialized files now loaded: 0)
Loaded scene 'Temp/__Backupscenes/0.backup'
	Deserialize:            2.566 ms
	Integration:            223.362 ms
	Integration of assets:  0.002 ms
	Thread Wait Time:       0.008 ms
	Total Operation Time:   225.937 ms
Unloading 15 unused Assets / (0.5 MB). Loaded Objects now: 9478.
Memory consumption went from 0.65 GB to 0.65 GB.
Total: 28.525200 ms (FindLiveObjects: 0.565000 ms CreateObjectMapping: 0.599200 ms MarkObjects: 27.150700 ms  DeleteObjects: 0.208900 ms)

[Worker3] Imported GUID: 44c416fde68735d4a89872ecfe46b239 - Path: Assets/Prefabs/Tile.prefab - Importer: ScriptedImporter/UnityEditor.QuickSearchModule:UnityEditor.Search:ASIAI0B -> (ImportResultId: 'eb4b823cc5a5d28135a2a92d0bc6eb40') in 0.0343701 seconds
SpriteAtlasPacking completed in 0.005134 sec
Entering Playmode with Reload Domain disabled.
If you experience any issues, please disable "Enter Play Mode Options" in Editor Settings
Loaded scene 'Temp/__Backupscenes/0.backup'
	Deserialize:            1.708 ms
	Integration:            253.925 ms
	Integration of assets:  0.028 ms
	Thread Wait Time:       0.013 ms
	Total Operation Time:   255.674 ms
Importing 'GUID: 44c416fde68735d4a89872ecfe46b239 - Path: Assets/Prefabs/Tile.prefab' with importer (PrefabImporter)
Imported 'GUID: 44c416fde68735d4a89872ecfe46b239' -> (Import Result ID: '7ce46124af04edd788bc87abd5df6a7c') in 0.005 seconds [static and dynamic dependencies]. Details - ImportResultOutputID=1107be06bb78aff5ee416100b9604108 DependenciesID=5d936e9827ade579d9abb36c6e984434 StaticDependenciesID=2f7e2d2dafe70a5b48e576d630ba2c3a 
Refreshing native plugins compatible for Editor in 3.27 ms, found 5 plugins.
Asset Pipeline Refresh (id=8cde033d3b3201449a5bca8dda5ed5ae): Total: 0.120 seconds - Initiated by StopAssetImportingV2(NoUpdateAssetOptions)
Let's try GetRandomEmptyCell
UnityEngine.Debug:ExtractStackTraceNoAlloc (byte*,int,string)
UnityEngine.StackTraceUtility:ExtractStackTrace ()
UnityEngine.DebugLogHandler:Internal_Log (UnityEngine.LogType,UnityEngine.LogOption,string,UnityEngine.Object)
UnityEngine.DebugLogHandler:LogFormat (UnityEngine.LogType,UnityEngine.Object,string,object[])
UnityEngine.Logger:Log (UnityEngine.LogType,object)
UnityEngine.Debug:Log (object)
GridBehavior:GetRandomEmptyCell () (at Assets/Scripts/GridBehavior.cs:41)
BoardBehavior:CreateTile () (at Assets/Scripts/BoardBehavior.cs:172)
BoardBehavior:Start () (at Assets/Scripts/BoardBehavior.cs:38)

(Filename: Assets/Scripts/GridBehavior.cs Line: 41)

Let's try GetRandomEmptyCell
UnityEngine.Debug:ExtractStackTraceNoAlloc (byte*,int,string)
UnityEngine.StackTraceUtility:ExtractStackTrace ()
UnityEngine.DebugLogHandler:Internal_Log (UnityEngine.LogType,UnityEngine.LogOption,string,UnityEngine.Object)
UnityEngine.DebugLogHandler:LogFormat (UnityEngine.LogType,UnityEngine.Object,string,object[])
UnityEngine.Logger:Log (UnityEngine.LogType,object)
UnityEngine.Debug:Log (object)
GridBehavior:GetRandomEmptyCell () (at Assets/Scripts/GridBehavior.cs:41)
BoardBehavior:CreateTile () (at Assets/Scripts/BoardBehavior.cs:172)
BoardBehavior:Start () (at Assets/Scripts/BoardBehavior.cs:39)

(Filename: Assets/Scripts/GridBehavior.cs Line: 41)

Down key pressed
UnityEngine.Debug:ExtractStackTraceNoAlloc (byte*,int,string)
UnityEngine.StackTraceUtility:ExtractStackTrace ()
UnityEngine.DebugLogHandler:Internal_Log (UnityEngine.LogType,UnityEngine.LogOption,string,UnityEngine.Object)
UnityEngine.DebugLogHandler:LogFormat (UnityEngine.LogType,UnityEngine.Object,string,object[])
UnityEngine.Logger:Log (UnityEngine.LogType,object)
UnityEngine.Debug:Log (object)
BoardBehavior:Update () (at Assets/Scripts/BoardBehavior.cs:66)

(Filename: Assets/Scripts/BoardBehavior.cs Line: 66)

[Worker3] Imported GUID: 44c416fde68735d4a89872ecfe46b239 - Path: Assets/Prefabs/Tile.prefab - Importer: PreviewImporter -> (ImportResultId: '4b4fc4252b9c703f01b5fab6e0db9fc5') in 0.0281484 seconds
Unloading 0 Unused Serialized files (Serialized files now loaded: 0)
Loaded scene 'Temp/__Backupscenes/0.backup'
	Deserialize:            2.623 ms
	Integration:            237.284 ms
	Integration of assets:  0.002 ms
	Thread Wait Time:       0.009 ms
	Total Operation Time:   239.919 ms
Unloading 15 unused Assets / (210.9 KB). Loaded Objects now: 9478.
Memory consumption went from 0.65 GB to 0.65 GB.
Total: 27.292000 ms (FindLiveObjects: 0.576100 ms CreateObjectMapping: 0.493300 ms MarkObjects: 26.170800 ms  DeleteObjects: 0.050500 ms)

[Worker3] Imported GUID: 44c416fde68735d4a89872ecfe46b239 - Path: Assets/Prefabs/Tile.prefab - Importer: ScriptedImporter/UnityEditor.QuickSearchModule:UnityEditor.Search:ASIAI0B -> (ImportResultId: '86f47e784447bac508932c3dae02b2b5') in 0.0336145 seconds
SpriteAtlasPacking completed in 0.004803 sec
Entering Playmode with Reload Domain disabled.
If you experience any issues, please disable "Enter Play Mode Options" in Editor Settings
Loaded scene 'Temp/__Backupscenes/0.backup'
	Deserialize:            1.524 ms
	Integration:            245.149 ms
	Integration of assets:  0.027 ms
	Thread Wait Time:       0.014 ms
	Total Operation Time:   246.715 ms
Let's try GetRandomEmptyCell
UnityEngine.Debug:ExtractStackTraceNoAlloc (byte*,int,string)
UnityEngine.StackTraceUtility:ExtractStackTrace ()
UnityEngine.DebugLogHandler:Internal_Log (UnityEngine.LogType,UnityEngine.LogOption,string,UnityEngine.Object)
UnityEngine.DebugLogHandler:LogFormat (UnityEngine.LogType,UnityEngine.Object,string,object[])
UnityEngine.Logger:Log (UnityEngine.LogType,object)
UnityEngine.Debug:Log (object)
GridBehavior:GetRandomEmptyCell () (at Assets/Scripts/GridBehavior.cs:41)
BoardBehavior:CreateTile () (at Assets/Scripts/BoardBehavior.cs:172)
BoardBehavior:Start () (at Assets/Scripts/BoardBehavior.cs:38)

(Filename: Assets/Scripts/GridBehavior.cs Line: 41)

Let's try GetRandomEmptyCell
UnityEngine.Debug:ExtractStackTraceNoAlloc (byte*,int,string)
UnityEngine.StackTraceUtility:ExtractStackTrace ()
UnityEngine.DebugLogHandler:Internal_Log (UnityEngine.LogType,UnityEngine.LogOption,string,UnityEngine.Object)
UnityEngine.DebugLogHandler:LogFormat (UnityEngine.LogType,UnityEngine.Object,string,object[])
UnityEngine.Logger:Log (UnityEngine.LogType,object)
UnityEngine.Debug:Log (object)
GridBehavior:GetRandomEmptyCell () (at Assets/Scripts/GridBehavior.cs:41)
BoardBehavior:CreateTile () (at Assets/Scripts/BoardBehavior.cs:172)
BoardBehavior:Start () (at Assets/Scripts/BoardBehavior.cs:39)

(Filename: Assets/Scripts/GridBehavior.cs Line: 41)

Unloading 1 Unused Serialized files (Serialized files now loaded: 0)
Loaded scene 'Temp/__Backupscenes/0.backup'
	Deserialize:            2.434 ms
	Integration:            230.713 ms
	Integration of assets:  0.002 ms
	Thread Wait Time:       0.006 ms
	Total Operation Time:   233.155 ms
Unloading 0 unused Assets / (380.6 KB). Loaded Objects now: 9478.
Memory consumption went from 0.64 GB to 0.64 GB.
Total: 27.004500 ms (FindLiveObjects: 0.567000 ms CreateObjectMapping: 0.531100 ms MarkObjects: 25.765000 ms  DeleteObjects: 0.139300 ms)

Importing 'GUID: 44c416fde68735d4a89872ecfe46b239 - Path: Assets/Prefabs/Tile.prefab' with importer (PrefabImporter)
Imported 'GUID: 44c416fde68735d4a89872ecfe46b239' -> (Import Result ID: '3b7e64b2f295adb7b8b436ef2fac623b') in 0.005 seconds [static and dynamic dependencies]. Details - ImportResultOutputID=94ebbb9b7bab9012286e2fadd46aab80 DependenciesID=ec22db72a1cdf6b8f51440deec7b6a15 StaticDependenciesID=14ca6cae1d28dd59b28269826d4585e9 
Refreshing native plugins compatible for Editor in 3.62 ms, found 5 plugins.
Asset Pipeline Refresh (id=d8711f5d22186984384e5fa99b2aa51c): Total: 0.115 seconds - Initiated by StopAssetImportingV2(NoUpdateAssetOptions)
SpriteAtlasPacking completed in 0.005579 sec
Entering Playmode with Reload Domain disabled.
If you experience any issues, please disable "Enter Play Mode Options" in Editor Settings
[Worker1] Imported GUID: 44c416fde68735d4a89872ecfe46b239 - Path: Assets/Prefabs/Tile.prefab - Importer: PreviewImporter -> (ImportResultId: '257c4a4b33fbe36c261a954f0c37e856') in 0.02694 seconds
Loaded scene 'Temp/__Backupscenes/0.backup'
	Deserialize:            1.742 ms
	Integration:            241.291 ms
	Integration of assets:  0.024 ms
	Thread Wait Time:       0.009 ms
	Total Operation Time:   243.065 ms
Let's try GetRandomEmptyCell
UnityEngine.Debug:ExtractStackTraceNoAlloc (byte*,int,string)
UnityEngine.StackTraceUtility:ExtractStackTrace ()
UnityEngine.DebugLogHandler:Internal_Log (UnityEngine.LogType,UnityEngine.LogOption,string,UnityEngine.Object)
UnityEngine.DebugLogHandler:LogFormat (UnityEngine.LogType,UnityEngine.Object,string,object[])
UnityEngine.Logger:Log (UnityEngine.LogType,object)
UnityEngine.Debug:Log (object)
GridBehavior:GetRandomEmptyCell () (at Assets/Scripts/GridBehavior.cs:41)
BoardBehavior:CreateTile () (at Assets/Scripts/BoardBehavior.cs:172)
BoardBehavior:Start () (at Assets/Scripts/BoardBehavior.cs:38)

(Filename: Assets/Scripts/GridBehavior.cs Line: 41)

Let's try GetRandomEmptyCell
UnityEngine.Debug:ExtractStackTraceNoAlloc (byte*,int,string)
UnityEngine.StackTraceUtility:ExtractStackTrace ()
UnityEngine.DebugLogHandler:Internal_Log (UnityEngine.LogType,UnityEngine.LogOption,string,UnityEngine.Object)
UnityEngine.DebugLogHandler:LogFormat (UnityEngine.LogType,UnityEngine.Object,string,object[])
UnityEngine.Logger:Log (UnityEngine.LogType,object)
UnityEngine.Debug:Log (object)
GridBehavior:GetRandomEmptyCell () (at Assets/Scripts/GridBehavior.cs:41)
BoardBehavior:CreateTile () (at Assets/Scripts/BoardBehavior.cs:172)
BoardBehavior:Start () (at Assets/Scripts/BoardBehavior.cs:39)

(Filename: Assets/Scripts/GridBehavior.cs Line: 41)

Down key pressed
UnityEngine.Debug:ExtractStackTraceNoAlloc (byte*,int,string)
UnityEngine.StackTraceUtility:ExtractStackTrace ()
UnityEngine.DebugLogHandler:Internal_Log (UnityEngine.LogType,UnityEngine.LogOption,string,UnityEngine.Object)
UnityEngine.DebugLogHandler:LogFormat (UnityEngine.LogType,UnityEngine.Object,string,object[])
UnityEngine.Logger:Log (UnityEngine.LogType,object)
UnityEngine.Debug:Log (object)
BoardBehavior:Update () (at Assets/Scripts/BoardBehavior.cs:66)

(Filename: Assets/Scripts/BoardBehavior.cs Line: 66)

Right key pressed
UnityEngine.Debug:ExtractStackTraceNoAlloc (byte*,int,string)
UnityEngine.StackTraceUtility:ExtractStackTrace ()
UnityEngine.DebugLogHandler:Internal_Log (UnityEngine.LogType,UnityEngine.LogOption,string,UnityEngine.Object)
UnityEngine.DebugLogHandler:LogFormat (UnityEngine.LogType,UnityEngine.Object,string,object[])
UnityEngine.Logger:Log (UnityEngine.LogType,object)
UnityEngine.Debug:Log (object)
BoardBehavior:Update () (at Assets/Scripts/BoardBehavior.cs:73)

(Filename: Assets/Scripts/BoardBehavior.cs Line: 73)

Up key pressed
UnityEngine.Debug:ExtractStackTraceNoAlloc (byte*,int,string)
UnityEngine.StackTraceUtility:ExtractStackTrace ()
UnityEngine.DebugLogHandler:Internal_Log (UnityEngine.LogType,UnityEngine.LogOption,string,UnityEngine.Object)
UnityEngine.DebugLogHandler:LogFormat (UnityEngine.LogType,UnityEngine.Object,string,object[])
UnityEngine.Logger:Log (UnityEngine.LogType,object)
UnityEngine.Debug:Log (object)
BoardBehavior:Update () (at Assets/Scripts/BoardBehavior.cs:52)

(Filename: Assets/Scripts/BoardBehavior.cs Line: 52)

Left key pressed
UnityEngine.Debug:ExtractStackTraceNoAlloc (byte*,int,string)
UnityEngine.StackTraceUtility:ExtractStackTrace ()
UnityEngine.DebugLogHandler:Internal_Log (UnityEngine.LogType,UnityEngine.LogOption,string,UnityEngine.Object)
UnityEngine.DebugLogHandler:LogFormat (UnityEngine.LogType,UnityEngine.Object,string,object[])
UnityEngine.Logger:Log (UnityEngine.LogType,object)
UnityEngine.Debug:Log (object)
BoardBehavior:Update () (at Assets/Scripts/BoardBehavior.cs:59)

(Filename: Assets/Scripts/BoardBehavior.cs Line: 59)

Down key pressed
UnityEngine.Debug:ExtractStackTraceNoAlloc (byte*,int,string)
UnityEngine.StackTraceUtility:ExtractStackTrace ()
UnityEngine.DebugLogHandler:Internal_Log (UnityEngine.LogType,UnityEngine.LogOption,string,UnityEngine.Object)
UnityEngine.DebugLogHandler:LogFormat (UnityEngine.LogType,UnityEngine.Object,string,object[])
UnityEngine.Logger:Log (UnityEngine.LogType,object)
UnityEngine.Debug:Log (object)
BoardBehavior:Update () (at Assets/Scripts/BoardBehavior.cs:66)

(Filename: Assets/Scripts/BoardBehavior.cs Line: 66)

Unloading 1 Unused Serialized files (Serialized files now loaded: 0)
Loaded scene 'Temp/__Backupscenes/0.backup'
	Deserialize:            2.429 ms
	Integration:            236.056 ms
	Integration of assets:  0.002 ms
	Thread Wait Time:       0.007 ms
	Total Operation Time:   238.494 ms
Unloading 15 unused Assets / (216.6 KB). Loaded Objects now: 9478.
Memory consumption went from 0.65 GB to 0.65 GB.
Total: 29.436900 ms (FindLiveObjects: 0.651000 ms CreateObjectMapping: 0.763300 ms MarkObjects: 27.968100 ms  DeleteObjects: 0.053000 ms)

[Worker3] Imported GUID: 44c416fde68735d4a89872ecfe46b239 - Path: Assets/Prefabs/Tile.prefab - Importer: ScriptedImporter/UnityEditor.QuickSearchModule:UnityEditor.Search:ASIAI0B -> (ImportResultId: '69f572a79ec77342af1bd1cf62926a14') in 0.0391388 seconds
SpriteAtlasPacking completed in 0.005155 sec
Entering Playmode with Reload Domain disabled.
If you experience any issues, please disable "Enter Play Mode Options" in Editor Settings
Loaded scene 'Temp/__Backupscenes/0.backup'
	Deserialize:            1.627 ms
	Integration:            266.327 ms
	Integration of assets:  0.032 ms
	Thread Wait Time:       0.011 ms
	Total Operation Time:   267.997 ms
Let's try GetRandomEmptyCell
UnityEngine.Debug:ExtractStackTraceNoAlloc (byte*,int,string)
UnityEngine.StackTraceUtility:ExtractStackTrace ()
UnityEngine.DebugLogHandler:Internal_Log (UnityEngine.LogType,UnityEngine.LogOption,string,UnityEngine.Object)
UnityEngine.DebugLogHandler:LogFormat (UnityEngine.LogType,UnityEngine.Object,string,object[])
UnityEngine.Logger:Log (UnityEngine.LogType,object)
UnityEngine.Debug:Log (object)
GridBehavior:GetRandomEmptyCell () (at Assets/Scripts/GridBehavior.cs:41)
BoardBehavior:CreateTile () (at Assets/Scripts/BoardBehavior.cs:172)
BoardBehavior:Start () (at Assets/Scripts/BoardBehavior.cs:38)

(Filename: Assets/Scripts/GridBehavior.cs Line: 41)

Let's try GetRandomEmptyCell
UnityEngine.Debug:ExtractStackTraceNoAlloc (byte*,int,string)
UnityEngine.StackTraceUtility:ExtractStackTrace ()
UnityEngine.DebugLogHandler:Internal_Log (UnityEngine.LogType,UnityEngine.LogOption,string,UnityEngine.Object)
UnityEngine.DebugLogHandler:LogFormat (UnityEngine.LogType,UnityEngine.Object,string,object[])
UnityEngine.Logger:Log (UnityEngine.LogType,object)
UnityEngine.Debug:Log (object)
GridBehavior:GetRandomEmptyCell () (at Assets/Scripts/GridBehavior.cs:41)
BoardBehavior:CreateTile () (at Assets/Scripts/BoardBehavior.cs:172)
BoardBehavior:Start () (at Assets/Scripts/BoardBehavior.cs:39)

(Filename: Assets/Scripts/GridBehavior.cs Line: 41)

Left key pressed
UnityEngine.Debug:ExtractStackTraceNoAlloc (byte*,int,string)
UnityEngine.StackTraceUtility:ExtractStackTrace ()
UnityEngine.DebugLogHandler:Internal_Log (UnityEngine.LogType,UnityEngine.LogOption,string,UnityEngine.Object)
UnityEngine.DebugLogHandler:LogFormat (UnityEngine.LogType,UnityEngine.Object,string,object[])
UnityEngine.Logger:Log (UnityEngine.LogType,object)
UnityEngine.Debug:Log (object)
BoardBehavior:Update () (at Assets/Scripts/BoardBehavior.cs:59)

(Filename: Assets/Scripts/BoardBehavior.cs Line: 59)

Right key pressed
UnityEngine.Debug:ExtractStackTraceNoAlloc (byte*,int,string)
UnityEngine.StackTraceUtility:ExtractStackTrace ()
UnityEngine.DebugLogHandler:Internal_Log (UnityEngine.LogType,UnityEngine.LogOption,string,UnityEngine.Object)
UnityEngine.DebugLogHandler:LogFormat (UnityEngine.LogType,UnityEngine.Object,string,object[])
UnityEngine.Logger:Log (UnityEngine.LogType,object)
UnityEngine.Debug:Log (object)
BoardBehavior:Update () (at Assets/Scripts/BoardBehavior.cs:73)

(Filename: Assets/Scripts/BoardBehavior.cs Line: 73)

Left key pressed
UnityEngine.Debug:ExtractStackTraceNoAlloc (byte*,int,string)
UnityEngine.StackTraceUtility:ExtractStackTrace ()
UnityEngine.DebugLogHandler:Internal_Log (UnityEngine.LogType,UnityEngine.LogOption,string,UnityEngine.Object)
UnityEngine.DebugLogHandler:LogFormat (UnityEngine.LogType,UnityEngine.Object,string,object[])
UnityEngine.Logger:Log (UnityEngine.LogType,object)
UnityEngine.Debug:Log (object)
BoardBehavior:Update () (at Assets/Scripts/BoardBehavior.cs:59)

(Filename: Assets/Scripts/BoardBehavior.cs Line: 59)

Right key pressed
UnityEngine.Debug:ExtractStackTraceNoAlloc (byte*,int,string)
UnityEngine.StackTraceUtility:ExtractStackTrace ()
UnityEngine.DebugLogHandler:Internal_Log (UnityEngine.LogType,UnityEngine.LogOption,string,UnityEngine.Object)
UnityEngine.DebugLogHandler:LogFormat (UnityEngine.LogType,UnityEngine.Object,string,object[])
UnityEngine.Logger:Log (UnityEngine.LogType,object)
UnityEngine.Debug:Log (object)
BoardBehavior:Update () (at Assets/Scripts/BoardBehavior.cs:73)

(Filename: Assets/Scripts/BoardBehavior.cs Line: 73)

MonoPathRemapper: Attempts to remap: 60550; Successful remaps: 23516
Serialized file version minimum: 23, current 23
[LAYOUT] About to save layout C:\Users\victo\Desktop\Code\POO\Cursus\2-Copy_code\03_Unity_Solos\02_2048_Reloaded\UserSettings\Layouts\default-6000.dwlt
[LAYOUT] About to save layout C:/Users/victo/AppData/Roaming/Unity/Editor-5.x/Preferences\Layouts\current\default-6000.dwlt
Font Asset [ClearSans-Bold SDF] Units Per EM set to 2048. Please commit the newly serialized value.
UnityEngine.Debug:ExtractStackTraceNoAlloc (byte*,int,string)
UnityEngine.StackTraceUtility:ExtractStackTrace ()
UnityEngine.DebugLogHandler:Internal_Log (UnityEngine.LogType,UnityEngine.LogOption,string,UnityEngine.Object)
UnityEngine.DebugLogHandler:LogFormat (UnityEngine.LogType,UnityEngine.Object,string,object[])
UnityEngine.Logger:Log (UnityEngine.LogType,object)
UnityEngine.Debug:Log (object)
TMPro.TMP_FontAsset:ReadFontAssetDefinition () (at ./Library/PackageCache/com.unity.ugui@1c4864518158/Runtime/TMP/TMP_FontAsset.cs:821)
TMPro.TMP_FontAsset:OnValidate () (at ./Library/PackageCache/com.unity.ugui@1c4864518158/Runtime/TMP/TMP_FontAsset.cs:759)
UnityEditor.AssetDatabase:LoadAssetAtPath (string,System.Type)
UnityEditor.AssetDatabase:LoadAssetAtPath<TMPro.TMP_FontAsset> (string)
TMPro.EditorEventCallbacks/<>c:<InitializeFontAssetResourceChangeCallBacks>b__0_0 () (at ./Library/PackageCache/com.unity.ugui@1c4864518158/Editor/TMP/TMP_EditorResourceManager.cs:32)
UnityEditor.EditorApplication:Internal_EditorApplicationQuit ()

(Filename: ./Library/PackageCache/com.unity.ugui@1c4864518158/Runtime/TMP/TMP_FontAsset.cs Line: 821)

Font Asset [ClearSans-BoldItalic SDF] Units Per EM set to 2048. Please commit the newly serialized value.
UnityEngine.Debug:ExtractStackTraceNoAlloc (byte*,int,string)
UnityEngine.StackTraceUtility:ExtractStackTrace ()
UnityEngine.DebugLogHandler:Internal_Log (UnityEngine.LogType,UnityEngine.LogOption,string,UnityEngine.Object)
UnityEngine.DebugLogHandler:LogFormat (UnityEngine.LogType,UnityEngine.Object,string,object[])
UnityEngine.Logger:Log (UnityEngine.LogType,object)
UnityEngine.Debug:Log (object)
TMPro.TMP_FontAsset:ReadFontAssetDefinition () (at ./Library/PackageCache/com.unity.ugui@1c4864518158/Runtime/TMP/TMP_FontAsset.cs:821)
TMPro.TMP_FontAsset:OnValidate () (at ./Library/PackageCache/com.unity.ugui@1c4864518158/Runtime/TMP/TMP_FontAsset.cs:759)
UnityEditor.AssetDatabase:LoadAssetAtPath (string,System.Type)
UnityEditor.AssetDatabase:LoadAssetAtPath<TMPro.TMP_FontAsset> (string)
TMPro.EditorEventCallbacks/<>c:<InitializeFontAssetResourceChangeCallBacks>b__0_0 () (at ./Library/PackageCache/com.unity.ugui@1c4864518158/Editor/TMP/TMP_EditorResourceManager.cs:32)
UnityEditor.EditorApplication:Internal_EditorApplicationQuit ()

(Filename: ./Library/PackageCache/com.unity.ugui@1c4864518158/Runtime/TMP/TMP_FontAsset.cs Line: 821)

Font Asset [ClearSans-Italic SDF] Units Per EM set to 2048. Please commit the newly serialized value.
UnityEngine.Debug:ExtractStackTraceNoAlloc (byte*,int,string)
UnityEngine.StackTraceUtility:ExtractStackTrace ()
UnityEngine.DebugLogHandler:Internal_Log (UnityEngine.LogType,UnityEngine.LogOption,string,UnityEngine.Object)
UnityEngine.DebugLogHandler:LogFormat (UnityEngine.LogType,UnityEngine.Object,string,object[])
UnityEngine.Logger:Log (UnityEngine.LogType,object)
UnityEngine.Debug:Log (object)
TMPro.TMP_FontAsset:ReadFontAssetDefinition () (at ./Library/PackageCache/com.unity.ugui@1c4864518158/Runtime/TMP/TMP_FontAsset.cs:821)
TMPro.TMP_FontAsset:OnValidate () (at ./Library/PackageCache/com.unity.ugui@1c4864518158/Runtime/TMP/TMP_FontAsset.cs:759)
UnityEditor.AssetDatabase:LoadAssetAtPath (string,System.Type)
UnityEditor.AssetDatabase:LoadAssetAtPath<TMPro.TMP_FontAsset> (string)
TMPro.EditorEventCallbacks/<>c:<InitializeFontAssetResourceChangeCallBacks>b__0_0 () (at ./Library/PackageCache/com.unity.ugui@1c4864518158/Editor/TMP/TMP_EditorResourceManager.cs:32)
UnityEditor.EditorApplication:Internal_EditorApplicationQuit ()

(Filename: ./Library/PackageCache/com.unity.ugui@1c4864518158/Runtime/TMP/TMP_FontAsset.cs Line: 821)

Font Asset [ClearSans-Light SDF] Units Per EM set to 2048. Please commit the newly serialized value.
UnityEngine.Debug:ExtractStackTraceNoAlloc (byte*,int,string)
UnityEngine.StackTraceUtility:ExtractStackTrace ()
UnityEngine.DebugLogHandler:Internal_Log (UnityEngine.LogType,UnityEngine.LogOption,string,UnityEngine.Object)
UnityEngine.DebugLogHandler:LogFormat (UnityEngine.LogType,UnityEngine.Object,string,object[])
UnityEngine.Logger:Log (UnityEngine.LogType,object)
UnityEngine.Debug:Log (object)
TMPro.TMP_FontAsset:ReadFontAssetDefinition () (at ./Library/PackageCache/com.unity.ugui@1c4864518158/Runtime/TMP/TMP_FontAsset.cs:821)
TMPro.TMP_FontAsset:OnValidate () (at ./Library/PackageCache/com.unity.ugui@1c4864518158/Runtime/TMP/TMP_FontAsset.cs:759)
UnityEditor.AssetDatabase:LoadAssetAtPath (string,System.Type)
UnityEditor.AssetDatabase:LoadAssetAtPath<TMPro.TMP_FontAsset> (string)
TMPro.EditorEventCallbacks/<>c:<InitializeFontAssetResourceChangeCallBacks>b__0_0 () (at ./Library/PackageCache/com.unity.ugui@1c4864518158/Editor/TMP/TMP_EditorResourceManager.cs:32)
UnityEditor.EditorApplication:Internal_EditorApplicationQuit ()

(Filename: ./Library/PackageCache/com.unity.ugui@1c4864518158/Runtime/TMP/TMP_FontAsset.cs Line: 821)

Font Asset [ClearSans-Medium SDF] Units Per EM set to 2048. Please commit the newly serialized value.
UnityEngine.Debug:ExtractStackTraceNoAlloc (byte*,int,string)
UnityEngine.StackTraceUtility:ExtractStackTrace ()
UnityEngine.DebugLogHandler:Internal_Log (UnityEngine.LogType,UnityEngine.LogOption,string,UnityEngine.Object)
UnityEngine.DebugLogHandler:LogFormat (UnityEngine.LogType,UnityEngine.Object,string,object[])
UnityEngine.Logger:Log (UnityEngine.LogType,object)
UnityEngine.Debug:Log (object)
TMPro.TMP_FontAsset:ReadFontAssetDefinition () (at ./Library/PackageCache/com.unity.ugui@1c4864518158/Runtime/TMP/TMP_FontAsset.cs:821)
TMPro.TMP_FontAsset:OnValidate () (at ./Library/PackageCache/com.unity.ugui@1c4864518158/Runtime/TMP/TMP_FontAsset.cs:759)
UnityEditor.AssetDatabase:LoadAssetAtPath (string,System.Type)
UnityEditor.AssetDatabase:LoadAssetAtPath<TMPro.TMP_FontAsset> (string)
TMPro.EditorEventCallbacks/<>c:<InitializeFontAssetResourceChangeCallBacks>b__0_0 () (at ./Library/PackageCache/com.unity.ugui@1c4864518158/Editor/TMP/TMP_EditorResourceManager.cs:32)
UnityEditor.EditorApplication:Internal_EditorApplicationQuit ()

(Filename: ./Library/PackageCache/com.unity.ugui@1c4864518158/Runtime/TMP/TMP_FontAsset.cs Line: 821)

Font Asset [ClearSans-MediumItalic SDF] Units Per EM set to 2048. Please commit the newly serialized value.
UnityEngine.Debug:ExtractStackTraceNoAlloc (byte*,int,string)
UnityEngine.StackTraceUtility:ExtractStackTrace ()
UnityEngine.DebugLogHandler:Internal_Log (UnityEngine.LogType,UnityEngine.LogOption,string,UnityEngine.Object)
UnityEngine.DebugLogHandler:LogFormat (UnityEngine.LogType,UnityEngine.Object,string,object[])
UnityEngine.Logger:Log (UnityEngine.LogType,object)
UnityEngine.Debug:Log (object)
TMPro.TMP_FontAsset:ReadFontAssetDefinition () (at ./Library/PackageCache/com.unity.ugui@1c4864518158/Runtime/TMP/TMP_FontAsset.cs:821)
TMPro.TMP_FontAsset:OnValidate () (at ./Library/PackageCache/com.unity.ugui@1c4864518158/Runtime/TMP/TMP_FontAsset.cs:759)
UnityEditor.AssetDatabase:LoadAssetAtPath (string,System.Type)
UnityEditor.AssetDatabase:LoadAssetAtPath<TMPro.TMP_FontAsset> (string)
TMPro.EditorEventCallbacks/<>c:<InitializeFontAssetResourceChangeCallBacks>b__0_0 () (at ./Library/PackageCache/com.unity.ugui@1c4864518158/Editor/TMP/TMP_EditorResourceManager.cs:32)
UnityEditor.EditorApplication:Internal_EditorApplicationQuit ()

(Filename: ./Library/PackageCache/com.unity.ugui@1c4864518158/Runtime/TMP/TMP_FontAsset.cs Line: 821)

Font Asset [ClearSans-Regular SDF] Units Per EM set to 2048. Please commit the newly serialized value.
UnityEngine.Debug:ExtractStackTraceNoAlloc (byte*,int,string)
UnityEngine.StackTraceUtility:ExtractStackTrace ()
UnityEngine.DebugLogHandler:Internal_Log (UnityEngine.LogType,UnityEngine.LogOption,string,UnityEngine.Object)
UnityEngine.DebugLogHandler:LogFormat (UnityEngine.LogType,UnityEngine.Object,string,object[])
UnityEngine.Logger:Log (UnityEngine.LogType,object)
UnityEngine.Debug:Log (object)
TMPro.TMP_FontAsset:ReadFontAssetDefinition () (at ./Library/PackageCache/com.unity.ugui@1c4864518158/Runtime/TMP/TMP_FontAsset.cs:821)
TMPro.TMP_FontAsset:OnValidate () (at ./Library/PackageCache/com.unity.ugui@1c4864518158/Runtime/TMP/TMP_FontAsset.cs:759)
UnityEditor.AssetDatabase:LoadAssetAtPath (string,System.Type)
UnityEditor.AssetDatabase:LoadAssetAtPath<TMPro.TMP_FontAsset> (string)
TMPro.EditorEventCallbacks/<>c:<InitializeFontAssetResourceChangeCallBacks>b__0_0 () (at ./Library/PackageCache/com.unity.ugui@1c4864518158/Editor/TMP/TMP_EditorResourceManager.cs:32)
UnityEditor.EditorApplication:Internal_EditorApplicationQuit ()

(Filename: ./Library/PackageCache/com.unity.ugui@1c4864518158/Runtime/TMP/TMP_FontAsset.cs Line: 821)

Input System module state changed to: ShutdownInProgress.
Input Polling Thread exited.
Input System module state changed to: Shutdown.
[Physics::Module] Cleanup current backend.
[Physics::Module] Id: 0xf2b8ea05
[Licensing::IpcConnector] LicenseClient-victo-notifications channel disconnected successfully.
[Licensing::IpcConnector] LicenseClient-victo channel disconnected successfully.
Lingering sessions upon destruction of worker manager
AcceleratorClientConnectionCallback - disconnected - :0
Cleanup mono
CodeReloadManager destroyed
debugger-agent: Unable to listen on 4648
Checking for leaked weakptr:
  Found no leaked weakptrs.
[Package Manager] Server process was shutdown
##utp:{"type":"MemoryLeaks","version":2,"phase":"Immediate","time":1789147797085,"processId":19448,"allocatedMemory":51888059,"memoryLabels":[{"Default":219223},{"Permanent":15516},{"NewDelete":73145},{"Thread":4205176},{"Manager":819816},{"VertexData":8},{"Geometry":816},{"Texture":24},{"Shader":869371},{"Material":24},{"GfxDevice":64088},{"Animation":952},{"Audio":1544},{"FreeType":8},{"FontEngine":736},{"Physics":2146},{"Physics2D":16},{"Serialization":153104},{"Input":45280},{"JobScheduler":256},{"TextLib":19030},{"Mono":48},{"MonoCode":64},{"ScriptingNativeRuntime":1656692},{"BaseObject":1622024},{"Resource":1208},{"Renderer":3080},{"Transform":4685},{"File":4005},{"WebCam":616},{"Culling":32},{"Terrain":11442},{"Wind":24},{"STL":40},{"String":10165},{"StaticString":3808},{"Utility":2673426},{"Curl":48},{"PoolAlloc":2360},{"AI":80},{"TypeTree":17165},{"CodeReload":448},{"RuntimeInitializeOnLoadManager":64},{"Sprites":102},{"SpriteAtlas":120},{"GI":7816},{"Director":8296},{"CloudService":7064},{"WebRequest":12934},{"VR":47114},{"SceneManager":608},{"Video":208},{"LazyScriptCache":32},{"NativeArray":33057868},{"Camera":17},{"Secure":265},{"SerializationCache":1576},{"APIUpdating":10320},{"Subsystems":336},{"VirtualTexturing":57888},{"StaticSafetyDebugInfo":278528},{"Analytics":728},{"Hierarchy":1176},{"UIElements":533024},{"CoreStats":13688},{"Identifiers":6768},{"Gui":361},{"EditorUtility":217474},{"VersionControl":8},{"Undo":931},{"AssetDatabase":5056452},{"AssetImporter":40},{"EditorGi":328},{"UnityConnect":35345},{"Upm":1988},{"UpmDiagnostics":8},{"AssetCompliance":64},{"DrivenProperties":72},{"LocalIPC":260},{"ProfilerEditor":9746},{"CoreBusinessMetrics":3482},{"Windowing":456},{"Licensing":12805},{"AssetReference":32},{"IPCStream":32}]}
