[Licensing::Module] Trying to connect to existing licensing client channel...
Built from '6000.5/staging' branch; Version is '6000.5.10f1 (3bd4f66ad299) revision 3921142'; Using compiler version '194234433'; Build Type 'Release'
[Licensing::IpcConnector] Successfully connected to: "LicenseClient-victo" at "2026-09-10T16:07:10.5931364Z"
OS: 'Windows 11  (10.0.26200) Core' Language: 'fr' Physical Memory: 16307 MB
BatchMode: 0, IsHumanControllingUs: 1, StartBugReporterOnCrash: 1, Is64bit: 1
System  architecture: x64
Process architecture: x64
Date: 2026-09-10T16:07:10Z
[Licensing::Client] Code 10 while verifying Licensing Client signature (process Id: 21544, path: "C:/Program Files/Unity Hub/UnityLicensingClient_V1/Unity.Licensing.Client.exe")
[Licensing::Module] LicensingClient has failed validation; ignoring
[Licensing::Client] Handshaking with LicensingClient:
  Version:                 1.18.3+d7ffd15
  Session Id:              9ca4ef190c1c46c7951951c906063d72
  Correlation Id:          52d5ad7c12ffb6f6983bdd1ee035e5ff
  External correlation Id: 4461030902986091983
  Machine Id:              7y1NJRQTZS1N0Fi4xzkaA1oQZqQ=
[Licensing::Module] Successfully connected to LicensingClient on channel: "LicenseClient-victo" (connect: 0.00s, validation: 0.00s, handshake: 0.04s)
[Licensing::IpcConnector] Successfully connected to: "LicenseClient-victo-notifications" at "2026-09-10T16:07:10.6349695Z"
[Licensing::Client] Successfully updated the access token
[Licensing::Module] Successfully updated the access token aJiMgF9CBE...
[Licensing::Client] Successfully resolved entitlement details
[Licensing::Module] License group:
  Id: 9072437322849-UnityPersXXXX
  Product: Unity Personal
  Type: Assigned
  Expiration: Unlimited
[Licensing::Client] Successfully updated license, isAsync: True, time: 0.01
[Licensing::Client] Successfully resolved entitlement details
[Licensing::Module] Licensing Background thread has ended after 0.09s

COMMAND LINE ARGUMENTS:
C:\Program Files\Unity\Hub\Editor\6000.5.10f1\Editor\Unity.exe
-projectpath
C:\Users\victo\Desktop\Code\POO\Cursus\2-Copy_code\03_Unity_Solos\02_2048_Reloaded
-acceptSoftwareTermsForThisRunOnly
-useHub
-hubIPC
-cloudEnvironment
production
-licensingIpc
LicenseClient-victo
-hubSessionId
4a9d417e-f8b5-405c-a759-bd454ea99f3d
-accessToken
aJiMgF9CBE4R5_sssjRNxQO994H6xRBcfctPftOftxU008f
Successfully changed project path to: C:\Users\victo\Desktop\Code\POO\Cursus\2-Copy_code\03_Unity_Solos\02_2048_Reloaded
C:/Users/victo/Desktop/Code/POO/Cursus/2-Copy_code/03_Unity_Solos/02_2048_Reloaded
[UnityMemory] Configuration Parameters - Can be set up in boot.config
    "memorysetup-temp-allocator-size-gi-baking-worker=262144"
    "memorysetup-temp-allocator-size-gi-baking-worker=262144"
    "memorysetup-temp-allocator-size-gi-baking-worker=262144"
    "memorysetup-temp-allocator-size-gi-baking-worker=262144"
    "memorysetup-temp-allocator-size-gi-baking-worker=262144"
    "memorysetup-temp-allocator-size-nav-mesh-worker=65536"
    "memorysetup-temp-allocator-size-audio-worker=65536"
    "memorysetup-temp-allocator-size-cloud-worker=32768"
    "memorysetup-temp-allocator-size-gfx=262144"
    "memorysetup-remapper-allocator-initial-capacity=32768"
    "memorysetup-temp-allocator-size-preload-manager=33554432"
    "memorysetup-allocator-temp-initial-block-size-main=262144"
    "memorysetup-allocator-temp-initial-block-size-worker=262144"
    "memorysetup-temp-allocator-size-job-worker=262144"
    "memorysetup-temp-allocator-size-background-worker=32768"
    "memorysetup-bucket-allocator-granularity=16"
    "memorysetup-bucket-allocator-bucket-count=8"
    "memorysetup-bucket-allocator-block-size=33554432"
    "memorysetup-bucket-allocator-block-count=8"
    "memorysetup-main-allocator-block-size=16777216"
    "memorysetup-thread-allocator-block-size=16777216"
    "memorysetup-main-allocator-mimalloc-enabled=0"
    "memorysetup-gfx-main-allocator-block-size=16777216"
    "memorysetup-gfx-thread-allocator-block-size=16777216"
    "memorysetup-cache-allocator-block-size=4194304"
    "memorysetup-typetree-allocator-block-size=2097152"
    "memorysetup-profiler-bucket-allocator-granularity=16"
    "memorysetup-profiler-bucket-allocator-bucket-count=8"
    "memorysetup-profiler-bucket-allocator-block-size=33554432"
    "memorysetup-profiler-bucket-allocator-block-count=8"
    "memorysetup-profiler-allocator-block-size=16777216"
    "memorysetup-profiler-editor-allocator-block-size=1048576"
    "memorysetup-temp-allocator-size-main=16777216"
    "memorysetup-job-temp-allocator-block-size=2097152"
    "memorysetup-job-temp-allocator-block-size-background=1048576"
    "memorysetup-job-temp-allocator-reduction-small-platforms=262144"
Player connection [18684]  Target information:

Player connection [18684]  * "[IP] 192.168.1.62 [Port] 55504 [Flags] 2 [Guid] 2315023902 [EditorId] 2315023902 [Version] 1048832 [Id] WindowsEditor(7,DESKTOP-O8CJAGR) [Debug] 1 [PackageName] WindowsEditor [ProjectName] Editor" 

Player connection [18684]  * "[IP] 192.168.56.1 [Port] 55504 [Flags] 2 [Guid] 2315023902 [EditorId] 2315023902 [Version] 1048832 [Id] WindowsEditor(7,DESKTOP-O8CJAGR) [Debug] 1 [PackageName] WindowsEditor [ProjectName] Editor" 

Player connection [18684] Host joined multi-casting on [225.0.0.222:54997]...
Player connection [18684] Host joined alternative multi-casting on [225.0.0.222:34997]...
Input System module state changed to: Initialized.
[Physics::Module] Initialized fallback backend.
[Physics::Module] Id: 0xdecafbad
[Package Manager] Connected to IPC stream "Upm-9272" after 0.1 seconds.
[Licensing::Client] Successfully resolved entitlement details
Library Redirect Path: Library/
[Physics::Module] Selected backend.
[Physics::Module] Name: PhysX
[Physics::Module] Id: 0xf2b8ea05
[Physics::Module] SDK Version: 4.1.2
[Physics::Module] Integration Version: 1.0.0
[Physics::Module] Threading Mode: Multi-Threaded
Artifact Garbage Collection - Removed 10 unused hashed content files
Initialize engine version: 6000.5.10f1 (3bd4f66ad299)
[Subsystems] Discovering subsystems at path C:/Program Files/Unity/Hub/Editor/6000.5.10f1/Editor/Data/Resources/UnitySubsystems
[Subsystems] Discovering subsystems at path C:/Users/victo/Desktop/Code/POO/Cursus/2-Copy_code/03_Unity_Solos/02_2048_Reloaded/Assets
[D3D12 Device Filter] Vendor Name: NVIDIA
[D3D12 Device Filter] Device Name: NVIDIA GeForce RTX 3060 Ti
[D3D12 Device Filter] Driver Version: 32.0.15.9186
[D3D12 Device Filter] Feature Level: 12.2
[D3D12 Device Filter] Graphics Memory: 8024 MB
[D3D12 Device Filter] Processor Count: 12
[D3D12 Device Filter] Device Type: Discrete
GfxDevice: creating device client; kGfxThreadingModeSplitJobs
d3d12: failed to query info queue interface (0x80004002).
Direct3D:
    Version:         Direct3D 12 [level 12.2]
    Renderer:        NVIDIA GeForce RTX 3060 Ti (ID=0x2489)
    Vendor:          NVIDIA
    VRAM:            8024 MB
    App VRAM Budget: 7256 MB
    Driver:          32.0.15.9186
Initialize mono
Mono path[0] = 'C:/Program Files/Unity/Hub/Editor/6000.5.10f1/Editor/Data/Managed'
Mono path[1] = 'C:/Program Files/Unity/Hub/Editor/6000.5.10f1/Editor/Data/BCLExtensions/runtime/netstandard2.1'
Mono path[2] = 'C:/Program Files/Unity/Hub/Editor/6000.5.10f1/Editor/Data/MonoBleedingEdge/lib/mono/unityjit-win32'
Mono config path = 'C:/Program Files/Unity/Hub/Editor/6000.5.10f1/Editor/Data/MonoBleedingEdge/etc'
Using monoOptions --debugger-agent=transport=dt_socket,embedding=1,server=y,suspend=n,address=127.0.0.1:56272
CodeReloadManager initialized
ImportWorker Server TCP listen port: 0
AcceleratorClientConnectionCallback - disconnected - :0
Begin MonoManager ReloadAssembly
Registering precompiled unity dll's ...
Register platform support module: C:/Program Files/Unity/Hub/Editor/6000.5.10f1/Editor/Data/PlaybackEngines/WebGLSupport/UnityEditor.WebGL.Extensions.dll
Register platform support module: C:/Program Files/Unity/Hub/Editor/6000.5.10f1/Editor/Data/PlaybackEngines/WindowsStandaloneSupport/UnityEditor.WindowsStandalone.Extensions.dll
Registered in 0.320775 seconds.
Native extension for WindowsStandalone target not found
Native extension for WebGL target not found
Package Manager log level set to [2]
ScheduleIndexationOnStartup MainProcess:False IndexOnStartup:True
Mono: successfully reloaded assembly
- Finished resetting the current domain, in  1.799 seconds
Domain Reload Profiling: 3904ms
	BeginReloadAssembly (264ms)
		CreateAndSetChildDomain (10ms)
	RebuildCommonClasses (6ms)
	RebuildNativeTypeToScriptingClass (169ms)
	initialDomainReloadingComplete (488ms)
	LoadAllAssembliesAndSetupDomain (1177ms)
		LoadAssemblies (254ms)
		AnalyzeDomain (1088ms)
			TypeCache.Refresh (1086ms)
				TypeCache.ScanAssembly (894ms)
	FinalizeReload (1800ms)
		SetupLoadedEditorAssemblies (0ms)
			InitializePlatformSupportModulesInManaged (3ms)
			BeforeProcessingInitializeOnLoad (87ms)
			ProcessInitializeOnLoadAttributes (121ms)
			ProcessInitializeOnLoadMethodAttributes (1525ms)
[Licensing::Client] Successfully resolved entitlement details
Application.AssetDatabase Initial Refresh Start
[Package Manager] Restoring resolved packages state from cache
[Licensing::Client] Successfully resolved entitlement details
[Package Manager] Registered 65 packages:
  Packages from [https://packages.unity.com]:
    com.unity.2d.animation@15.1.0 (location: C:\Users\victo\Desktop\Code\POO\Cursus\2-Copy_code\03_Unity_Solos\02_2048_Reloaded\Library\PackageCache\com.unity.2d.animation@6d5a363ae647)
    com.unity.2d.aseprite@5.0.3 (location: C:\Users\victo\Desktop\Code\POO\Cursus\2-Copy_code\03_Unity_Solos\02_2048_Reloaded\Library\PackageCache\com.unity.2d.aseprite@d13865913efa)
    com.unity.2d.psdimporter@14.0.3 (location: C:\Users\victo\Desktop\Code\POO\Cursus\2-Copy_code\03_Unity_Solos\02_2048_Reloaded\Library\PackageCache\com.unity.2d.psdimporter@5d82044f9e43)
    com.unity.2d.spriteshape@15.0.3 (location: C:\Users\victo\Desktop\Code\POO\Cursus\2-Copy_code\03_Unity_Solos\02_2048_Reloaded\Library\PackageCache\com.unity.2d.spriteshape@fcb7ec61a58b)
    com.unity.2d.tilemap.extras@8.0.3 (location: C:\Users\victo\Desktop\Code\POO\Cursus\2-Copy_code\03_Unity_Solos\02_2048_Reloaded\Library\PackageCache\com.unity.2d.tilemap.extras@a80140457adc)
    com.unity.2d.tooling@3.0.1 (location: C:\Users\victo\Desktop\Code\POO\Cursus\2-Copy_code\03_Unity_Solos\02_2048_Reloaded\Library\PackageCache\com.unity.2d.tooling@6f06ffb033c0)
    com.unity.collab-proxy@2.13.6 (location: C:\Users\victo\Desktop\Code\POO\Cursus\2-Copy_code\03_Unity_Solos\02_2048_Reloaded\Library\PackageCache\com.unity.collab-proxy@4628d2ba6ea4)
    com.unity.ide.rider@3.0.38 (location: C:\Users\victo\Desktop\Code\POO\Cursus\2-Copy_code\03_Unity_Solos\02_2048_Reloaded\Library\PackageCache\com.unity.ide.rider@1f60b3138684)
    com.unity.ide.visualstudio@2.0.26 (location: C:\Users\victo\Desktop\Code\POO\Cursus\2-Copy_code\03_Unity_Solos\02_2048_Reloaded\Library\PackageCache\com.unity.ide.visualstudio@a99d56dec63f)
    com.unity.inputsystem@1.20.0 (location: C:\Users\victo\Desktop\Code\POO\Cursus\2-Copy_code\03_Unity_Solos\02_2048_Reloaded\Library\PackageCache\com.unity.inputsystem@7a4e1a2a8194)
    com.unity.timeline@1.8.13 (location: C:\Users\victo\Desktop\Code\POO\Cursus\2-Copy_code\03_Unity_Solos\02_2048_Reloaded\Library\PackageCache\com.unity.timeline@3a22918286f5)
    com.unity.visualscripting@1.9.12 (location: C:\Users\victo\Desktop\Code\POO\Cursus\2-Copy_code\03_Unity_Solos\02_2048_Reloaded\Library\PackageCache\com.unity.visualscripting@4edfcc09512f)
    com.unity.2d.common@14.0.1 (location: C:\Users\victo\Desktop\Code\POO\Cursus\2-Copy_code\03_Unity_Solos\02_2048_Reloaded\Library\PackageCache\com.unity.2d.common@73badf92ba8b)
    com.unity.searcher@4.9.5 (location: C:\Users\victo\Desktop\Code\POO\Cursus\2-Copy_code\03_Unity_Solos\02_2048_Reloaded\Library\PackageCache\com.unity.searcher@a463122f2c00)
    com.unity.burst@1.8.30 (location: C:\Users\victo\Desktop\Code\POO\Cursus\2-Copy_code\03_Unity_Solos\02_2048_Reloaded\Library\PackageCache\com.unity.burst@2f3d916873ea)
    com.unity.nuget.mono-cecil@1.11.6 (location: C:\Users\victo\Desktop\Code\POO\Cursus\2-Copy_code\03_Unity_Solos\02_2048_Reloaded\Library\PackageCache\com.unity.nuget.mono-cecil@ecb9724e46ff)
    com.unity.test-framework.performance@3.5.0 (location: C:\Users\victo\Desktop\Code\POO\Cursus\2-Copy_code\03_Unity_Solos\02_2048_Reloaded\Library\PackageCache\com.unity.test-framework.performance@8b56083ec0f0)
  Built-in packages:
    com.unity.2d.sprite@1.0.0 (location: C:\Users\victo\Desktop\Code\POO\Cursus\2-Copy_code\03_Unity_Solos\02_2048_Reloaded\Library\PackageCache\com.unity.2d.sprite@053a968eab56)
    com.unity.2d.tilemap@1.0.0 (location: C:\Users\victo\Desktop\Code\POO\Cursus\2-Copy_code\03_Unity_Solos\02_2048_Reloaded\Library\PackageCache\com.unity.2d.tilemap@b959501fd678)
    com.unity.multiplayer.center@1.0.1 (location: C:\Users\victo\Desktop\Code\POO\Cursus\2-Copy_code\03_Unity_Solos\02_2048_Reloaded\Library\PackageCache\com.unity.multiplayer.center@b860850997d0)
    com.unity.render-pipelines.universal@17.5.0 (location: C:\Users\victo\Desktop\Code\POO\Cursus\2-Copy_code\03_Unity_Solos\02_2048_Reloaded\Library\PackageCache\com.unity.render-pipelines.universal@d7774c218bdf)
    com.unity.test-framework@1.7.0 (location: C:\Users\victo\Desktop\Code\POO\Cursus\2-Copy_code\03_Unity_Solos\02_2048_Reloaded\Library\PackageCache\com.unity.test-framework@1405238725ab)
    com.unity.ugui@2.5.0 (location: C:\Users\victo\Desktop\Code\POO\Cursus\2-Copy_code\03_Unity_Solos\02_2048_Reloaded\Library\PackageCache\com.unity.ugui@1c4864518158)
    com.unity.modules.accessibility@1.0.0 (location: C:\Users\victo\Desktop\Code\POO\Cursus\2-Copy_code\03_Unity_Solos\02_2048_Reloaded\Library\PackageCache\com.unity.modules.accessibility)
    com.unity.modules.adaptiveperformance@1.0.0 (location: C:\Users\victo\Desktop\Code\POO\Cursus\2-Copy_code\03_Unity_Solos\02_2048_Reloaded\Library\PackageCache\com.unity.modules.adaptiveperformance)
    com.unity.modules.ai@1.0.0 (location: C:\Users\victo\Desktop\Code\POO\Cursus\2-Copy_code\03_Unity_Solos\02_2048_Reloaded\Library\PackageCache\com.unity.modules.ai)
    com.unity.modules.androidjni@1.0.0 (location: C:\Users\victo\Desktop\Code\POO\Cursus\2-Copy_code\03_Unity_Solos\02_2048_Reloaded\Library\PackageCache\com.unity.modules.androidjni)
    com.unity.modules.animation@1.0.0 (location: C:\Users\victo\Desktop\Code\POO\Cursus\2-Copy_code\03_Unity_Solos\02_2048_Reloaded\Library\PackageCache\com.unity.modules.animation)
    com.unity.modules.assetbundle@1.0.0 (location: C:\Users\victo\Desktop\Code\POO\Cursus\2-Copy_code\03_Unity_Solos\02_2048_Reloaded\Library\PackageCache\com.unity.modules.assetbundle)
    com.unity.modules.audio@1.0.0 (location: C:\Users\victo\Desktop\Code\POO\Cursus\2-Copy_code\03_Unity_Solos\02_2048_Reloaded\Library\PackageCache\com.unity.modules.audio)
    com.unity.modules.cloth@1.0.0 (location: C:\Users\victo\Desktop\Code\POO\Cursus\2-Copy_code\03_Unity_Solos\02_2048_Reloaded\Library\PackageCache\com.unity.modules.cloth)
    com.unity.modules.director@1.0.0 (location: C:\Users\victo\Desktop\Code\POO\Cursus\2-Copy_code\03_Unity_Solos\02_2048_Reloaded\Library\PackageCache\com.unity.modules.director)
    com.unity.modules.imageconversion@1.0.0 (location: C:\Users\victo\Desktop\Code\POO\Cursus\2-Copy_code\03_Unity_Solos\02_2048_Reloaded\Library\PackageCache\com.unity.modules.imageconversion)
    com.unity.modules.imgui@1.0.0 (location: C:\Users\victo\Desktop\Code\POO\Cursus\2-Copy_code\03_Unity_Solos\02_2048_Reloaded\Library\PackageCache\com.unity.modules.imgui)
    com.unity.modules.jsonserialize@1.0.0 (location: C:\Users\victo\Desktop\Code\POO\Cursus\2-Copy_code\03_Unity_Solos\02_2048_Reloaded\Library\PackageCache\com.unity.modules.jsonserialize)
    com.unity.modules.particlesystem@1.0.0 (location: C:\Users\victo\Desktop\Code\POO\Cursus\2-Copy_code\03_Unity_Solos\02_2048_Reloaded\Library\PackageCache\com.unity.modules.particlesystem)
    com.unity.modules.physics@1.0.0 (location: C:\Users\victo\Desktop\Code\POO\Cursus\2-Copy_code\03_Unity_Solos\02_2048_Reloaded\Library\PackageCache\com.unity.modules.physics)
    com.unity.modules.physics2d@1.0.0 (location: C:\Users\victo\Desktop\Code\POO\Cursus\2-Copy_code\03_Unity_Solos\02_2048_Reloaded\Library\PackageCache\com.unity.modules.physics2d)
    com.unity.modules.physicscore2d@1.0.0 (location: C:\Users\victo\Desktop\Code\POO\Cursus\2-Copy_code\03_Unity_Solos\02_2048_Reloaded\Library\PackageCache\com.unity.modules.physicscore2d)
    com.unity.modules.screencapture@1.0.0 (location: C:\Users\victo\Desktop\Code\POO\Cursus\2-Copy_code\03_Unity_Solos\02_2048_Reloaded\Library\PackageCache\com.unity.modules.screencapture)
    com.unity.modules.terrain@1.0.0 (location: C:\Users\victo\Desktop\Code\POO\Cursus\2-Copy_code\03_Unity_Solos\02_2048_Reloaded\Library\PackageCache\com.unity.modules.terrain)
    com.unity.modules.terrainphysics@1.0.0 (location: C:\Users\victo\Desktop\Code\POO\Cursus\2-Copy_code\03_Unity_Solos\02_2048_Reloaded\Library\PackageCache\com.unity.modules.terrainphysics)
    com.unity.modules.tilemap@1.0.0 (location: C:\Users\victo\Desktop\Code\POO\Cursus\2-Copy_code\03_Unity_Solos\02_2048_Reloaded\Library\PackageCache\com.unity.modules.tilemap)
    com.unity.modules.ui@1.0.0 (location: C:\Users\victo\Desktop\Code\POO\Cursus\2-Copy_code\03_Unity_Solos\02_2048_Reloaded\Library\PackageCache\com.unity.modules.ui)
    com.unity.modules.uielements@1.0.0 (location: C:\Users\victo\Desktop\Code\POO\Cursus\2-Copy_code\03_Unity_Solos\02_2048_Reloaded\Library\PackageCache\com.unity.modules.uielements)
    com.unity.modules.umbra@1.0.0 (location: C:\Users\victo\Desktop\Code\POO\Cursus\2-Copy_code\03_Unity_Solos\02_2048_Reloaded\Library\PackageCache\com.unity.modules.umbra)
    com.unity.modules.unityanalytics@1.0.0 (location: C:\Users\victo\Desktop\Code\POO\Cursus\2-Copy_code\03_Unity_Solos\02_2048_Reloaded\Library\PackageCache\com.unity.modules.unityanalytics)
    com.unity.modules.unitywebrequest@1.0.0 (location: C:\Users\victo\Desktop\Code\POO\Cursus\2-Copy_code\03_Unity_Solos\02_2048_Reloaded\Library\PackageCache\com.unity.modules.unitywebrequest)
    com.unity.modules.unitywebrequestassetbundle@1.0.0 (location: C:\Users\victo\Desktop\Code\POO\Cursus\2-Copy_code\03_Unity_Solos\02_2048_Reloaded\Library\PackageCache\com.unity.modules.unitywebrequestassetbundle)
    com.unity.modules.unitywebrequestaudio@1.0.0 (location: C:\Users\victo\Desktop\Code\POO\Cursus\2-Copy_code\03_Unity_Solos\02_2048_Reloaded\Library\PackageCache\com.unity.modules.unitywebrequestaudio)
    com.unity.modules.unitywebrequesttexture@1.0.0 (location: C:\Users\victo\Desktop\Code\POO\Cursus\2-Copy_code\03_Unity_Solos\02_2048_Reloaded\Library\PackageCache\com.unity.modules.unitywebrequesttexture)
    com.unity.modules.unitywebrequestwww@1.0.0 (location: C:\Users\victo\Desktop\Code\POO\Cursus\2-Copy_code\03_Unity_Solos\02_2048_Reloaded\Library\PackageCache\com.unity.modules.unitywebrequestwww)
    com.unity.modules.vectorgraphics@1.0.0 (location: C:\Users\victo\Desktop\Code\POO\Cursus\2-Copy_code\03_Unity_Solos\02_2048_Reloaded\Library\PackageCache\com.unity.modules.vectorgraphics)
    com.unity.modules.vehicles@1.0.0 (location: C:\Users\victo\Desktop\Code\POO\Cursus\2-Copy_code\03_Unity_Solos\02_2048_Reloaded\Library\PackageCache\com.unity.modules.vehicles)
    com.unity.modules.video@1.0.0 (location: C:\Users\victo\Desktop\Code\POO\Cursus\2-Copy_code\03_Unity_Solos\02_2048_Reloaded\Library\PackageCache\com.unity.modules.video)
    com.unity.modules.wind@1.0.0 (location: C:\Users\victo\Desktop\Code\POO\Cursus\2-Copy_code\03_Unity_Solos\02_2048_Reloaded\Library\PackageCache\com.unity.modules.wind)
    com.unity.modules.xr@1.0.0 (location: C:\Users\victo\Desktop\Code\POO\Cursus\2-Copy_code\03_Unity_Solos\02_2048_Reloaded\Library\PackageCache\com.unity.modules.xr)
    com.unity.modules.subsystems@1.0.0 (location: C:\Users\victo\Desktop\Code\POO\Cursus\2-Copy_code\03_Unity_Solos\02_2048_Reloaded\Library\PackageCache\com.unity.modules.subsystems)
    com.unity.modules.hierarchycore@1.0.0 (location: C:\Users\victo\Desktop\Code\POO\Cursus\2-Copy_code\03_Unity_Solos\02_2048_Reloaded\Library\PackageCache\com.unity.modules.hierarchycore)
    com.unity.ext.nunit@2.1.0 (location: C:\Users\victo\Desktop\Code\POO\Cursus\2-Copy_code\03_Unity_Solos\02_2048_Reloaded\Library\PackageCache\com.unity.ext.nunit@44f7d31723bd)
    com.unity.render-pipelines.core@17.5.0 (location: C:\Users\victo\Desktop\Code\POO\Cursus\2-Copy_code\03_Unity_Solos\02_2048_Reloaded\Library\PackageCache\com.unity.render-pipelines.core@bbba1f0c681e)
    com.unity.shadergraph@17.5.0 (location: C:\Users\victo\Desktop\Code\POO\Cursus\2-Copy_code\03_Unity_Solos\02_2048_Reloaded\Library\PackageCache\com.unity.shadergraph@8d7376ec43ee)
    com.unity.render-pipelines.universal-config@17.5.0 (location: C:\Users\victo\Desktop\Code\POO\Cursus\2-Copy_code\03_Unity_Solos\02_2048_Reloaded\Library\PackageCache\com.unity.render-pipelines.universal-config@fdda01c80fe3)
    com.unity.mathematics@1.4.0 (location: C:\Users\victo\Desktop\Code\POO\Cursus\2-Copy_code\03_Unity_Solos\02_2048_Reloaded\Library\PackageCache\com.unity.mathematics@981956d94fb6)
    com.unity.collections@6.5.0 (location: C:\Users\victo\Desktop\Code\POO\Cursus\2-Copy_code\03_Unity_Solos\02_2048_Reloaded\Library\PackageCache\com.unity.collections@ec2c217e4cb2)
[Subsystems] No new subsystems found in resolved package list.
[Package Manager] Done registering packages in 0.02 seconds
info: Microsoft.Hosting.Lifetime[14]
      Now listening on: http://localhost:80
info: Microsoft.Hosting.Lifetime[0]
      Application started. Press Ctrl+C to shut down.
info: Microsoft.Hosting.Lifetime[0]
      Hosting environment: Production
info: Microsoft.Hosting.Lifetime[0]
      Content root path: C:\Users\victo\Desktop\Code\POO\Cursus\2-Copy_code\03_Unity_Solos\02_2048_Reloaded
info: Microsoft.AspNetCore.Hosting.Diagnostics[1]
      Request starting HTTP/2 POST http://ilpp/UnityILPP.PostProcessing/Ping - application/grpc -
info: Microsoft.AspNetCore.Routing.EndpointMiddleware[0]
      Executing endpoint 'gRPC - /UnityILPP.PostProcessing/Ping'
info: Microsoft.AspNetCore.Routing.EndpointMiddleware[1]
      Executed endpoint 'gRPC - /UnityILPP.PostProcessing/Ping'
info: Microsoft.AspNetCore.Hosting.Diagnostics[2]
      Request finished HTTP/2 POST http://ilpp/UnityILPP.PostProcessing/Ping - 200 - application/grpc 28.1851ms
Starting: C:\Program Files\Unity\Hub\Editor\6000.5.10f1\Editor\Data\Tools\BuildPipeline\bee_backend.exe --ipc --defer-dag-verification --dagfile="Library/Bee/1900b0aE.dag" --continue-on-failure --profile="Library/Bee/backend1.traceevents" ScriptAssemblies
WorkingDir: C:/Users/victo/Desktop/Code/POO/Cursus/2-Copy_code/03_Unity_Solos/02_2048_Reloaded
info: Microsoft.AspNetCore.Hosting.Diagnostics[1]
      Request starting HTTP/2 POST http://ilpp/UnityILPP.PostProcessing/ConfigurePostProcessors - application/grpc -
info: Microsoft.AspNetCore.Routing.EndpointMiddleware[0]
      Executing endpoint 'gRPC - /UnityILPP.PostProcessing/ConfigurePostProcessors'
warn: Unity.ILPP.Runner.PostProcessingAssemblyLoadContext[0]
      Assembly system.runtime.interopservices.windowsruntime has duplicate hint path. Ignoring "C:\Program Files\Unity\Hub\Editor\6000.5.10f1\Editor\Data\UnityReferenceAssemblies\unity-4.8-api\Facades\System.Runtime.InteropServices.WindowsRuntime.dll" in favor of "C:\Program Files\Unity\Hub\Editor\6000.5.10f1\Editor\Data\NetStandard\Extensions\2.0.0\System.Runtime.InteropServices.WindowsRuntime.dll"
warn: Unity.ILPP.Runner.PostProcessingAssemblyLoadContext[0]
      Assembly system.componentmodel.composition has duplicate hint path. Ignoring "C:\Program Files\Unity\Hub\Editor\6000.5.10f1\Editor\Data\UnityReferenceAssemblies\unity-4.8-api\System.ComponentModel.Composition.dll" in favor of "C:\Program Files\Unity\Hub\Editor\6000.5.10f1\Editor\Data\NetStandard\compat\2.1.0\shims\netfx\System.ComponentModel.Composition.dll"
info: Unity.ILPP.Runner.PostProcessingAssemblyLoadContext[0]
      Resolved Unity.Burst.Cecil, Version=0.11.6.0, Culture=neutral, PublicKeyToken=50cebf1cceb9d05e with Library\PackageCache\com.unity.burst@2f3d916873ea\Unity.Burst.CodeGen\Unity.Burst.Cecil.dll
info: Unity.ILPP.Runner.PostProcessingAssemblyLoadContext[0]
      Resolved Mono.Cecil, Version=0.11.5.0, Culture=neutral, PublicKeyToken=50cebf1cceb9d05e with Library\PackageCache\com.unity.nuget.mono-cecil@ecb9724e46ff\Mono.Cecil.dll
info: Microsoft.AspNetCore.Routing.EndpointMiddleware[1]
      Executed endpoint 'gRPC - /UnityILPP.PostProcessing/ConfigurePostProcessors'
info: Microsoft.AspNetCore.Hosting.Diagnostics[2]
      Request finished HTTP/2 POST http://ilpp/UnityILPP.PostProcessing/ConfigurePostProcessors - 200 - application/grpc 429.3812ms
ExitCode: 0 Duration: 3s675ms
[ 872/1123  0s] ILPP-Configuration Library/ilpp-configuration.nevergeneratedoutput
[1119/1123  3s] Csc Library/Bee/artifacts/1900b0aE.dag/Assembly-CSharp.dll (+2 others)
*** Tundra build success (3.54 seconds), 2 items updated, 1123 evaluated
AssetDatabase: script compilation time: 4.391187s
Begin MonoManager ReloadAssembly
Refreshing native plugins compatible for Editor in 75.32 ms, found 5 plugins.
Native extension for WindowsStandalone target not found
Native extension for WebGL target not found
Refreshing native plugins compatible for Editor in 2.97 ms, found 5 plugins.
ScheduleIndexationOnStartup MainProcess:True IndexOnStartup:True
Mono: successfully reloaded assembly
- Finished resetting the current domain, in  4.270 seconds
Domain Reload Profiling: 6684ms
	BeginReloadAssembly (348ms)
		DisableScriptedObjects (30ms)
		CreateAndSetChildDomain (161ms)
	RebuildCommonClasses (8ms)
	RebuildNativeTypeToScriptingClass (14ms)
	initialDomainReloadingComplete (68ms)
	LoadAllAssembliesAndSetupDomain (1973ms)
		LoadAssemblies (1682ms)
		AnalyzeDomain (257ms)
			TypeCache.Refresh (165ms)
				TypeCache.ScanAssembly (153ms)
			BuildScriptInfoCaches (81ms)
			ResolveRequiredComponents (8ms)
	FinalizeReload (4272ms)
		SetupLoadedEditorAssemblies (0ms)
			BeforeProcessingInitializeOnLoad (84ms)
			ProcessInitializeOnLoadAttributes (2980ms)
			ProcessInitializeOnLoadMethodAttributes (715ms)
			AfterProcessingInitializeOnLoad (10ms)
			EditorAssembliesLoaded (3ms)
		AwakeInstancesAfterBackupRestoration (37ms)
Starting new worker id: 0 with log in C:/Users/victo/Desktop/Code/POO/Cursus/2-Copy_code/03_Unity_Solos/02_2048_Reloaded/Logs/AssetImportWorkerHW0.log

Asset Pipeline Refresh (id=167a63bb1044c1e43a4ae9076a0f45c7): Total: 18.637 seconds - Initiated by InitialRefreshV2(ForceSynchronousImport)
	(Values over 0.05ms)
	Summary:
		Imports: total=0 (actual=0, local cache=0, cache server=0)
		Asset DB Process Time: managed=0 ms, native=11587 ms
		Asset DB Callback time: managed=54 ms, native=38 ms
		Scripting: domain reloads=1, domain reload time=2487 ms, compile time=4393 ms, other=75 ms
		Project Asset Count: scripts=1611, non-scripts=3217
		Asset File Changes: new=0, changed=0, moved=0, deleted=0
		Scan Filter Count: 0
	InvokePackagesCallback: 41.337ms
	ApplyChangesToAssetFolders: 0.692ms
	Scan: 228.797ms
	Collect global state as custom dependencies: 23.583ms
	CategorizeScriptCompilationAssets: 1429.174ms
	ProcessAssetsWithTransientArtifactChanges: 69.862ms
	CategorizeAssets: 55.193ms
	CompileScripts: 4392.657ms
	ImportOutOfDateAssets: 4454.132ms (4389.992ms without children)
		UnloadImportedAssets: 0.885ms
		EnsureUptoDateAssetsAreRegisteredWithGuidPM: 0.740ms
		ImportSchedulerStart: 62.467ms
	PostProcessAllAssets: 54.520ms
		MonoPostProcessAllAssets: 54.428ms
			SyncVS.PostprocessSyncProject 25.272ms
			UniversalRenderPipelineGlobalSettingsPostprocessor.OnPostprocessAllAssets 11.909ms
			SpeedTree9Postprocessor.OnPostprocessAllAssets 1.883ms
			WindowAssetPostprocessingWatcher.OnPostprocessAllAssets 1.806ms
			RenderPipelineGlobalSettingsPostprocessor.OnPostprocessAllAssets 1.110ms
			EditModeScopePostprocessor.OnPostprocessAllAssets 0.869ms
			ShaderReflectionAssetPostProcessor.OnPostprocessAllAssets 0.356ms
			ReferencedClipsPostProcessor.OnPostprocessAllAssets 0.297ms
			InputActionAssetPostprocessor.OnPostprocessAllAssets 0.289ms
			TerrainToolbarOverlayPostProcessor.OnPostprocessAllAssets 0.188ms
			AssetDatabaseCallbacks.OnPostprocessAllAssets 0.166ms
			ProjectSettingsPostprocessor.OnPostprocessAllAssets 0.149ms
	UnloadStreamsBegin: 3.028ms
	PersistCurrentRevisions: 0.101ms
	GenerateScriptTypeHashes: 3.425ms
	GenerateScriptTypeSerializationHashes: 6.574ms
	Untracked: 7877.319ms

Application.AssetDatabase Initial Refresh End
Launched and connected shader compiler UnityShaderCompiler.exe after 0.05 seconds
Scanning for USB devices : 15.530ms
Initializing Unity extensions:
Worker ready: AssetImportWorkerHW0 0
[MODES] ModeService[none].Initialize
[MODES] ModeService[none].LoadModes
[MODES] Loading mode Default (0) for mode-current-id-2_2048_Reloaded
Unloading 46 Unused Serialized files (Serialized files now loaded: 0)
Loaded scene 'Assets/Scenes/GamingScene.unity'
	Deserialize:            635.699 ms
	Integration:            241.628 ms
	Integration of assets:  4.467 ms
	Thread Wait Time:       -0.065 ms
	Total Operation Time:   881.729 ms
Unloading 7380 unused Assets / (7.4 MB). Loaded Objects now: 8603.
Memory consumption went from 460.9 MB to 453.5 MB.
Total: 24.743900 ms (FindLiveObjects: 0.955900 ms CreateObjectMapping: 0.712600 ms MarkObjects: 17.142900 ms  DeleteObjects: 5.753400 ms)

[LAYOUT] About to load UserSettings\Layouts\default-6000.dwlt, keepMainWindow=False
[LAYOUT] About to save layout C:\Users\victo\Desktop\Code\POO\Cursus\2-Copy_code\03_Unity_Solos\02_2048_Reloaded\UserSettings\Layouts\default-6000.dwlt
[LAYOUT] About to save layout C:/Users/victo/AppData/Roaming/Unity/Editor-5.x/Preferences\Layouts\current\default-6000.dwlt
[MODES] ModeService[default].InitializeCurrentMode
[MODES] ModeService[default].RaiseModeChanged(default, default)
This project uses Input Manager, which is marked for deprecation. To manage input in your project, use the <a href="https://docs.unity3d.com/Packages/com.unity.inputsystem@latest">Input System package</a> instead.
<RI> Initializing input.
Using Windows.Gaming.Input
<RI> Input initialized.
[Project] Loading completed in 37.533 seconds
	Project init time: 				35.364 seconds
		Template init time: 		0.000 seconds
		Package Manager init time: 		0.123 seconds
		Asset Database init time: 		0.670 seconds
		Global illumination init time: 	0.011 seconds
		Assemblies load time: 			9.831 seconds
		Unity extensions init time: 	0.048 seconds
		Asset Database refresh time: 	18.637 seconds
	Scene opening time: 			1.982 seconds
##utp:{"type":"ProjectInfo","version":2,"phase":"Immediate","time":1789056468108,"processId":9272,"projectLoad":37.5330029,"projectInit":35.3637136,"templateInit":0.0,"packageManagerInit":0.1230772,"assetDatabaseInit":0.6704288,"globalIlluminationInit":0.0113359,"assembliesLoad":9.8305549,"unityExtensionsInit":0.0475941,"assetDatabaseRefresh":18.6373217,"sceneOpening":1.9820112}
##utp:{"type":"EditorInfo","version":2,"phase":"Immediate","time":1789056468108,"processId":9272,"editorVersion":"6000.5.10f1 (3bd4f66ad299)","branch":"6000.5/staging","buildType":"Release","platform":"Windows"}
Asset Pipeline Refresh (id=f19326dec15a8cb49b3b57eb6852d272): Total: 0.094 seconds - Initiated by RefreshV2(AllowForceSynchronousImport)
Start Indexing on Editor startup
[Indexing] Starting Initial Indexing for Assets
Created GICache directory at C:/Users/victo/AppData/LocalLow/Unity/Caches/GiCache. Took: 0.028s, timestamps: [38.667 - 38.694]
[Licensing::Client] Successfully resolved entitlement details
[Licensing::Client] Successfully resolved entitlement details
[Licensing::Client] Successfully updated the access token
[Licensing::Module] Successfully updated access token: "aJiMgF9C"... (expires: 2026-09-10T18:06:37Z)
[Licensing::Client] Successfully resolved entitlement details
Starting new worker id: 1 with log in C:/Users/victo/Desktop/Code/POO/Cursus/2-Copy_code/03_Unity_Solos/02_2048_Reloaded/Logs/AssetImportWorkerHW1.log
[Worker0] Imported GUID: 2ef3c14c7f8cf1847beae01c42e3310a - Path: Assets/_Recovery/0 (1).unity - Importer: ScriptedImporter/UnityEditor.QuickSearchModule:UnityEditor.Search:ASIAI0B -> (ImportResultId: '8e50ea16a065eb48c1cebac8a9fd7d38') in 0.0986462 seconds
Starting new worker id: 2 with log in C:/Users/victo/Desktop/Code/POO/Cursus/2-Copy_code/03_Unity_Solos/02_2048_Reloaded/Logs/AssetImportWorkerHW2.log
[Worker0] Imported GUID: 67652712e499bcd44a94493224d0d08e - Path: Assets/_Recovery/0 (6).unity - Importer: ScriptedImporter/UnityEditor.QuickSearchModule:UnityEditor.Search:ASIAI0B -> (ImportResultId: '999d75ad3c08ba0cb5cd80fd6a3afa77') in 0.0411617 seconds
[Worker0] Imported GUID: 174f6bfacb32f1b4cbbf40eaebecc82e - Path: Assets/Scripts/TileBehavior.cs - Importer: ScriptedImporter/UnityEditor.QuickSearchModule:UnityEditor.Search:ASIAI0B -> (ImportResultId: 'd739c7ce991f0380fb3f1cfbf9b4b884') in 0.0366222 seconds
[Worker0] Imported GUID: 060462fea717baf4fb83af91dceeed0c - Path: Assets/Scripts/GridBehavior.cs - Importer: ScriptedImporter/UnityEditor.QuickSearchModule:UnityEditor.Search:ASIAI0B -> (ImportResultId: 'c28df2a99ca991ccde400b01f3ae9a7d') in 0.0168424 seconds
[Worker0] Imported GUID: 3785d6f0722d40d4690b7930a25a6785 - Path: Assets/_Recovery/0 (5).unity - Importer: ScriptedImporter/UnityEditor.QuickSearchModule:UnityEditor.Search:ASIAI0B -> (ImportResultId: '5f9c89f5fabfa4e1680b9197d353f1ab') in 0.0338839 seconds
[Worker0] Imported GUID: 41321f2abdbabe745b4d149c6516d2f5 - Path: Assets/_Recovery - Importer: ScriptedImporter/UnityEditor.QuickSearchModule:UnityEditor.Search:ASIAI0B -> (ImportResultId: '87fffa84834105e1136281451d4bba3e') in 0.0191827 seconds
[Worker0] Imported GUID: 65276211cdf2f374a9addef56e84cba4 - Path: Assets/Scripts/BoardBehavior.cs - Importer: ScriptedImporter/UnityEditor.QuickSearchModule:UnityEditor.Search:ASIAI0B -> (ImportResultId: 'c926820bf98e3b1dde614bcd8512bb19') in 0.0275424 seconds
[Worker0] Imported GUID: 35e3ea5748b749e4a98b12e1b8ed6e61 - Path: Assets/_Recovery/0.unity - Importer: ScriptedImporter/UnityEditor.QuickSearchModule:UnityEditor.Search:ASIAI0B -> (ImportResultId: 'f14e320a42a553d5470171bcb94c5c22') in 0.0338766 seconds
[Worker0] Imported GUID: 1af56204918b393479e7af737d9f91c8 - Path: Assets/_Recovery/0 (7).unity - Importer: ScriptedImporter/UnityEditor.QuickSearchModule:UnityEditor.Search:ASIAI0B -> (ImportResultId: 'd6c36e7ee3cc4b8ad33b1f7e3f2bf88f') in 0.0293475 seconds
[Worker0] Imported GUID: da6a8c10b3cbf8a408f13aa02d1d60ba - Path: Assets/_Recovery/0 (4).unity - Importer: ScriptedImporter/UnityEditor.QuickSearchModule:UnityEditor.Search:ASIAI0B -> (ImportResultId: 'e0d6702375282555688875fe84e88705') in 0.026368 seconds
[Worker0] Imported GUID: ef769677c5c465f4a95b2c8ea99718b4 - Path: Assets/_Recovery/0 (8).unity - Importer: ScriptedImporter/UnityEditor.QuickSearchModule:UnityEditor.Search:ASIAI0B -> (ImportResultId: '37f4b472bc76beed45da713caa43b272') in 0.0236548 seconds
[Worker0] Imported GUID: 99cdad5f897156d4c9fe9d32b033212b - Path: Assets/_Recovery/0 (3).unity - Importer: ScriptedImporter/UnityEditor.QuickSearchModule:UnityEditor.Search:ASIAI0B -> (ImportResultId: 'ed0d0b6432cbc0e1f58fff9ed19e8e2d') in 0.0261833 seconds
[Worker0] Imported GUID: 699895dca6309d84f86ff8cf76580a5d - Path: Assets/_Recovery/0 (2).unity - Importer: ScriptedImporter/UnityEditor.QuickSearchModule:UnityEditor.Search:ASIAI0B -> (ImportResultId: '6afc5efba7889d08890445bfe8ad368d') in 0.0280648 seconds
UPID Received '87d49476-8ac2-47b9-ac92-d36bfea90eb0'.
[Licensing::Client] Successfully resolved entitlement details
Worker ready: AssetImportWorkerHW1 1
Worker ready: AssetImportWorkerHW2 2
TrimDiskCacheJob: Current cache size 0mb
SpriteAtlasPacking completed in 0.007857 sec
Entering Playmode with Reload Domain disabled.
If you experience any issues, please disable "Enter Play Mode Options" in Editor Settings
Loaded scene 'Temp/__Backupscenes/0.backup'
	Deserialize:            2.616 ms
	Integration:            266.404 ms
	Integration of assets:  0.027 ms
	Thread Wait Time:       0.008 ms
	Total Operation Time:   269.055 ms
Let's try GetRandomEmptyCell
UnityEngine.Debug:ExtractStackTraceNoAlloc (byte*,int,string)
UnityEngine.StackTraceUtility:ExtractStackTrace ()
UnityEngine.DebugLogHandler:Internal_Log (UnityEngine.LogType,UnityEngine.LogOption,string,UnityEngine.Object)
UnityEngine.DebugLogHandler:LogFormat (UnityEngine.LogType,UnityEngine.Object,string,object[])
UnityEngine.Logger:Log (UnityEngine.LogType,object)
UnityEngine.Debug:Log (object)
GridBehavior:GetRandomEmptyCell () (at Assets/Scripts/GridBehavior.cs:41)
BoardBehavior:CreateTile () (at Assets/Scripts/BoardBehavior.cs:163)
BoardBehavior:Start () (at Assets/Scripts/BoardBehavior.cs:32)

(Filename: Assets/Scripts/GridBehavior.cs Line: 41)

Let's try GetRandomEmptyCell
UnityEngine.Debug:ExtractStackTraceNoAlloc (byte*,int,string)
UnityEngine.StackTraceUtility:ExtractStackTrace ()
UnityEngine.DebugLogHandler:Internal_Log (UnityEngine.LogType,UnityEngine.LogOption,string,UnityEngine.Object)
UnityEngine.DebugLogHandler:LogFormat (UnityEngine.LogType,UnityEngine.Object,string,object[])
UnityEngine.Logger:Log (UnityEngine.LogType,object)
UnityEngine.Debug:Log (object)
GridBehavior:GetRandomEmptyCell () (at Assets/Scripts/GridBehavior.cs:41)
BoardBehavior:CreateTile () (at Assets/Scripts/BoardBehavior.cs:163)
BoardBehavior:Start () (at Assets/Scripts/BoardBehavior.cs:33)

(Filename: Assets/Scripts/GridBehavior.cs Line: 41)

La cellule adjacente est là.
UnityEngine.Debug:ExtractStackTraceNoAlloc (byte*,int,string)
UnityEngine.StackTraceUtility:ExtractStackTrace ()
UnityEngine.DebugLogHandler:Internal_Log (UnityEngine.LogType,UnityEngine.LogOption,string,UnityEngine.Object)
UnityEngine.DebugLogHandler:LogFormat (UnityEngine.LogType,UnityEngine.Object,string,object[])
UnityEngine.Logger:Log (UnityEngine.LogType,object)
UnityEngine.Debug:Log (object)
BoardBehavior:MoveTile (TileBehavior,UnityEngine.Vector2Int) (at Assets/Scripts/BoardBehavior.cs:135)
BoardBehavior:MoveTiles (UnityEngine.Vector2Int,int,int,int,int) (at Assets/Scripts/BoardBehavior.cs:100)
BoardBehavior:Update () (at Assets/Scripts/BoardBehavior.cs:50)

(Filename: Assets/Scripts/BoardBehavior.cs Line: 135)

Left key pressed
UnityEngine.Debug:ExtractStackTraceNoAlloc (byte*,int,string)
UnityEngine.StackTraceUtility:ExtractStackTrace ()
UnityEngine.DebugLogHandler:Internal_Log (UnityEngine.LogType,UnityEngine.LogOption,string,UnityEngine.Object)
UnityEngine.DebugLogHandler:LogFormat (UnityEngine.LogType,UnityEngine.Object,string,object[])
UnityEngine.Logger:Log (UnityEngine.LogType,object)
UnityEngine.Debug:Log (object)
BoardBehavior:Update () (at Assets/Scripts/BoardBehavior.cs:51)

(Filename: Assets/Scripts/BoardBehavior.cs Line: 51)

La cellule adjacente est là.
UnityEngine.Debug:ExtractStackTraceNoAlloc (byte*,int,string)
UnityEngine.StackTraceUtility:ExtractStackTrace ()
UnityEngine.DebugLogHandler:Internal_Log (UnityEngine.LogType,UnityEngine.LogOption,string,UnityEngine.Object)
UnityEngine.DebugLogHandler:LogFormat (UnityEngine.LogType,UnityEngine.Object,string,object[])
UnityEngine.Logger:Log (UnityEngine.LogType,object)
UnityEngine.Debug:Log (object)
BoardBehavior:MoveTile (TileBehavior,UnityEngine.Vector2Int) (at Assets/Scripts/BoardBehavior.cs:135)
BoardBehavior:MoveTiles (UnityEngine.Vector2Int,int,int,int,int) (at Assets/Scripts/BoardBehavior.cs:100)
BoardBehavior:Update () (at Assets/Scripts/BoardBehavior.cs:57)

(Filename: Assets/Scripts/BoardBehavior.cs Line: 135)

La cellule adjacente est là.
UnityEngine.Debug:ExtractStackTraceNoAlloc (byte*,int,string)
UnityEngine.StackTraceUtility:ExtractStackTrace ()
UnityEngine.DebugLogHandler:Internal_Log (UnityEngine.LogType,UnityEngine.LogOption,string,UnityEngine.Object)
UnityEngine.DebugLogHandler:LogFormat (UnityEngine.LogType,UnityEngine.Object,string,object[])
UnityEngine.Logger:Log (UnityEngine.LogType,object)
UnityEngine.Debug:Log (object)
BoardBehavior:MoveTile (TileBehavior,UnityEngine.Vector2Int) (at Assets/Scripts/BoardBehavior.cs:135)
BoardBehavior:MoveTiles (UnityEngine.Vector2Int,int,int,int,int) (at Assets/Scripts/BoardBehavior.cs:100)
BoardBehavior:Update () (at Assets/Scripts/BoardBehavior.cs:57)

(Filename: Assets/Scripts/BoardBehavior.cs Line: 135)

La cellule adjacente est nulle.
UnityEngine.Debug:ExtractStackTraceNoAlloc (byte*,int,string)
UnityEngine.StackTraceUtility:ExtractStackTrace ()
UnityEngine.DebugLogHandler:Internal_Log (UnityEngine.LogType,UnityEngine.LogOption,string,UnityEngine.Object)
UnityEngine.DebugLogHandler:LogFormat (UnityEngine.LogType,UnityEngine.Object,string,object[])
UnityEngine.Logger:Log (UnityEngine.LogType,object)
UnityEngine.Debug:Log (object)
BoardBehavior:MoveTile (TileBehavior,UnityEngine.Vector2Int) (at Assets/Scripts/BoardBehavior.cs:137)
BoardBehavior:MoveTiles (UnityEngine.Vector2Int,int,int,int,int) (at Assets/Scripts/BoardBehavior.cs:100)
BoardBehavior:Update () (at Assets/Scripts/BoardBehavior.cs:57)

(Filename: Assets/Scripts/BoardBehavior.cs Line: 137)

La cellule adjacente est là.
UnityEngine.Debug:ExtractStackTraceNoAlloc (byte*,int,string)
UnityEngine.StackTraceUtility:ExtractStackTrace ()
UnityEngine.DebugLogHandler:Internal_Log (UnityEngine.LogType,UnityEngine.LogOption,string,UnityEngine.Object)
UnityEngine.DebugLogHandler:LogFormat (UnityEngine.LogType,UnityEngine.Object,string,object[])
UnityEngine.Logger:Log (UnityEngine.LogType,object)
UnityEngine.Debug:Log (object)
BoardBehavior:MoveTile (TileBehavior,UnityEngine.Vector2Int) (at Assets/Scripts/BoardBehavior.cs:135)
BoardBehavior:MoveTiles (UnityEngine.Vector2Int,int,int,int,int) (at Assets/Scripts/BoardBehavior.cs:100)
BoardBehavior:Update () (at Assets/Scripts/BoardBehavior.cs:57)

(Filename: Assets/Scripts/BoardBehavior.cs Line: 135)

La cellule adjacente est là.
UnityEngine.Debug:ExtractStackTraceNoAlloc (byte*,int,string)
UnityEngine.StackTraceUtility:ExtractStackTrace ()
UnityEngine.DebugLogHandler:Internal_Log (UnityEngine.LogType,UnityEngine.LogOption,string,UnityEngine.Object)
UnityEngine.DebugLogHandler:LogFormat (UnityEngine.LogType,UnityEngine.Object,string,object[])
UnityEngine.Logger:Log (UnityEngine.LogType,object)
UnityEngine.Debug:Log (object)
BoardBehavior:MoveTile (TileBehavior,UnityEngine.Vector2Int) (at Assets/Scripts/BoardBehavior.cs:135)
BoardBehavior:MoveTiles (UnityEngine.Vector2Int,int,int,int,int) (at Assets/Scripts/BoardBehavior.cs:100)
BoardBehavior:Update () (at Assets/Scripts/BoardBehavior.cs:57)

(Filename: Assets/Scripts/BoardBehavior.cs Line: 135)

La cellule adjacente est nulle.
UnityEngine.Debug:ExtractStackTraceNoAlloc (byte*,int,string)
UnityEngine.StackTraceUtility:ExtractStackTrace ()
UnityEngine.DebugLogHandler:Internal_Log (UnityEngine.LogType,UnityEngine.LogOption,string,UnityEngine.Object)
UnityEngine.DebugLogHandler:LogFormat (UnityEngine.LogType,UnityEngine.Object,string,object[])
UnityEngine.Logger:Log (UnityEngine.LogType,object)
UnityEngine.Debug:Log (object)
BoardBehavior:MoveTile (TileBehavior,UnityEngine.Vector2Int) (at Assets/Scripts/BoardBehavior.cs:137)
BoardBehavior:MoveTiles (UnityEngine.Vector2Int,int,int,int,int) (at Assets/Scripts/BoardBehavior.cs:100)
BoardBehavior:Update () (at Assets/Scripts/BoardBehavior.cs:57)

(Filename: Assets/Scripts/BoardBehavior.cs Line: 137)

Down key pressed
UnityEngine.Debug:ExtractStackTraceNoAlloc (byte*,int,string)
UnityEngine.StackTraceUtility:ExtractStackTrace ()
UnityEngine.DebugLogHandler:Internal_Log (UnityEngine.LogType,UnityEngine.LogOption,string,UnityEngine.Object)
UnityEngine.DebugLogHandler:LogFormat (UnityEngine.LogType,UnityEngine.Object,string,object[])
UnityEngine.Logger:Log (UnityEngine.LogType,object)
UnityEngine.Debug:Log (object)
BoardBehavior:Update () (at Assets/Scripts/BoardBehavior.cs:58)

(Filename: Assets/Scripts/BoardBehavior.cs Line: 58)

La cellule adjacente est là.
UnityEngine.Debug:ExtractStackTraceNoAlloc (byte*,int,string)
UnityEngine.StackTraceUtility:ExtractStackTrace ()
UnityEngine.DebugLogHandler:Internal_Log (UnityEngine.LogType,UnityEngine.LogOption,string,UnityEngine.Object)
UnityEngine.DebugLogHandler:LogFormat (UnityEngine.LogType,UnityEngine.Object,string,object[])
UnityEngine.Logger:Log (UnityEngine.LogType,object)
UnityEngine.Debug:Log (object)
BoardBehavior:MoveTile (TileBehavior,UnityEngine.Vector2Int) (at Assets/Scripts/BoardBehavior.cs:135)
BoardBehavior:MoveTiles (UnityEngine.Vector2Int,int,int,int,int) (at Assets/Scripts/BoardBehavior.cs:100)
BoardBehavior:Update () (at Assets/Scripts/BoardBehavior.cs:64)

(Filename: Assets/Scripts/BoardBehavior.cs Line: 135)

La cellule adjacente est nulle.
UnityEngine.Debug:ExtractStackTraceNoAlloc (byte*,int,string)
UnityEngine.StackTraceUtility:ExtractStackTrace ()
UnityEngine.DebugLogHandler:Internal_Log (UnityEngine.LogType,UnityEngine.LogOption,string,UnityEngine.Object)
UnityEngine.DebugLogHandler:LogFormat (UnityEngine.LogType,UnityEngine.Object,string,object[])
UnityEngine.Logger:Log (UnityEngine.LogType,object)
UnityEngine.Debug:Log (object)
BoardBehavior:MoveTile (TileBehavior,UnityEngine.Vector2Int) (at Assets/Scripts/BoardBehavior.cs:137)
BoardBehavior:MoveTiles (UnityEngine.Vector2Int,int,int,int,int) (at Assets/Scripts/BoardBehavior.cs:100)
BoardBehavior:Update () (at Assets/Scripts/BoardBehavior.cs:64)

(Filename: Assets/Scripts/BoardBehavior.cs Line: 137)

La cellule adjacente est là.
UnityEngine.Debug:ExtractStackTraceNoAlloc (byte*,int,string)
UnityEngine.StackTraceUtility:ExtractStackTrace ()
UnityEngine.DebugLogHandler:Internal_Log (UnityEngine.LogType,UnityEngine.LogOption,string,UnityEngine.Object)
UnityEngine.DebugLogHandler:LogFormat (UnityEngine.LogType,UnityEngine.Object,string,object[])
UnityEngine.Logger:Log (UnityEngine.LogType,object)
UnityEngine.Debug:Log (object)
BoardBehavior:MoveTile (TileBehavior,UnityEngine.Vector2Int) (at Assets/Scripts/BoardBehavior.cs:135)
BoardBehavior:MoveTiles (UnityEngine.Vector2Int,int,int,int,int) (at Assets/Scripts/BoardBehavior.cs:100)
BoardBehavior:Update () (at Assets/Scripts/BoardBehavior.cs:64)

(Filename: Assets/Scripts/BoardBehavior.cs Line: 135)

La cellule adjacente est là.
UnityEngine.Debug:ExtractStackTraceNoAlloc (byte*,int,string)
UnityEngine.StackTraceUtility:ExtractStackTrace ()
UnityEngine.DebugLogHandler:Internal_Log (UnityEngine.LogType,UnityEngine.LogOption,string,UnityEngine.Object)
UnityEngine.DebugLogHandler:LogFormat (UnityEngine.LogType,UnityEngine.Object,string,object[])
UnityEngine.Logger:Log (UnityEngine.LogType,object)
UnityEngine.Debug:Log (object)
BoardBehavior:MoveTile (TileBehavior,UnityEngine.Vector2Int) (at Assets/Scripts/BoardBehavior.cs:135)
BoardBehavior:MoveTiles (UnityEngine.Vector2Int,int,int,int,int) (at Assets/Scripts/BoardBehavior.cs:100)
BoardBehavior:Update () (at Assets/Scripts/BoardBehavior.cs:64)

(Filename: Assets/Scripts/BoardBehavior.cs Line: 135)

Right key pressed
UnityEngine.Debug:ExtractStackTraceNoAlloc (byte*,int,string)
UnityEngine.StackTraceUtility:ExtractStackTrace ()
UnityEngine.DebugLogHandler:Internal_Log (UnityEngine.LogType,UnityEngine.LogOption,string,UnityEngine.Object)
UnityEngine.DebugLogHandler:LogFormat (UnityEngine.LogType,UnityEngine.Object,string,object[])
UnityEngine.Logger:Log (UnityEngine.LogType,object)
UnityEngine.Debug:Log (object)
BoardBehavior:Update () (at Assets/Scripts/BoardBehavior.cs:65)

(Filename: Assets/Scripts/BoardBehavior.cs Line: 65)

La cellule adjacente est là.
UnityEngine.Debug:ExtractStackTraceNoAlloc (byte*,int,string)
UnityEngine.StackTraceUtility:ExtractStackTrace ()
UnityEngine.DebugLogHandler:Internal_Log (UnityEngine.LogType,UnityEngine.LogOption,string,UnityEngine.Object)
UnityEngine.DebugLogHandler:LogFormat (UnityEngine.LogType,UnityEngine.Object,string,object[])
UnityEngine.Logger:Log (UnityEngine.LogType,object)
UnityEngine.Debug:Log (object)
BoardBehavior:MoveTile (TileBehavior,UnityEngine.Vector2Int) (at Assets/Scripts/BoardBehavior.cs:135)
BoardBehavior:MoveTiles (UnityEngine.Vector2Int,int,int,int,int) (at Assets/Scripts/BoardBehavior.cs:100)
BoardBehavior:Update () (at Assets/Scripts/BoardBehavior.cs:43)

(Filename: Assets/Scripts/BoardBehavior.cs Line: 135)

La cellule adjacente est là.
UnityEngine.Debug:ExtractStackTraceNoAlloc (byte*,int,string)
UnityEngine.StackTraceUtility:ExtractStackTrace ()
UnityEngine.DebugLogHandler:Internal_Log (UnityEngine.LogType,UnityEngine.LogOption,string,UnityEngine.Object)
UnityEngine.DebugLogHandler:LogFormat (UnityEngine.LogType,UnityEngine.Object,string,object[])
UnityEngine.Logger:Log (UnityEngine.LogType,object)
UnityEngine.Debug:Log (object)
BoardBehavior:MoveTile (TileBehavior,UnityEngine.Vector2Int) (at Assets/Scripts/BoardBehavior.cs:135)
BoardBehavior:MoveTiles (UnityEngine.Vector2Int,int,int,int,int) (at Assets/Scripts/BoardBehavior.cs:100)
BoardBehavior:Update () (at Assets/Scripts/BoardBehavior.cs:43)

(Filename: Assets/Scripts/BoardBehavior.cs Line: 135)

La cellule adjacente est nulle.
UnityEngine.Debug:ExtractStackTraceNoAlloc (byte*,int,string)
UnityEngine.StackTraceUtility:ExtractStackTrace ()
UnityEngine.DebugLogHandler:Internal_Log (UnityEngine.LogType,UnityEngine.LogOption,string,UnityEngine.Object)
UnityEngine.DebugLogHandler:LogFormat (UnityEngine.LogType,UnityEngine.Object,string,object[])
UnityEngine.Logger:Log (UnityEngine.LogType,object)
UnityEngine.Debug:Log (object)
BoardBehavior:MoveTile (TileBehavior,UnityEngine.Vector2Int) (at Assets/Scripts/BoardBehavior.cs:137)
BoardBehavior:MoveTiles (UnityEngine.Vector2Int,int,int,int,int) (at Assets/Scripts/BoardBehavior.cs:100)
BoardBehavior:Update () (at Assets/Scripts/BoardBehavior.cs:43)

(Filename: Assets/Scripts/BoardBehavior.cs Line: 137)

La cellule adjacente est là.
UnityEngine.Debug:ExtractStackTraceNoAlloc (byte*,int,string)
UnityEngine.StackTraceUtility:ExtractStackTrace ()
UnityEngine.DebugLogHandler:Internal_Log (UnityEngine.LogType,UnityEngine.LogOption,string,UnityEngine.Object)
UnityEngine.DebugLogHandler:LogFormat (UnityEngine.LogType,UnityEngine.Object,string,object[])
UnityEngine.Logger:Log (UnityEngine.LogType,object)
UnityEngine.Debug:Log (object)
BoardBehavior:MoveTile (TileBehavior,UnityEngine.Vector2Int) (at Assets/Scripts/BoardBehavior.cs:135)
BoardBehavior:MoveTiles (UnityEngine.Vector2Int,int,int,int,int) (at Assets/Scripts/BoardBehavior.cs:100)
BoardBehavior:Update () (at Assets/Scripts/BoardBehavior.cs:43)

(Filename: Assets/Scripts/BoardBehavior.cs Line: 135)

La cellule adjacente est là.
UnityEngine.Debug:ExtractStackTraceNoAlloc (byte*,int,string)
UnityEngine.StackTraceUtility:ExtractStackTrace ()
UnityEngine.DebugLogHandler:Internal_Log (UnityEngine.LogType,UnityEngine.LogOption,string,UnityEngine.Object)
UnityEngine.DebugLogHandler:LogFormat (UnityEngine.LogType,UnityEngine.Object,string,object[])
UnityEngine.Logger:Log (UnityEngine.LogType,object)
UnityEngine.Debug:Log (object)
BoardBehavior:MoveTile (TileBehavior,UnityEngine.Vector2Int) (at Assets/Scripts/BoardBehavior.cs:135)
BoardBehavior:MoveTiles (UnityEngine.Vector2Int,int,int,int,int) (at Assets/Scripts/BoardBehavior.cs:100)
BoardBehavior:Update () (at Assets/Scripts/BoardBehavior.cs:43)

(Filename: Assets/Scripts/BoardBehavior.cs Line: 135)

La cellule adjacente est nulle.
UnityEngine.Debug:ExtractStackTraceNoAlloc (byte*,int,string)
UnityEngine.StackTraceUtility:ExtractStackTrace ()
UnityEngine.DebugLogHandler:Internal_Log (UnityEngine.LogType,UnityEngine.LogOption,string,UnityEngine.Object)
UnityEngine.DebugLogHandler:LogFormat (UnityEngine.LogType,UnityEngine.Object,string,object[])
UnityEngine.Logger:Log (UnityEngine.LogType,object)
UnityEngine.Debug:Log (object)
BoardBehavior:MoveTile (TileBehavior,UnityEngine.Vector2Int) (at Assets/Scripts/BoardBehavior.cs:137)
BoardBehavior:MoveTiles (UnityEngine.Vector2Int,int,int,int,int) (at Assets/Scripts/BoardBehavior.cs:100)
BoardBehavior:Update () (at Assets/Scripts/BoardBehavior.cs:43)

(Filename: Assets/Scripts/BoardBehavior.cs Line: 137)

Up key pressed
UnityEngine.Debug:ExtractStackTraceNoAlloc (byte*,int,string)
UnityEngine.StackTraceUtility:ExtractStackTrace ()
UnityEngine.DebugLogHandler:Internal_Log (UnityEngine.LogType,UnityEngine.LogOption,string,UnityEngine.Object)
UnityEngine.DebugLogHandler:LogFormat (UnityEngine.LogType,UnityEngine.Object,string,object[])
UnityEngine.Logger:Log (UnityEngine.LogType,object)
UnityEngine.Debug:Log (object)
BoardBehavior:Update () (at Assets/Scripts/BoardBehavior.cs:44)

(Filename: Assets/Scripts/BoardBehavior.cs Line: 44)

La cellule adjacente est là.
UnityEngine.Debug:ExtractStackTraceNoAlloc (byte*,int,string)
UnityEngine.StackTraceUtility:ExtractStackTrace ()
UnityEngine.DebugLogHandler:Internal_Log (UnityEngine.LogType,UnityEngine.LogOption,string,UnityEngine.Object)
UnityEngine.DebugLogHandler:LogFormat (UnityEngine.LogType,UnityEngine.Object,string,object[])
UnityEngine.Logger:Log (UnityEngine.LogType,object)
UnityEngine.Debug:Log (object)
BoardBehavior:MoveTile (TileBehavior,UnityEngine.Vector2Int) (at Assets/Scripts/BoardBehavior.cs:135)
BoardBehavior:MoveTiles (UnityEngine.Vector2Int,int,int,int,int) (at Assets/Scripts/BoardBehavior.cs:100)
BoardBehavior:Update () (at Assets/Scripts/BoardBehavior.cs:50)

(Filename: Assets/Scripts/BoardBehavior.cs Line: 135)

La cellule adjacente est nulle.
UnityEngine.Debug:ExtractStackTraceNoAlloc (byte*,int,string)
UnityEngine.StackTraceUtility:ExtractStackTrace ()
UnityEngine.DebugLogHandler:Internal_Log (UnityEngine.LogType,UnityEngine.LogOption,string,UnityEngine.Object)
UnityEngine.DebugLogHandler:LogFormat (UnityEngine.LogType,UnityEngine.Object,string,object[])
UnityEngine.Logger:Log (UnityEngine.LogType,object)
UnityEngine.Debug:Log (object)
BoardBehavior:MoveTile (TileBehavior,UnityEngine.Vector2Int) (at Assets/Scripts/BoardBehavior.cs:137)
BoardBehavior:MoveTiles (UnityEngine.Vector2Int,int,int,int,int) (at Assets/Scripts/BoardBehavior.cs:100)
BoardBehavior:Update () (at Assets/Scripts/BoardBehavior.cs:50)

(Filename: Assets/Scripts/BoardBehavior.cs Line: 137)

La cellule adjacente est là.
UnityEngine.Debug:ExtractStackTraceNoAlloc (byte*,int,string)
UnityEngine.StackTraceUtility:ExtractStackTrace ()
UnityEngine.DebugLogHandler:Internal_Log (UnityEngine.LogType,UnityEngine.LogOption,string,UnityEngine.Object)
UnityEngine.DebugLogHandler:LogFormat (UnityEngine.LogType,UnityEngine.Object,string,object[])
UnityEngine.Logger:Log (UnityEngine.LogType,object)
UnityEngine.Debug:Log (object)
BoardBehavior:MoveTile (TileBehavior,UnityEngine.Vector2Int) (at Assets/Scripts/BoardBehavior.cs:135)
BoardBehavior:MoveTiles (UnityEngine.Vector2Int,int,int,int,int) (at Assets/Scripts/BoardBehavior.cs:100)
BoardBehavior:Update () (at Assets/Scripts/BoardBehavior.cs:50)

(Filename: Assets/Scripts/BoardBehavior.cs Line: 135)

La cellule adjacente est là.
UnityEngine.Debug:ExtractStackTraceNoAlloc (byte*,int,string)
UnityEngine.StackTraceUtility:ExtractStackTrace ()
UnityEngine.DebugLogHandler:Internal_Log (UnityEngine.LogType,UnityEngine.LogOption,string,UnityEngine.Object)
UnityEngine.DebugLogHandler:LogFormat (UnityEngine.LogType,UnityEngine.Object,string,object[])
UnityEngine.Logger:Log (UnityEngine.LogType,object)
UnityEngine.Debug:Log (object)
BoardBehavior:MoveTile (TileBehavior,UnityEngine.Vector2Int) (at Assets/Scripts/BoardBehavior.cs:135)
BoardBehavior:MoveTiles (UnityEngine.Vector2Int,int,int,int,int) (at Assets/Scripts/BoardBehavior.cs:100)
BoardBehavior:Update () (at Assets/Scripts/BoardBehavior.cs:50)

(Filename: Assets/Scripts/BoardBehavior.cs Line: 135)

Left key pressed
UnityEngine.Debug:ExtractStackTraceNoAlloc (byte*,int,string)
UnityEngine.StackTraceUtility:ExtractStackTrace ()
UnityEngine.DebugLogHandler:Internal_Log (UnityEngine.LogType,UnityEngine.LogOption,string,UnityEngine.Object)
UnityEngine.DebugLogHandler:LogFormat (UnityEngine.LogType,UnityEngine.Object,string,object[])
UnityEngine.Logger:Log (UnityEngine.LogType,object)
UnityEngine.Debug:Log (object)
BoardBehavior:Update () (at Assets/Scripts/BoardBehavior.cs:51)

(Filename: Assets/Scripts/BoardBehavior.cs Line: 51)

La cellule adjacente est là.
UnityEngine.Debug:ExtractStackTraceNoAlloc (byte*,int,string)
UnityEngine.StackTraceUtility:ExtractStackTrace ()
UnityEngine.DebugLogHandler:Internal_Log (UnityEngine.LogType,UnityEngine.LogOption,string,UnityEngine.Object)
UnityEngine.DebugLogHandler:LogFormat (UnityEngine.LogType,UnityEngine.Object,string,object[])
UnityEngine.Logger:Log (UnityEngine.LogType,object)
UnityEngine.Debug:Log (object)
BoardBehavior:MoveTile (TileBehavior,UnityEngine.Vector2Int) (at Assets/Scripts/BoardBehavior.cs:135)
BoardBehavior:MoveTiles (UnityEngine.Vector2Int,int,int,int,int) (at Assets/Scripts/BoardBehavior.cs:100)
BoardBehavior:Update () (at Assets/Scripts/BoardBehavior.cs:57)

(Filename: Assets/Scripts/BoardBehavior.cs Line: 135)

La cellule adjacente est là.
UnityEngine.Debug:ExtractStackTraceNoAlloc (byte*,int,string)
UnityEngine.StackTraceUtility:ExtractStackTrace ()
UnityEngine.DebugLogHandler:Internal_Log (UnityEngine.LogType,UnityEngine.LogOption,string,UnityEngine.Object)
UnityEngine.DebugLogHandler:LogFormat (UnityEngine.LogType,UnityEngine.Object,string,object[])
UnityEngine.Logger:Log (UnityEngine.LogType,object)
UnityEngine.Debug:Log (object)
BoardBehavior:MoveTile (TileBehavior,UnityEngine.Vector2Int) (at Assets/Scripts/BoardBehavior.cs:135)
BoardBehavior:MoveTiles (UnityEngine.Vector2Int,int,int,int,int) (at Assets/Scripts/BoardBehavior.cs:100)
BoardBehavior:Update () (at Assets/Scripts/BoardBehavior.cs:57)

(Filename: Assets/Scripts/BoardBehavior.cs Line: 135)

La cellule adjacente est nulle.
UnityEngine.Debug:ExtractStackTraceNoAlloc (byte*,int,string)
UnityEngine.StackTraceUtility:ExtractStackTrace ()
UnityEngine.DebugLogHandler:Internal_Log (UnityEngine.LogType,UnityEngine.LogOption,string,UnityEngine.Object)
UnityEngine.DebugLogHandler:LogFormat (UnityEngine.LogType,UnityEngine.Object,string,object[])
UnityEngine.Logger:Log (UnityEngine.LogType,object)
UnityEngine.Debug:Log (object)
BoardBehavior:MoveTile (TileBehavior,UnityEngine.Vector2Int) (at Assets/Scripts/BoardBehavior.cs:137)
BoardBehavior:MoveTiles (UnityEngine.Vector2Int,int,int,int,int) (at Assets/Scripts/BoardBehavior.cs:100)
BoardBehavior:Update () (at Assets/Scripts/BoardBehavior.cs:57)

(Filename: Assets/Scripts/BoardBehavior.cs Line: 137)

La cellule adjacente est là.
UnityEngine.Debug:ExtractStackTraceNoAlloc (byte*,int,string)
UnityEngine.StackTraceUtility:ExtractStackTrace ()
UnityEngine.DebugLogHandler:Internal_Log (UnityEngine.LogType,UnityEngine.LogOption,string,UnityEngine.Object)
UnityEngine.DebugLogHandler:LogFormat (UnityEngine.LogType,UnityEngine.Object,string,object[])
UnityEngine.Logger:Log (UnityEngine.LogType,object)
UnityEngine.Debug:Log (object)
BoardBehavior:MoveTile (TileBehavior,UnityEngine.Vector2Int) (at Assets/Scripts/BoardBehavior.cs:135)
BoardBehavior:MoveTiles (UnityEngine.Vector2Int,int,int,int,int) (at Assets/Scripts/BoardBehavior.cs:100)
BoardBehavior:Update () (at Assets/Scripts/BoardBehavior.cs:57)

(Filename: Assets/Scripts/BoardBehavior.cs Line: 135)

La cellule adjacente est là.
UnityEngine.Debug:ExtractStackTraceNoAlloc (byte*,int,string)
UnityEngine.StackTraceUtility:ExtractStackTrace ()
UnityEngine.DebugLogHandler:Internal_Log (UnityEngine.LogType,UnityEngine.LogOption,string,UnityEngine.Object)
UnityEngine.DebugLogHandler:LogFormat (UnityEngine.LogType,UnityEngine.Object,string,object[])
UnityEngine.Logger:Log (UnityEngine.LogType,object)
UnityEngine.Debug:Log (object)
BoardBehavior:MoveTile (TileBehavior,UnityEngine.Vector2Int) (at Assets/Scripts/BoardBehavior.cs:135)
BoardBehavior:MoveTiles (UnityEngine.Vector2Int,int,int,int,int) (at Assets/Scripts/BoardBehavior.cs:100)
BoardBehavior:Update () (at Assets/Scripts/BoardBehavior.cs:57)

(Filename: Assets/Scripts/BoardBehavior.cs Line: 135)

La cellule adjacente est nulle.
UnityEngine.Debug:ExtractStackTraceNoAlloc (byte*,int,string)
UnityEngine.StackTraceUtility:ExtractStackTrace ()
UnityEngine.DebugLogHandler:Internal_Log (UnityEngine.LogType,UnityEngine.LogOption,string,UnityEngine.Object)
UnityEngine.DebugLogHandler:LogFormat (UnityEngine.LogType,UnityEngine.Object,string,object[])
UnityEngine.Logger:Log (UnityEngine.LogType,object)
UnityEngine.Debug:Log (object)
BoardBehavior:MoveTile (TileBehavior,UnityEngine.Vector2Int) (at Assets/Scripts/BoardBehavior.cs:137)
BoardBehavior:MoveTiles (UnityEngine.Vector2Int,int,int,int,int) (at Assets/Scripts/BoardBehavior.cs:100)
BoardBehavior:Update () (at Assets/Scripts/BoardBehavior.cs:57)

(Filename: Assets/Scripts/BoardBehavior.cs Line: 137)

Down key pressed
UnityEngine.Debug:ExtractStackTraceNoAlloc (byte*,int,string)
UnityEngine.StackTraceUtility:ExtractStackTrace ()
UnityEngine.DebugLogHandler:Internal_Log (UnityEngine.LogType,UnityEngine.LogOption,string,UnityEngine.Object)
UnityEngine.DebugLogHandler:LogFormat (UnityEngine.LogType,UnityEngine.Object,string,object[])
UnityEngine.Logger:Log (UnityEngine.LogType,object)
UnityEngine.Debug:Log (object)
BoardBehavior:Update () (at Assets/Scripts/BoardBehavior.cs:58)

(Filename: Assets/Scripts/BoardBehavior.cs Line: 58)

La cellule adjacente est là.
UnityEngine.Debug:ExtractStackTraceNoAlloc (byte*,int,string)
UnityEngine.StackTraceUtility:ExtractStackTrace ()
UnityEngine.DebugLogHandler:Internal_Log (UnityEngine.LogType,UnityEngine.LogOption,string,UnityEngine.Object)
UnityEngine.DebugLogHandler:LogFormat (UnityEngine.LogType,UnityEngine.Object,string,object[])
UnityEngine.Logger:Log (UnityEngine.LogType,object)
UnityEngine.Debug:Log (object)
BoardBehavior:MoveTile (TileBehavior,UnityEngine.Vector2Int) (at Assets/Scripts/BoardBehavior.cs:135)
BoardBehavior:MoveTiles (UnityEngine.Vector2Int,int,int,int,int) (at Assets/Scripts/BoardBehavior.cs:100)
BoardBehavior:Update () (at Assets/Scripts/BoardBehavior.cs:64)

(Filename: Assets/Scripts/BoardBehavior.cs Line: 135)

La cellule adjacente est nulle.
UnityEngine.Debug:ExtractStackTraceNoAlloc (byte*,int,string)
UnityEngine.StackTraceUtility:ExtractStackTrace ()
UnityEngine.DebugLogHandler:Internal_Log (UnityEngine.LogType,UnityEngine.LogOption,string,UnityEngine.Object)
UnityEngine.DebugLogHandler:LogFormat (UnityEngine.LogType,UnityEngine.Object,string,object[])
UnityEngine.Logger:Log (UnityEngine.LogType,object)
UnityEngine.Debug:Log (object)
BoardBehavior:MoveTile (TileBehavior,UnityEngine.Vector2Int) (at Assets/Scripts/BoardBehavior.cs:137)
BoardBehavior:MoveTiles (UnityEngine.Vector2Int,int,int,int,int) (at Assets/Scripts/BoardBehavior.cs:100)
BoardBehavior:Update () (at Assets/Scripts/BoardBehavior.cs:64)

(Filename: Assets/Scripts/BoardBehavior.cs Line: 137)

La cellule adjacente est là.
UnityEngine.Debug:ExtractStackTraceNoAlloc (byte*,int,string)
UnityEngine.StackTraceUtility:ExtractStackTrace ()
UnityEngine.DebugLogHandler:Internal_Log (UnityEngine.LogType,UnityEngine.LogOption,string,UnityEngine.Object)
UnityEngine.DebugLogHandler:LogFormat (UnityEngine.LogType,UnityEngine.Object,string,object[])
UnityEngine.Logger:Log (UnityEngine.LogType,object)
UnityEngine.Debug:Log (object)
BoardBehavior:MoveTile (TileBehavior,UnityEngine.Vector2Int) (at Assets/Scripts/BoardBehavior.cs:135)
BoardBehavior:MoveTiles (UnityEngine.Vector2Int,int,int,int,int) (at Assets/Scripts/BoardBehavior.cs:100)
BoardBehavior:Update () (at Assets/Scripts/BoardBehavior.cs:64)

(Filename: Assets/Scripts/BoardBehavior.cs Line: 135)

La cellule adjacente est là.
UnityEngine.Debug:ExtractStackTraceNoAlloc (byte*,int,string)
UnityEngine.StackTraceUtility:ExtractStackTrace ()
UnityEngine.DebugLogHandler:Internal_Log (UnityEngine.LogType,UnityEngine.LogOption,string,UnityEngine.Object)
UnityEngine.DebugLogHandler:LogFormat (UnityEngine.LogType,UnityEngine.Object,string,object[])
UnityEngine.Logger:Log (UnityEngine.LogType,object)
UnityEngine.Debug:Log (object)
BoardBehavior:MoveTile (TileBehavior,UnityEngine.Vector2Int) (at Assets/Scripts/BoardBehavior.cs:135)
BoardBehavior:MoveTiles (UnityEngine.Vector2Int,int,int,int,int) (at Assets/Scripts/BoardBehavior.cs:100)
BoardBehavior:Update () (at Assets/Scripts/BoardBehavior.cs:64)

(Filename: Assets/Scripts/BoardBehavior.cs Line: 135)

Right key pressed
UnityEngine.Debug:ExtractStackTraceNoAlloc (byte*,int,string)
UnityEngine.StackTraceUtility:ExtractStackTrace ()
UnityEngine.DebugLogHandler:Internal_Log (UnityEngine.LogType,UnityEngine.LogOption,string,UnityEngine.Object)
UnityEngine.DebugLogHandler:LogFormat (UnityEngine.LogType,UnityEngine.Object,string,object[])
UnityEngine.Logger:Log (UnityEngine.LogType,object)
UnityEngine.Debug:Log (object)
BoardBehavior:Update () (at Assets/Scripts/BoardBehavior.cs:65)

(Filename: Assets/Scripts/BoardBehavior.cs Line: 65)

La cellule adjacente est là.
UnityEngine.Debug:ExtractStackTraceNoAlloc (byte*,int,string)
UnityEngine.StackTraceUtility:ExtractStackTrace ()
UnityEngine.DebugLogHandler:Internal_Log (UnityEngine.LogType,UnityEngine.LogOption,string,UnityEngine.Object)
UnityEngine.DebugLogHandler:LogFormat (UnityEngine.LogType,UnityEngine.Object,string,object[])
UnityEngine.Logger:Log (UnityEngine.LogType,object)
UnityEngine.Debug:Log (object)
BoardBehavior:MoveTile (TileBehavior,UnityEngine.Vector2Int) (at Assets/Scripts/BoardBehavior.cs:135)
BoardBehavior:MoveTiles (UnityEngine.Vector2Int,int,int,int,int) (at Assets/Scripts/BoardBehavior.cs:100)
BoardBehavior:Update () (at Assets/Scripts/BoardBehavior.cs:50)

(Filename: Assets/Scripts/BoardBehavior.cs Line: 135)

La cellule adjacente est nulle.
UnityEngine.Debug:ExtractStackTraceNoAlloc (byte*,int,string)
UnityEngine.StackTraceUtility:ExtractStackTrace ()
UnityEngine.DebugLogHandler:Internal_Log (UnityEngine.LogType,UnityEngine.LogOption,string,UnityEngine.Object)
UnityEngine.DebugLogHandler:LogFormat (UnityEngine.LogType,UnityEngine.Object,string,object[])
UnityEngine.Logger:Log (UnityEngine.LogType,object)
UnityEngine.Debug:Log (object)
BoardBehavior:MoveTile (TileBehavior,UnityEngine.Vector2Int) (at Assets/Scripts/BoardBehavior.cs:137)
BoardBehavior:MoveTiles (UnityEngine.Vector2Int,int,int,int,int) (at Assets/Scripts/BoardBehavior.cs:100)
BoardBehavior:Update () (at Assets/Scripts/BoardBehavior.cs:50)

(Filename: Assets/Scripts/BoardBehavior.cs Line: 137)

La cellule adjacente est là.
UnityEngine.Debug:ExtractStackTraceNoAlloc (byte*,int,string)
UnityEngine.StackTraceUtility:ExtractStackTrace ()
UnityEngine.DebugLogHandler:Internal_Log (UnityEngine.LogType,UnityEngine.LogOption,string,UnityEngine.Object)
UnityEngine.DebugLogHandler:LogFormat (UnityEngine.LogType,UnityEngine.Object,string,object[])
UnityEngine.Logger:Log (UnityEngine.LogType,object)
UnityEngine.Debug:Log (object)
BoardBehavior:MoveTile (TileBehavior,UnityEngine.Vector2Int) (at Assets/Scripts/BoardBehavior.cs:135)
BoardBehavior:MoveTiles (UnityEngine.Vector2Int,int,int,int,int) (at Assets/Scripts/BoardBehavior.cs:100)
BoardBehavior:Update () (at Assets/Scripts/BoardBehavior.cs:50)

(Filename: Assets/Scripts/BoardBehavior.cs Line: 135)

La cellule adjacente est là.
UnityEngine.Debug:ExtractStackTraceNoAlloc (byte*,int,string)
UnityEngine.StackTraceUtility:ExtractStackTrace ()
UnityEngine.DebugLogHandler:Internal_Log (UnityEngine.LogType,UnityEngine.LogOption,string,UnityEngine.Object)
UnityEngine.DebugLogHandler:LogFormat (UnityEngine.LogType,UnityEngine.Object,string,object[])
UnityEngine.Logger:Log (UnityEngine.LogType,object)
UnityEngine.Debug:Log (object)
BoardBehavior:MoveTile (TileBehavior,UnityEngine.Vector2Int) (at Assets/Scripts/BoardBehavior.cs:135)
BoardBehavior:MoveTiles (UnityEngine.Vector2Int,int,int,int,int) (at Assets/Scripts/BoardBehavior.cs:100)
BoardBehavior:Update () (at Assets/Scripts/BoardBehavior.cs:50)

(Filename: Assets/Scripts/BoardBehavior.cs Line: 135)

Left key pressed
UnityEngine.Debug:ExtractStackTraceNoAlloc (byte*,int,string)
UnityEngine.StackTraceUtility:ExtractStackTrace ()
UnityEngine.DebugLogHandler:Internal_Log (UnityEngine.LogType,UnityEngine.LogOption,string,UnityEngine.Object)
UnityEngine.DebugLogHandler:LogFormat (UnityEngine.LogType,UnityEngine.Object,string,object[])
UnityEngine.Logger:Log (UnityEngine.LogType,object)
UnityEngine.Debug:Log (object)
BoardBehavior:Update () (at Assets/Scripts/BoardBehavior.cs:51)

(Filename: Assets/Scripts/BoardBehavior.cs Line: 51)

Down key pressed
UnityEngine.Debug:ExtractStackTraceNoAlloc (byte*,int,string)
UnityEngine.StackTraceUtility:ExtractStackTrace ()
UnityEngine.DebugLogHandler:Internal_Log (UnityEngine.LogType,UnityEngine.LogOption,string,UnityEngine.Object)
UnityEngine.DebugLogHandler:LogFormat (UnityEngine.LogType,UnityEngine.Object,string,object[])
UnityEngine.Logger:Log (UnityEngine.LogType,object)
UnityEngine.Debug:Log (object)
BoardBehavior:Update () (at Assets/Scripts/BoardBehavior.cs:58)

(Filename: Assets/Scripts/BoardBehavior.cs Line: 58)

La cellule adjacente est là.
UnityEngine.Debug:ExtractStackTraceNoAlloc (byte*,int,string)
UnityEngine.StackTraceUtility:ExtractStackTrace ()
UnityEngine.DebugLogHandler:Internal_Log (UnityEngine.LogType,UnityEngine.LogOption,string,UnityEngine.Object)
UnityEngine.DebugLogHandler:LogFormat (UnityEngine.LogType,UnityEngine.Object,string,object[])
UnityEngine.Logger:Log (UnityEngine.LogType,object)
UnityEngine.Debug:Log (object)
BoardBehavior:MoveTile (TileBehavior,UnityEngine.Vector2Int) (at Assets/Scripts/BoardBehavior.cs:135)
BoardBehavior:MoveTiles (UnityEngine.Vector2Int,int,int,int,int) (at Assets/Scripts/BoardBehavior.cs:100)
BoardBehavior:Update () (at Assets/Scripts/BoardBehavior.cs:64)

(Filename: Assets/Scripts/BoardBehavior.cs Line: 135)

La cellule adjacente est nulle.
UnityEngine.Debug:ExtractStackTraceNoAlloc (byte*,int,string)
UnityEngine.StackTraceUtility:ExtractStackTrace ()
UnityEngine.DebugLogHandler:Internal_Log (UnityEngine.LogType,UnityEngine.LogOption,string,UnityEngine.Object)
UnityEngine.DebugLogHandler:LogFormat (UnityEngine.LogType,UnityEngine.Object,string,object[])
UnityEngine.Logger:Log (UnityEngine.LogType,object)
UnityEngine.Debug:Log (object)
BoardBehavior:MoveTile (TileBehavior,UnityEngine.Vector2Int) (at Assets/Scripts/BoardBehavior.cs:137)
BoardBehavior:MoveTiles (UnityEngine.Vector2Int,int,int,int,int) (at Assets/Scripts/BoardBehavior.cs:100)
BoardBehavior:Update () (at Assets/Scripts/BoardBehavior.cs:64)

(Filename: Assets/Scripts/BoardBehavior.cs Line: 137)

La cellule adjacente est là.
UnityEngine.Debug:ExtractStackTraceNoAlloc (byte*,int,string)
UnityEngine.StackTraceUtility:ExtractStackTrace ()
UnityEngine.DebugLogHandler:Internal_Log (UnityEngine.LogType,UnityEngine.LogOption,string,UnityEngine.Object)
UnityEngine.DebugLogHandler:LogFormat (UnityEngine.LogType,UnityEngine.Object,string,object[])
UnityEngine.Logger:Log (UnityEngine.LogType,object)
UnityEngine.Debug:Log (object)
BoardBehavior:MoveTile (TileBehavior,UnityEngine.Vector2Int) (at Assets/Scripts/BoardBehavior.cs:135)
BoardBehavior:MoveTiles (UnityEngine.Vector2Int,int,int,int,int) (at Assets/Scripts/BoardBehavior.cs:100)
BoardBehavior:Update () (at Assets/Scripts/BoardBehavior.cs:64)

(Filename: Assets/Scripts/BoardBehavior.cs Line: 135)

La cellule adjacente est là.
UnityEngine.Debug:ExtractStackTraceNoAlloc (byte*,int,string)
UnityEngine.StackTraceUtility:ExtractStackTrace ()
UnityEngine.DebugLogHandler:Internal_Log (UnityEngine.LogType,UnityEngine.LogOption,string,UnityEngine.Object)
UnityEngine.DebugLogHandler:LogFormat (UnityEngine.LogType,UnityEngine.Object,string,object[])
UnityEngine.Logger:Log (UnityEngine.LogType,object)
UnityEngine.Debug:Log (object)
BoardBehavior:MoveTile (TileBehavior,UnityEngine.Vector2Int) (at Assets/Scripts/BoardBehavior.cs:135)
BoardBehavior:MoveTiles (UnityEngine.Vector2Int,int,int,int,int) (at Assets/Scripts/BoardBehavior.cs:100)
BoardBehavior:Update () (at Assets/Scripts/BoardBehavior.cs:64)

(Filename: Assets/Scripts/BoardBehavior.cs Line: 135)

Right key pressed
UnityEngine.Debug:ExtractStackTraceNoAlloc (byte*,int,string)
UnityEngine.StackTraceUtility:ExtractStackTrace ()
UnityEngine.DebugLogHandler:Internal_Log (UnityEngine.LogType,UnityEngine.LogOption,string,UnityEngine.Object)
UnityEngine.DebugLogHandler:LogFormat (UnityEngine.LogType,UnityEngine.Object,string,object[])
UnityEngine.Logger:Log (UnityEngine.LogType,object)
UnityEngine.Debug:Log (object)
BoardBehavior:Update () (at Assets/Scripts/BoardBehavior.cs:65)

(Filename: Assets/Scripts/BoardBehavior.cs Line: 65)

La cellule adjacente est là.
UnityEngine.Debug:ExtractStackTraceNoAlloc (byte*,int,string)
UnityEngine.StackTraceUtility:ExtractStackTrace ()
UnityEngine.DebugLogHandler:Internal_Log (UnityEngine.LogType,UnityEngine.LogOption,string,UnityEngine.Object)
UnityEngine.DebugLogHandler:LogFormat (UnityEngine.LogType,UnityEngine.Object,string,object[])
UnityEngine.Logger:Log (UnityEngine.LogType,object)
UnityEngine.Debug:Log (object)
BoardBehavior:MoveTile (TileBehavior,UnityEngine.Vector2Int) (at Assets/Scripts/BoardBehavior.cs:135)
BoardBehavior:MoveTiles (UnityEngine.Vector2Int,int,int,int,int) (at Assets/Scripts/BoardBehavior.cs:100)
BoardBehavior:Update () (at Assets/Scripts/BoardBehavior.cs:43)

(Filename: Assets/Scripts/BoardBehavior.cs Line: 135)

La cellule adjacente est là.
UnityEngine.Debug:ExtractStackTraceNoAlloc (byte*,int,string)
UnityEngine.StackTraceUtility:ExtractStackTrace ()
UnityEngine.DebugLogHandler:Internal_Log (UnityEngine.LogType,UnityEngine.LogOption,string,UnityEngine.Object)
UnityEngine.DebugLogHandler:LogFormat (UnityEngine.LogType,UnityEngine.Object,string,object[])
UnityEngine.Logger:Log (UnityEngine.LogType,object)
UnityEngine.Debug:Log (object)
BoardBehavior:MoveTile (TileBehavior,UnityEngine.Vector2Int) (at Assets/Scripts/BoardBehavior.cs:135)
BoardBehavior:MoveTiles (UnityEngine.Vector2Int,int,int,int,int) (at Assets/Scripts/BoardBehavior.cs:100)
BoardBehavior:Update () (at Assets/Scripts/BoardBehavior.cs:43)

(Filename: Assets/Scripts/BoardBehavior.cs Line: 135)

La cellule adjacente est nulle.
UnityEngine.Debug:ExtractStackTraceNoAlloc (byte*,int,string)
UnityEngine.StackTraceUtility:ExtractStackTrace ()
UnityEngine.DebugLogHandler:Internal_Log (UnityEngine.LogType,UnityEngine.LogOption,string,UnityEngine.Object)
UnityEngine.DebugLogHandler:LogFormat (UnityEngine.LogType,UnityEngine.Object,string,object[])
UnityEngine.Logger:Log (UnityEngine.LogType,object)
UnityEngine.Debug:Log (object)
BoardBehavior:MoveTile (TileBehavior,UnityEngine.Vector2Int) (at Assets/Scripts/BoardBehavior.cs:137)
BoardBehavior:MoveTiles (UnityEngine.Vector2Int,int,int,int,int) (at Assets/Scripts/BoardBehavior.cs:100)
BoardBehavior:Update () (at Assets/Scripts/BoardBehavior.cs:43)

(Filename: Assets/Scripts/BoardBehavior.cs Line: 137)

La cellule adjacente est là.
UnityEngine.Debug:ExtractStackTraceNoAlloc (byte*,int,string)
UnityEngine.StackTraceUtility:ExtractStackTrace ()
UnityEngine.DebugLogHandler:Internal_Log (UnityEngine.LogType,UnityEngine.LogOption,string,UnityEngine.Object)
UnityEngine.DebugLogHandler:LogFormat (UnityEngine.LogType,UnityEngine.Object,string,object[])
UnityEngine.Logger:Log (UnityEngine.LogType,object)
UnityEngine.Debug:Log (object)
BoardBehavior:MoveTile (TileBehavior,UnityEngine.Vector2Int) (at Assets/Scripts/BoardBehavior.cs:135)
BoardBehavior:MoveTiles (UnityEngine.Vector2Int,int,int,int,int) (at Assets/Scripts/BoardBehavior.cs:100)
BoardBehavior:Update () (at Assets/Scripts/BoardBehavior.cs:43)

(Filename: Assets/Scripts/BoardBehavior.cs Line: 135)

La cellule adjacente est là.
UnityEngine.Debug:ExtractStackTraceNoAlloc (byte*,int,string)
UnityEngine.StackTraceUtility:ExtractStackTrace ()
UnityEngine.DebugLogHandler:Internal_Log (UnityEngine.LogType,UnityEngine.LogOption,string,UnityEngine.Object)
UnityEngine.DebugLogHandler:LogFormat (UnityEngine.LogType,UnityEngine.Object,string,object[])
UnityEngine.Logger:Log (UnityEngine.LogType,object)
UnityEngine.Debug:Log (object)
BoardBehavior:MoveTile (TileBehavior,UnityEngine.Vector2Int) (at Assets/Scripts/BoardBehavior.cs:135)
BoardBehavior:MoveTiles (UnityEngine.Vector2Int,int,int,int,int) (at Assets/Scripts/BoardBehavior.cs:100)
BoardBehavior:Update () (at Assets/Scripts/BoardBehavior.cs:43)

(Filename: Assets/Scripts/BoardBehavior.cs Line: 135)

La cellule adjacente est nulle.
UnityEngine.Debug:ExtractStackTraceNoAlloc (byte*,int,string)
UnityEngine.StackTraceUtility:ExtractStackTrace ()
UnityEngine.DebugLogHandler:Internal_Log (UnityEngine.LogType,UnityEngine.LogOption,string,UnityEngine.Object)
UnityEngine.DebugLogHandler:LogFormat (UnityEngine.LogType,UnityEngine.Object,string,object[])
UnityEngine.Logger:Log (UnityEngine.LogType,object)
UnityEngine.Debug:Log (object)
BoardBehavior:MoveTile (TileBehavior,UnityEngine.Vector2Int) (at Assets/Scripts/BoardBehavior.cs:137)
BoardBehavior:MoveTiles (UnityEngine.Vector2Int,int,int,int,int) (at Assets/Scripts/BoardBehavior.cs:100)
BoardBehavior:Update () (at Assets/Scripts/BoardBehavior.cs:43)

(Filename: Assets/Scripts/BoardBehavior.cs Line: 137)

Up key pressed
UnityEngine.Debug:ExtractStackTraceNoAlloc (byte*,int,string)
UnityEngine.StackTraceUtility:ExtractStackTrace ()
UnityEngine.DebugLogHandler:Internal_Log (UnityEngine.LogType,UnityEngine.LogOption,string,UnityEngine.Object)
UnityEngine.DebugLogHandler:LogFormat (UnityEngine.LogType,UnityEngine.Object,string,object[])
UnityEngine.Logger:Log (UnityEngine.LogType,object)
UnityEngine.Debug:Log (object)
BoardBehavior:Update () (at Assets/Scripts/BoardBehavior.cs:44)

(Filename: Assets/Scripts/BoardBehavior.cs Line: 44)

La cellule adjacente est là.
UnityEngine.Debug:ExtractStackTraceNoAlloc (byte*,int,string)
UnityEngine.StackTraceUtility:ExtractStackTrace ()
UnityEngine.DebugLogHandler:Internal_Log (UnityEngine.LogType,UnityEngine.LogOption,string,UnityEngine.Object)
UnityEngine.DebugLogHandler:LogFormat (UnityEngine.LogType,UnityEngine.Object,string,object[])
UnityEngine.Logger:Log (UnityEngine.LogType,object)
UnityEngine.Debug:Log (object)
BoardBehavior:MoveTile (TileBehavior,UnityEngine.Vector2Int) (at Assets/Scripts/BoardBehavior.cs:135)
BoardBehavior:MoveTiles (UnityEngine.Vector2Int,int,int,int,int) (at Assets/Scripts/BoardBehavior.cs:100)
BoardBehavior:Update () (at Assets/Scripts/BoardBehavior.cs:50)

(Filename: Assets/Scripts/BoardBehavior.cs Line: 135)

La cellule adjacente est nulle.
UnityEngine.Debug:ExtractStackTraceNoAlloc (byte*,int,string)
UnityEngine.StackTraceUtility:ExtractStackTrace ()
UnityEngine.DebugLogHandler:Internal_Log (UnityEngine.LogType,UnityEngine.LogOption,string,UnityEngine.Object)
UnityEngine.DebugLogHandler:LogFormat (UnityEngine.LogType,UnityEngine.Object,string,object[])
UnityEngine.Logger:Log (UnityEngine.LogType,object)
UnityEngine.Debug:Log (object)
BoardBehavior:MoveTile (TileBehavior,UnityEngine.Vector2Int) (at Assets/Scripts/BoardBehavior.cs:137)
BoardBehavior:MoveTiles (UnityEngine.Vector2Int,int,int,int,int) (at Assets/Scripts/BoardBehavior.cs:100)
BoardBehavior:Update () (at Assets/Scripts/BoardBehavior.cs:50)

(Filename: Assets/Scripts/BoardBehavior.cs Line: 137)

La cellule adjacente est là.
UnityEngine.Debug:ExtractStackTraceNoAlloc (byte*,int,string)
UnityEngine.StackTraceUtility:ExtractStackTrace ()
UnityEngine.DebugLogHandler:Internal_Log (UnityEngine.LogType,UnityEngine.LogOption,string,UnityEngine.Object)
UnityEngine.DebugLogHandler:LogFormat (UnityEngine.LogType,UnityEngine.Object,string,object[])
UnityEngine.Logger:Log (UnityEngine.LogType,object)
UnityEngine.Debug:Log (object)
BoardBehavior:MoveTile (TileBehavior,UnityEngine.Vector2Int) (at Assets/Scripts/BoardBehavior.cs:135)
BoardBehavior:MoveTiles (UnityEngine.Vector2Int,int,int,int,int) (at Assets/Scripts/BoardBehavior.cs:100)
BoardBehavior:Update () (at Assets/Scripts/BoardBehavior.cs:50)

(Filename: Assets/Scripts/BoardBehavior.cs Line: 135)

La cellule adjacente est là.
UnityEngine.Debug:ExtractStackTraceNoAlloc (byte*,int,string)
UnityEngine.StackTraceUtility:ExtractStackTrace ()
UnityEngine.DebugLogHandler:Internal_Log (UnityEngine.LogType,UnityEngine.LogOption,string,UnityEngine.Object)
UnityEngine.DebugLogHandler:LogFormat (UnityEngine.LogType,UnityEngine.Object,string,object[])
UnityEngine.Logger:Log (UnityEngine.LogType,object)
UnityEngine.Debug:Log (object)
BoardBehavior:MoveTile (TileBehavior,UnityEngine.Vector2Int) (at Assets/Scripts/BoardBehavior.cs:135)
BoardBehavior:MoveTiles (UnityEngine.Vector2Int,int,int,int,int) (at Assets/Scripts/BoardBehavior.cs:100)
BoardBehavior:Update () (at Assets/Scripts/BoardBehavior.cs:50)

(Filename: Assets/Scripts/BoardBehavior.cs Line: 135)

Left key pressed
UnityEngine.Debug:ExtractStackTraceNoAlloc (byte*,int,string)
UnityEngine.StackTraceUtility:ExtractStackTrace ()
UnityEngine.DebugLogHandler:Internal_Log (UnityEngine.LogType,UnityEngine.LogOption,string,UnityEngine.Object)
UnityEngine.DebugLogHandler:LogFormat (UnityEngine.LogType,UnityEngine.Object,string,object[])
UnityEngine.Logger:Log (UnityEngine.LogType,object)
UnityEngine.Debug:Log (object)
BoardBehavior:Update () (at Assets/Scripts/BoardBehavior.cs:51)

(Filename: Assets/Scripts/BoardBehavior.cs Line: 51)

La cellule adjacente est là.
UnityEngine.Debug:ExtractStackTraceNoAlloc (byte*,int,string)
UnityEngine.StackTraceUtility:ExtractStackTrace ()
UnityEngine.DebugLogHandler:Internal_Log (UnityEngine.LogType,UnityEngine.LogOption,string,UnityEngine.Object)
UnityEngine.DebugLogHandler:LogFormat (UnityEngine.LogType,UnityEngine.Object,string,object[])
UnityEngine.Logger:Log (UnityEngine.LogType,object)
UnityEngine.Debug:Log (object)
BoardBehavior:MoveTile (TileBehavior,UnityEngine.Vector2Int) (at Assets/Scripts/BoardBehavior.cs:135)
BoardBehavior:MoveTiles (UnityEngine.Vector2Int,int,int,int,int) (at Assets/Scripts/BoardBehavior.cs:100)
BoardBehavior:Update () (at Assets/Scripts/BoardBehavior.cs:57)

(Filename: Assets/Scripts/BoardBehavior.cs Line: 135)

La cellule adjacente est là.
UnityEngine.Debug:ExtractStackTraceNoAlloc (byte*,int,string)
UnityEngine.StackTraceUtility:ExtractStackTrace ()
UnityEngine.DebugLogHandler:Internal_Log (UnityEngine.LogType,UnityEngine.LogOption,string,UnityEngine.Object)
UnityEngine.DebugLogHandler:LogFormat (UnityEngine.LogType,UnityEngine.Object,string,object[])
UnityEngine.Logger:Log (UnityEngine.LogType,object)
UnityEngine.Debug:Log (object)
BoardBehavior:MoveTile (TileBehavior,UnityEngine.Vector2Int) (at Assets/Scripts/BoardBehavior.cs:135)
BoardBehavior:MoveTiles (UnityEngine.Vector2Int,int,int,int,int) (at Assets/Scripts/BoardBehavior.cs:100)
BoardBehavior:Update () (at Assets/Scripts/BoardBehavior.cs:57)

(Filename: Assets/Scripts/BoardBehavior.cs Line: 135)

La cellule adjacente est nulle.
UnityEngine.Debug:ExtractStackTraceNoAlloc (byte*,int,string)
UnityEngine.StackTraceUtility:ExtractStackTrace ()
UnityEngine.DebugLogHandler:Internal_Log (UnityEngine.LogType,UnityEngine.LogOption,string,UnityEngine.Object)
UnityEngine.DebugLogHandler:LogFormat (UnityEngine.LogType,UnityEngine.Object,string,object[])
UnityEngine.Logger:Log (UnityEngine.LogType,object)
UnityEngine.Debug:Log (object)
BoardBehavior:MoveTile (TileBehavior,UnityEngine.Vector2Int) (at Assets/Scripts/BoardBehavior.cs:137)
BoardBehavior:MoveTiles (UnityEngine.Vector2Int,int,int,int,int) (at Assets/Scripts/BoardBehavior.cs:100)
BoardBehavior:Update () (at Assets/Scripts/BoardBehavior.cs:57)

(Filename: Assets/Scripts/BoardBehavior.cs Line: 137)

La cellule adjacente est là.
UnityEngine.Debug:ExtractStackTraceNoAlloc (byte*,int,string)
UnityEngine.StackTraceUtility:ExtractStackTrace ()
UnityEngine.DebugLogHandler:Internal_Log (UnityEngine.LogType,UnityEngine.LogOption,string,UnityEngine.Object)
UnityEngine.DebugLogHandler:LogFormat (UnityEngine.LogType,UnityEngine.Object,string,object[])
UnityEngine.Logger:Log (UnityEngine.LogType,object)
UnityEngine.Debug:Log (object)
BoardBehavior:MoveTile (TileBehavior,UnityEngine.Vector2Int) (at Assets/Scripts/BoardBehavior.cs:135)
BoardBehavior:MoveTiles (UnityEngine.Vector2Int,int,int,int,int) (at Assets/Scripts/BoardBehavior.cs:100)
BoardBehavior:Update () (at Assets/Scripts/BoardBehavior.cs:57)

(Filename: Assets/Scripts/BoardBehavior.cs Line: 135)

La cellule adjacente est là.
UnityEngine.Debug:ExtractStackTraceNoAlloc (byte*,int,string)
UnityEngine.StackTraceUtility:ExtractStackTrace ()
UnityEngine.DebugLogHandler:Internal_Log (UnityEngine.LogType,UnityEngine.LogOption,string,UnityEngine.Object)
UnityEngine.DebugLogHandler:LogFormat (UnityEngine.LogType,UnityEngine.Object,string,object[])
UnityEngine.Logger:Log (UnityEngine.LogType,object)
UnityEngine.Debug:Log (object)
BoardBehavior:MoveTile (TileBehavior,UnityEngine.Vector2Int) (at Assets/Scripts/BoardBehavior.cs:135)
BoardBehavior:MoveTiles (UnityEngine.Vector2Int,int,int,int,int) (at Assets/Scripts/BoardBehavior.cs:100)
BoardBehavior:Update () (at Assets/Scripts/BoardBehavior.cs:57)

(Filename: Assets/Scripts/BoardBehavior.cs Line: 135)

La cellule adjacente est nulle.
UnityEngine.Debug:ExtractStackTraceNoAlloc (byte*,int,string)
UnityEngine.StackTraceUtility:ExtractStackTrace ()
UnityEngine.DebugLogHandler:Internal_Log (UnityEngine.LogType,UnityEngine.LogOption,string,UnityEngine.Object)
UnityEngine.DebugLogHandler:LogFormat (UnityEngine.LogType,UnityEngine.Object,string,object[])
UnityEngine.Logger:Log (UnityEngine.LogType,object)
UnityEngine.Debug:Log (object)
BoardBehavior:MoveTile (TileBehavior,UnityEngine.Vector2Int) (at Assets/Scripts/BoardBehavior.cs:137)
BoardBehavior:MoveTiles (UnityEngine.Vector2Int,int,int,int,int) (at Assets/Scripts/BoardBehavior.cs:100)
BoardBehavior:Update () (at Assets/Scripts/BoardBehavior.cs:57)

(Filename: Assets/Scripts/BoardBehavior.cs Line: 137)

Down key pressed
UnityEngine.Debug:ExtractStackTraceNoAlloc (byte*,int,string)
UnityEngine.StackTraceUtility:ExtractStackTrace ()
UnityEngine.DebugLogHandler:Internal_Log (UnityEngine.LogType,UnityEngine.LogOption,string,UnityEngine.Object)
UnityEngine.DebugLogHandler:LogFormat (UnityEngine.LogType,UnityEngine.Object,string,object[])
UnityEngine.Logger:Log (UnityEngine.LogType,object)
UnityEngine.Debug:Log (object)
BoardBehavior:Update () (at Assets/Scripts/BoardBehavior.cs:58)

(Filename: Assets/Scripts/BoardBehavior.cs Line: 58)

La cellule adjacente est là.
UnityEngine.Debug:ExtractStackTraceNoAlloc (byte*,int,string)
UnityEngine.StackTraceUtility:ExtractStackTrace ()
UnityEngine.DebugLogHandler:Internal_Log (UnityEngine.LogType,UnityEngine.LogOption,string,UnityEngine.Object)
UnityEngine.DebugLogHandler:LogFormat (UnityEngine.LogType,UnityEngine.Object,string,object[])
UnityEngine.Logger:Log (UnityEngine.LogType,object)
UnityEngine.Debug:Log (object)
BoardBehavior:MoveTile (TileBehavior,UnityEngine.Vector2Int) (at Assets/Scripts/BoardBehavior.cs:135)
BoardBehavior:MoveTiles (UnityEngine.Vector2Int,int,int,int,int) (at Assets/Scripts/BoardBehavior.cs:100)
BoardBehavior:Update () (at Assets/Scripts/BoardBehavior.cs:43)

(Filename: Assets/Scripts/BoardBehavior.cs Line: 135)

La cellule adjacente est là.
UnityEngine.Debug:ExtractStackTraceNoAlloc (byte*,int,string)
UnityEngine.StackTraceUtility:ExtractStackTrace ()
UnityEngine.DebugLogHandler:Internal_Log (UnityEngine.LogType,UnityEngine.LogOption,string,UnityEngine.Object)
UnityEngine.DebugLogHandler:LogFormat (UnityEngine.LogType,UnityEngine.Object,string,object[])
UnityEngine.Logger:Log (UnityEngine.LogType,object)
UnityEngine.Debug:Log (object)
BoardBehavior:MoveTile (TileBehavior,UnityEngine.Vector2Int) (at Assets/Scripts/BoardBehavior.cs:135)
BoardBehavior:MoveTiles (UnityEngine.Vector2Int,int,int,int,int) (at Assets/Scripts/BoardBehavior.cs:100)
BoardBehavior:Update () (at Assets/Scripts/BoardBehavior.cs:43)

(Filename: Assets/Scripts/BoardBehavior.cs Line: 135)

La cellule adjacente est nulle.
UnityEngine.Debug:ExtractStackTraceNoAlloc (byte*,int,string)
UnityEngine.StackTraceUtility:ExtractStackTrace ()
UnityEngine.DebugLogHandler:Internal_Log (UnityEngine.LogType,UnityEngine.LogOption,string,UnityEngine.Object)
UnityEngine.DebugLogHandler:LogFormat (UnityEngine.LogType,UnityEngine.Object,string,object[])
UnityEngine.Logger:Log (UnityEngine.LogType,object)
UnityEngine.Debug:Log (object)
BoardBehavior:MoveTile (TileBehavior,UnityEngine.Vector2Int) (at Assets/Scripts/BoardBehavior.cs:137)
BoardBehavior:MoveTiles (UnityEngine.Vector2Int,int,int,int,int) (at Assets/Scripts/BoardBehavior.cs:100)
BoardBehavior:Update () (at Assets/Scripts/BoardBehavior.cs:43)

(Filename: Assets/Scripts/BoardBehavior.cs Line: 137)

La cellule adjacente est là.
UnityEngine.Debug:ExtractStackTraceNoAlloc (byte*,int,string)
UnityEngine.StackTraceUtility:ExtractStackTrace ()
UnityEngine.DebugLogHandler:Internal_Log (UnityEngine.LogType,UnityEngine.LogOption,string,UnityEngine.Object)
UnityEngine.DebugLogHandler:LogFormat (UnityEngine.LogType,UnityEngine.Object,string,object[])
UnityEngine.Logger:Log (UnityEngine.LogType,object)
UnityEngine.Debug:Log (object)
BoardBehavior:MoveTile (TileBehavior,UnityEngine.Vector2Int) (at Assets/Scripts/BoardBehavior.cs:135)
BoardBehavior:MoveTiles (UnityEngine.Vector2Int,int,int,int,int) (at Assets/Scripts/BoardBehavior.cs:100)
BoardBehavior:Update () (at Assets/Scripts/BoardBehavior.cs:43)

(Filename: Assets/Scripts/BoardBehavior.cs Line: 135)

La cellule adjacente est là.
UnityEngine.Debug:ExtractStackTraceNoAlloc (byte*,int,string)
UnityEngine.StackTraceUtility:ExtractStackTrace ()
UnityEngine.DebugLogHandler:Internal_Log (UnityEngine.LogType,UnityEngine.LogOption,string,UnityEngine.Object)
UnityEngine.DebugLogHandler:LogFormat (UnityEngine.LogType,UnityEngine.Object,string,object[])
UnityEngine.Logger:Log (UnityEngine.LogType,object)
UnityEngine.Debug:Log (object)
BoardBehavior:MoveTile (TileBehavior,UnityEngine.Vector2Int) (at Assets/Scripts/BoardBehavior.cs:135)
BoardBehavior:MoveTiles (UnityEngine.Vector2Int,int,int,int,int) (at Assets/Scripts/BoardBehavior.cs:100)
BoardBehavior:Update () (at Assets/Scripts/BoardBehavior.cs:43)

(Filename: Assets/Scripts/BoardBehavior.cs Line: 135)

La cellule adjacente est nulle.
UnityEngine.Debug:ExtractStackTraceNoAlloc (byte*,int,string)
UnityEngine.StackTraceUtility:ExtractStackTrace ()
UnityEngine.DebugLogHandler:Internal_Log (UnityEngine.LogType,UnityEngine.LogOption,string,UnityEngine.Object)
UnityEngine.DebugLogHandler:LogFormat (UnityEngine.LogType,UnityEngine.Object,string,object[])
UnityEngine.Logger:Log (UnityEngine.LogType,object)
UnityEngine.Debug:Log (object)
BoardBehavior:MoveTile (TileBehavior,UnityEngine.Vector2Int) (at Assets/Scripts/BoardBehavior.cs:137)
BoardBehavior:MoveTiles (UnityEngine.Vector2Int,int,int,int,int) (at Assets/Scripts/BoardBehavior.cs:100)
BoardBehavior:Update () (at Assets/Scripts/BoardBehavior.cs:43)

(Filename: Assets/Scripts/BoardBehavior.cs Line: 137)

Up key pressed
UnityEngine.Debug:ExtractStackTraceNoAlloc (byte*,int,string)
UnityEngine.StackTraceUtility:ExtractStackTrace ()
UnityEngine.DebugLogHandler:Internal_Log (UnityEngine.LogType,UnityEngine.LogOption,string,UnityEngine.Object)
UnityEngine.DebugLogHandler:LogFormat (UnityEngine.LogType,UnityEngine.Object,string,object[])
UnityEngine.Logger:Log (UnityEngine.LogType,object)
UnityEngine.Debug:Log (object)
BoardBehavior:Update () (at Assets/Scripts/BoardBehavior.cs:44)

(Filename: Assets/Scripts/BoardBehavior.cs Line: 44)

La cellule adjacente est là.
UnityEngine.Debug:ExtractStackTraceNoAlloc (byte*,int,string)
UnityEngine.StackTraceUtility:ExtractStackTrace ()
UnityEngine.DebugLogHandler:Internal_Log (UnityEngine.LogType,UnityEngine.LogOption,string,UnityEngine.Object)
UnityEngine.DebugLogHandler:LogFormat (UnityEngine.LogType,UnityEngine.Object,string,object[])
UnityEngine.Logger:Log (UnityEngine.LogType,object)
UnityEngine.Debug:Log (object)
BoardBehavior:MoveTile (TileBehavior,UnityEngine.Vector2Int) (at Assets/Scripts/BoardBehavior.cs:135)
BoardBehavior:MoveTiles (UnityEngine.Vector2Int,int,int,int,int) (at Assets/Scripts/BoardBehavior.cs:100)
BoardBehavior:Update () (at Assets/Scripts/BoardBehavior.cs:57)

(Filename: Assets/Scripts/BoardBehavior.cs Line: 135)

La cellule adjacente est là.
UnityEngine.Debug:ExtractStackTraceNoAlloc (byte*,int,string)
UnityEngine.StackTraceUtility:ExtractStackTrace ()
UnityEngine.DebugLogHandler:Internal_Log (UnityEngine.LogType,UnityEngine.LogOption,string,UnityEngine.Object)
UnityEngine.DebugLogHandler:LogFormat (UnityEngine.LogType,UnityEngine.Object,string,object[])
UnityEngine.Logger:Log (UnityEngine.LogType,object)
UnityEngine.Debug:Log (object)
BoardBehavior:MoveTile (TileBehavior,UnityEngine.Vector2Int) (at Assets/Scripts/BoardBehavior.cs:135)
BoardBehavior:MoveTiles (UnityEngine.Vector2Int,int,int,int,int) (at Assets/Scripts/BoardBehavior.cs:100)
BoardBehavior:Update () (at Assets/Scripts/BoardBehavior.cs:57)

(Filename: Assets/Scripts/BoardBehavior.cs Line: 135)

La cellule adjacente est nulle.
UnityEngine.Debug:ExtractStackTraceNoAlloc (byte*,int,string)
UnityEngine.StackTraceUtility:ExtractStackTrace ()
UnityEngine.DebugLogHandler:Internal_Log (UnityEngine.LogType,UnityEngine.LogOption,string,UnityEngine.Object)
UnityEngine.DebugLogHandler:LogFormat (UnityEngine.LogType,UnityEngine.Object,string,object[])
UnityEngine.Logger:Log (UnityEngine.LogType,object)
UnityEngine.Debug:Log (object)
BoardBehavior:MoveTile (TileBehavior,UnityEngine.Vector2Int) (at Assets/Scripts/BoardBehavior.cs:137)
BoardBehavior:MoveTiles (UnityEngine.Vector2Int,int,int,int,int) (at Assets/Scripts/BoardBehavior.cs:100)
BoardBehavior:Update () (at Assets/Scripts/BoardBehavior.cs:57)

(Filename: Assets/Scripts/BoardBehavior.cs Line: 137)

La cellule adjacente est là.
UnityEngine.Debug:ExtractStackTraceNoAlloc (byte*,int,string)
UnityEngine.StackTraceUtility:ExtractStackTrace ()
UnityEngine.DebugLogHandler:Internal_Log (UnityEngine.LogType,UnityEngine.LogOption,string,UnityEngine.Object)
UnityEngine.DebugLogHandler:LogFormat (UnityEngine.LogType,UnityEngine.Object,string,object[])
UnityEngine.Logger:Log (UnityEngine.LogType,object)
UnityEngine.Debug:Log (object)
BoardBehavior:MoveTile (TileBehavior,UnityEngine.Vector2Int) (at Assets/Scripts/BoardBehavior.cs:135)
BoardBehavior:MoveTiles (UnityEngine.Vector2Int,int,int,int,int) (at Assets/Scripts/BoardBehavior.cs:100)
BoardBehavior:Update () (at Assets/Scripts/BoardBehavior.cs:57)

(Filename: Assets/Scripts/BoardBehavior.cs Line: 135)

La cellule adjacente est là.
UnityEngine.Debug:ExtractStackTraceNoAlloc (byte*,int,string)
UnityEngine.StackTraceUtility:ExtractStackTrace ()
UnityEngine.DebugLogHandler:Internal_Log (UnityEngine.LogType,UnityEngine.LogOption,string,UnityEngine.Object)
UnityEngine.DebugLogHandler:LogFormat (UnityEngine.LogType,UnityEngine.Object,string,object[])
UnityEngine.Logger:Log (UnityEngine.LogType,object)
UnityEngine.Debug:Log (object)
BoardBehavior:MoveTile (TileBehavior,UnityEngine.Vector2Int) (at Assets/Scripts/BoardBehavior.cs:135)
BoardBehavior:MoveTiles (UnityEngine.Vector2Int,int,int,int,int) (at Assets/Scripts/BoardBehavior.cs:100)
BoardBehavior:Update () (at Assets/Scripts/BoardBehavior.cs:57)

(Filename: Assets/Scripts/BoardBehavior.cs Line: 135)

La cellule adjacente est nulle.
UnityEngine.Debug:ExtractStackTraceNoAlloc (byte*,int,string)
UnityEngine.StackTraceUtility:ExtractStackTrace ()
UnityEngine.DebugLogHandler:Internal_Log (UnityEngine.LogType,UnityEngine.LogOption,string,UnityEngine.Object)
UnityEngine.DebugLogHandler:LogFormat (UnityEngine.LogType,UnityEngine.Object,string,object[])
UnityEngine.Logger:Log (UnityEngine.LogType,object)
UnityEngine.Debug:Log (object)
BoardBehavior:MoveTile (TileBehavior,UnityEngine.Vector2Int) (at Assets/Scripts/BoardBehavior.cs:137)
BoardBehavior:MoveTiles (UnityEngine.Vector2Int,int,int,int,int) (at Assets/Scripts/BoardBehavior.cs:100)
BoardBehavior:Update () (at Assets/Scripts/BoardBehavior.cs:57)

(Filename: Assets/Scripts/BoardBehavior.cs Line: 137)

Down key pressed
UnityEngine.Debug:ExtractStackTraceNoAlloc (byte*,int,string)
UnityEngine.StackTraceUtility:ExtractStackTrace ()
UnityEngine.DebugLogHandler:Internal_Log (UnityEngine.LogType,UnityEngine.LogOption,string,UnityEngine.Object)
UnityEngine.DebugLogHandler:LogFormat (UnityEngine.LogType,UnityEngine.Object,string,object[])
UnityEngine.Logger:Log (UnityEngine.LogType,object)
UnityEngine.Debug:Log (object)
BoardBehavior:Update () (at Assets/Scripts/BoardBehavior.cs:58)

(Filename: Assets/Scripts/BoardBehavior.cs Line: 58)

La cellule adjacente est là.
UnityEngine.Debug:ExtractStackTraceNoAlloc (byte*,int,string)
UnityEngine.StackTraceUtility:ExtractStackTrace ()
UnityEngine.DebugLogHandler:Internal_Log (UnityEngine.LogType,UnityEngine.LogOption,string,UnityEngine.Object)
UnityEngine.DebugLogHandler:LogFormat (UnityEngine.LogType,UnityEngine.Object,string,object[])
UnityEngine.Logger:Log (UnityEngine.LogType,object)
UnityEngine.Debug:Log (object)
BoardBehavior:MoveTile (TileBehavior,UnityEngine.Vector2Int) (at Assets/Scripts/BoardBehavior.cs:135)
BoardBehavior:MoveTiles (UnityEngine.Vector2Int,int,int,int,int) (at Assets/Scripts/BoardBehavior.cs:100)
BoardBehavior:Update () (at Assets/Scripts/BoardBehavior.cs:43)

(Filename: Assets/Scripts/BoardBehavior.cs Line: 135)

La cellule adjacente est là.
UnityEngine.Debug:ExtractStackTraceNoAlloc (byte*,int,string)
UnityEngine.StackTraceUtility:ExtractStackTrace ()
UnityEngine.DebugLogHandler:Internal_Log (UnityEngine.LogType,UnityEngine.LogOption,string,UnityEngine.Object)
UnityEngine.DebugLogHandler:LogFormat (UnityEngine.LogType,UnityEngine.Object,string,object[])
UnityEngine.Logger:Log (UnityEngine.LogType,object)
UnityEngine.Debug:Log (object)
BoardBehavior:MoveTile (TileBehavior,UnityEngine.Vector2Int) (at Assets/Scripts/BoardBehavior.cs:135)
BoardBehavior:MoveTiles (UnityEngine.Vector2Int,int,int,int,int) (at Assets/Scripts/BoardBehavior.cs:100)
BoardBehavior:Update () (at Assets/Scripts/BoardBehavior.cs:43)

(Filename: Assets/Scripts/BoardBehavior.cs Line: 135)

La cellule adjacente est nulle.
UnityEngine.Debug:ExtractStackTraceNoAlloc (byte*,int,string)
UnityEngine.StackTraceUtility:ExtractStackTrace ()
UnityEngine.DebugLogHandler:Internal_Log (UnityEngine.LogType,UnityEngine.LogOption,string,UnityEngine.Object)
UnityEngine.DebugLogHandler:LogFormat (UnityEngine.LogType,UnityEngine.Object,string,object[])
UnityEngine.Logger:Log (UnityEngine.LogType,object)
UnityEngine.Debug:Log (object)
BoardBehavior:MoveTile (TileBehavior,UnityEngine.Vector2Int) (at Assets/Scripts/BoardBehavior.cs:137)
BoardBehavior:MoveTiles (UnityEngine.Vector2Int,int,int,int,int) (at Assets/Scripts/BoardBehavior.cs:100)
BoardBehavior:Update () (at Assets/Scripts/BoardBehavior.cs:43)

(Filename: Assets/Scripts/BoardBehavior.cs Line: 137)

La cellule adjacente est là.
UnityEngine.Debug:ExtractStackTraceNoAlloc (byte*,int,string)
UnityEngine.StackTraceUtility:ExtractStackTrace ()
UnityEngine.DebugLogHandler:Internal_Log (UnityEngine.LogType,UnityEngine.LogOption,string,UnityEngine.Object)
UnityEngine.DebugLogHandler:LogFormat (UnityEngine.LogType,UnityEngine.Object,string,object[])
UnityEngine.Logger:Log (UnityEngine.LogType,object)
UnityEngine.Debug:Log (object)
BoardBehavior:MoveTile (TileBehavior,UnityEngine.Vector2Int) (at Assets/Scripts/BoardBehavior.cs:135)
BoardBehavior:MoveTiles (UnityEngine.Vector2Int,int,int,int,int) (at Assets/Scripts/BoardBehavior.cs:100)
BoardBehavior:Update () (at Assets/Scripts/BoardBehavior.cs:43)

(Filename: Assets/Scripts/BoardBehavior.cs Line: 135)

La cellule adjacente est là.
UnityEngine.Debug:ExtractStackTraceNoAlloc (byte*,int,string)
UnityEngine.StackTraceUtility:ExtractStackTrace ()
UnityEngine.DebugLogHandler:Internal_Log (UnityEngine.LogType,UnityEngine.LogOption,string,UnityEngine.Object)
UnityEngine.DebugLogHandler:LogFormat (UnityEngine.LogType,UnityEngine.Object,string,object[])
UnityEngine.Logger:Log (UnityEngine.LogType,object)
UnityEngine.Debug:Log (object)
BoardBehavior:MoveTile (TileBehavior,UnityEngine.Vector2Int) (at Assets/Scripts/BoardBehavior.cs:135)
BoardBehavior:MoveTiles (UnityEngine.Vector2Int,int,int,int,int) (at Assets/Scripts/BoardBehavior.cs:100)
BoardBehavior:Update () (at Assets/Scripts/BoardBehavior.cs:43)

(Filename: Assets/Scripts/BoardBehavior.cs Line: 135)

La cellule adjacente est nulle.
UnityEngine.Debug:ExtractStackTraceNoAlloc (byte*,int,string)
UnityEngine.StackTraceUtility:ExtractStackTrace ()
UnityEngine.DebugLogHandler:Internal_Log (UnityEngine.LogType,UnityEngine.LogOption,string,UnityEngine.Object)
UnityEngine.DebugLogHandler:LogFormat (UnityEngine.LogType,UnityEngine.Object,string,object[])
UnityEngine.Logger:Log (UnityEngine.LogType,object)
UnityEngine.Debug:Log (object)
BoardBehavior:MoveTile (TileBehavior,UnityEngine.Vector2Int) (at Assets/Scripts/BoardBehavior.cs:137)
BoardBehavior:MoveTiles (UnityEngine.Vector2Int,int,int,int,int) (at Assets/Scripts/BoardBehavior.cs:100)
BoardBehavior:Update () (at Assets/Scripts/BoardBehavior.cs:43)

(Filename: Assets/Scripts/BoardBehavior.cs Line: 137)

Up key pressed
UnityEngine.Debug:ExtractStackTraceNoAlloc (byte*,int,string)
UnityEngine.StackTraceUtility:ExtractStackTrace ()
UnityEngine.DebugLogHandler:Internal_Log (UnityEngine.LogType,UnityEngine.LogOption,string,UnityEngine.Object)
UnityEngine.DebugLogHandler:LogFormat (UnityEngine.LogType,UnityEngine.Object,string,object[])
UnityEngine.Logger:Log (UnityEngine.LogType,object)
UnityEngine.Debug:Log (object)
BoardBehavior:Update () (at Assets/Scripts/BoardBehavior.cs:44)

(Filename: Assets/Scripts/BoardBehavior.cs Line: 44)

La cellule adjacente est là.
UnityEngine.Debug:ExtractStackTraceNoAlloc (byte*,int,string)
UnityEngine.StackTraceUtility:ExtractStackTrace ()
UnityEngine.DebugLogHandler:Internal_Log (UnityEngine.LogType,UnityEngine.LogOption,string,UnityEngine.Object)
UnityEngine.DebugLogHandler:LogFormat (UnityEngine.LogType,UnityEngine.Object,string,object[])
UnityEngine.Logger:Log (UnityEngine.LogType,object)
UnityEngine.Debug:Log (object)
BoardBehavior:MoveTile (TileBehavior,UnityEngine.Vector2Int) (at Assets/Scripts/BoardBehavior.cs:135)
BoardBehavior:MoveTiles (UnityEngine.Vector2Int,int,int,int,int) (at Assets/Scripts/BoardBehavior.cs:100)
BoardBehavior:Update () (at Assets/Scripts/BoardBehavior.cs:57)

(Filename: Assets/Scripts/BoardBehavior.cs Line: 135)

La cellule adjacente est là.
UnityEngine.Debug:ExtractStackTraceNoAlloc (byte*,int,string)
UnityEngine.StackTraceUtility:ExtractStackTrace ()
UnityEngine.DebugLogHandler:Internal_Log (UnityEngine.LogType,UnityEngine.LogOption,string,UnityEngine.Object)
UnityEngine.DebugLogHandler:LogFormat (UnityEngine.LogType,UnityEngine.Object,string,object[])
UnityEngine.Logger:Log (UnityEngine.LogType,object)
UnityEngine.Debug:Log (object)
BoardBehavior:MoveTile (TileBehavior,UnityEngine.Vector2Int) (at Assets/Scripts/BoardBehavior.cs:135)
BoardBehavior:MoveTiles (UnityEngine.Vector2Int,int,int,int,int) (at Assets/Scripts/BoardBehavior.cs:100)
BoardBehavior:Update () (at Assets/Scripts/BoardBehavior.cs:57)

(Filename: Assets/Scripts/BoardBehavior.cs Line: 135)

La cellule adjacente est nulle.
UnityEngine.Debug:ExtractStackTraceNoAlloc (byte*,int,string)
UnityEngine.StackTraceUtility:ExtractStackTrace ()
UnityEngine.DebugLogHandler:Internal_Log (UnityEngine.LogType,UnityEngine.LogOption,string,UnityEngine.Object)
UnityEngine.DebugLogHandler:LogFormat (UnityEngine.LogType,UnityEngine.Object,string,object[])
UnityEngine.Logger:Log (UnityEngine.LogType,object)
UnityEngine.Debug:Log (object)
BoardBehavior:MoveTile (TileBehavior,UnityEngine.Vector2Int) (at Assets/Scripts/BoardBehavior.cs:137)
BoardBehavior:MoveTiles (UnityEngine.Vector2Int,int,int,int,int) (at Assets/Scripts/BoardBehavior.cs:100)
BoardBehavior:Update () (at Assets/Scripts/BoardBehavior.cs:57)

(Filename: Assets/Scripts/BoardBehavior.cs Line: 137)

La cellule adjacente est là.
UnityEngine.Debug:ExtractStackTraceNoAlloc (byte*,int,string)
UnityEngine.StackTraceUtility:ExtractStackTrace ()
UnityEngine.DebugLogHandler:Internal_Log (UnityEngine.LogType,UnityEngine.LogOption,string,UnityEngine.Object)
UnityEngine.DebugLogHandler:LogFormat (UnityEngine.LogType,UnityEngine.Object,string,object[])
UnityEngine.Logger:Log (UnityEngine.LogType,object)
UnityEngine.Debug:Log (object)
BoardBehavior:MoveTile (TileBehavior,UnityEngine.Vector2Int) (at Assets/Scripts/BoardBehavior.cs:135)
BoardBehavior:MoveTiles (UnityEngine.Vector2Int,int,int,int,int) (at Assets/Scripts/BoardBehavior.cs:100)
BoardBehavior:Update () (at Assets/Scripts/BoardBehavior.cs:57)

(Filename: Assets/Scripts/BoardBehavior.cs Line: 135)

La cellule adjacente est là.
UnityEngine.Debug:ExtractStackTraceNoAlloc (byte*,int,string)
UnityEngine.StackTraceUtility:ExtractStackTrace ()
UnityEngine.DebugLogHandler:Internal_Log (UnityEngine.LogType,UnityEngine.LogOption,string,UnityEngine.Object)
UnityEngine.DebugLogHandler:LogFormat (UnityEngine.LogType,UnityEngine.Object,string,object[])
UnityEngine.Logger:Log (UnityEngine.LogType,object)
UnityEngine.Debug:Log (object)
BoardBehavior:MoveTile (TileBehavior,UnityEngine.Vector2Int) (at Assets/Scripts/BoardBehavior.cs:135)
BoardBehavior:MoveTiles (UnityEngine.Vector2Int,int,int,int,int) (at Assets/Scripts/BoardBehavior.cs:100)
BoardBehavior:Update () (at Assets/Scripts/BoardBehavior.cs:57)

(Filename: Assets/Scripts/BoardBehavior.cs Line: 135)

La cellule adjacente est nulle.
UnityEngine.Debug:ExtractStackTraceNoAlloc (byte*,int,string)
UnityEngine.StackTraceUtility:ExtractStackTrace ()
UnityEngine.DebugLogHandler:Internal_Log (UnityEngine.LogType,UnityEngine.LogOption,string,UnityEngine.Object)
UnityEngine.DebugLogHandler:LogFormat (UnityEngine.LogType,UnityEngine.Object,string,object[])
UnityEngine.Logger:Log (UnityEngine.LogType,object)
UnityEngine.Debug:Log (object)
BoardBehavior:MoveTile (TileBehavior,UnityEngine.Vector2Int) (at Assets/Scripts/BoardBehavior.cs:137)
BoardBehavior:MoveTiles (UnityEngine.Vector2Int,int,int,int,int) (at Assets/Scripts/BoardBehavior.cs:100)
BoardBehavior:Update () (at Assets/Scripts/BoardBehavior.cs:57)

(Filename: Assets/Scripts/BoardBehavior.cs Line: 137)

Down key pressed
UnityEngine.Debug:ExtractStackTraceNoAlloc (byte*,int,string)
UnityEngine.StackTraceUtility:ExtractStackTrace ()
UnityEngine.DebugLogHandler:Internal_Log (UnityEngine.LogType,UnityEngine.LogOption,string,UnityEngine.Object)
UnityEngine.DebugLogHandler:LogFormat (UnityEngine.LogType,UnityEngine.Object,string,object[])
UnityEngine.Logger:Log (UnityEngine.LogType,object)
UnityEngine.Debug:Log (object)
BoardBehavior:Update () (at Assets/Scripts/BoardBehavior.cs:58)

(Filename: Assets/Scripts/BoardBehavior.cs Line: 58)

La cellule adjacente est là.
UnityEngine.Debug:ExtractStackTraceNoAlloc (byte*,int,string)
UnityEngine.StackTraceUtility:ExtractStackTrace ()
UnityEngine.DebugLogHandler:Internal_Log (UnityEngine.LogType,UnityEngine.LogOption,string,UnityEngine.Object)
UnityEngine.DebugLogHandler:LogFormat (UnityEngine.LogType,UnityEngine.Object,string,object[])
UnityEngine.Logger:Log (UnityEngine.LogType,object)
UnityEngine.Debug:Log (object)
BoardBehavior:MoveTile (TileBehavior,UnityEngine.Vector2Int) (at Assets/Scripts/BoardBehavior.cs:135)
BoardBehavior:MoveTiles (UnityEngine.Vector2Int,int,int,int,int) (at Assets/Scripts/BoardBehavior.cs:100)
BoardBehavior:Update () (at Assets/Scripts/BoardBehavior.cs:43)

(Filename: Assets/Scripts/BoardBehavior.cs Line: 135)

La cellule adjacente est là.
UnityEngine.Debug:ExtractStackTraceNoAlloc (byte*,int,string)
UnityEngine.StackTraceUtility:ExtractStackTrace ()
UnityEngine.DebugLogHandler:Internal_Log (UnityEngine.LogType,UnityEngine.LogOption,string,UnityEngine.Object)
UnityEngine.DebugLogHandler:LogFormat (UnityEngine.LogType,UnityEngine.Object,string,object[])
UnityEngine.Logger:Log (UnityEngine.LogType,object)
UnityEngine.Debug:Log (object)
BoardBehavior:MoveTile (TileBehavior,UnityEngine.Vector2Int) (at Assets/Scripts/BoardBehavior.cs:135)
BoardBehavior:MoveTiles (UnityEngine.Vector2Int,int,int,int,int) (at Assets/Scripts/BoardBehavior.cs:100)
BoardBehavior:Update () (at Assets/Scripts/BoardBehavior.cs:43)

(Filename: Assets/Scripts/BoardBehavior.cs Line: 135)

La cellule adjacente est nulle.
UnityEngine.Debug:ExtractStackTraceNoAlloc (byte*,int,string)
UnityEngine.StackTraceUtility:ExtractStackTrace ()
UnityEngine.DebugLogHandler:Internal_Log (UnityEngine.LogType,UnityEngine.LogOption,string,UnityEngine.Object)
UnityEngine.DebugLogHandler:LogFormat (UnityEngine.LogType,UnityEngine.Object,string,object[])
UnityEngine.Logger:Log (UnityEngine.LogType,object)
UnityEngine.Debug:Log (object)
BoardBehavior:MoveTile (TileBehavior,UnityEngine.Vector2Int) (at Assets/Scripts/BoardBehavior.cs:137)
BoardBehavior:MoveTiles (UnityEngine.Vector2Int,int,int,int,int) (at Assets/Scripts/BoardBehavior.cs:100)
BoardBehavior:Update () (at Assets/Scripts/BoardBehavior.cs:43)

(Filename: Assets/Scripts/BoardBehavior.cs Line: 137)

La cellule adjacente est là.
UnityEngine.Debug:ExtractStackTraceNoAlloc (byte*,int,string)
UnityEngine.StackTraceUtility:ExtractStackTrace ()
UnityEngine.DebugLogHandler:Internal_Log (UnityEngine.LogType,UnityEngine.LogOption,string,UnityEngine.Object)
UnityEngine.DebugLogHandler:LogFormat (UnityEngine.LogType,UnityEngine.Object,string,object[])
UnityEngine.Logger:Log (UnityEngine.LogType,object)
UnityEngine.Debug:Log (object)
BoardBehavior:MoveTile (TileBehavior,UnityEngine.Vector2Int) (at Assets/Scripts/BoardBehavior.cs:135)
BoardBehavior:MoveTiles (UnityEngine.Vector2Int,int,int,int,int) (at Assets/Scripts/BoardBehavior.cs:100)
BoardBehavior:Update () (at Assets/Scripts/BoardBehavior.cs:43)

(Filename: Assets/Scripts/BoardBehavior.cs Line: 135)

La cellule adjacente est là.
UnityEngine.Debug:ExtractStackTraceNoAlloc (byte*,int,string)
UnityEngine.StackTraceUtility:ExtractStackTrace ()
UnityEngine.DebugLogHandler:Internal_Log (UnityEngine.LogType,UnityEngine.LogOption,string,UnityEngine.Object)
UnityEngine.DebugLogHandler:LogFormat (UnityEngine.LogType,UnityEngine.Object,string,object[])
UnityEngine.Logger:Log (UnityEngine.LogType,object)
UnityEngine.Debug:Log (object)
BoardBehavior:MoveTile (TileBehavior,UnityEngine.Vector2Int) (at Assets/Scripts/BoardBehavior.cs:135)
BoardBehavior:MoveTiles (UnityEngine.Vector2Int,int,int,int,int) (at Assets/Scripts/BoardBehavior.cs:100)
BoardBehavior:Update () (at Assets/Scripts/BoardBehavior.cs:43)

(Filename: Assets/Scripts/BoardBehavior.cs Line: 135)

La cellule adjacente est nulle.
UnityEngine.Debug:ExtractStackTraceNoAlloc (byte*,int,string)
UnityEngine.StackTraceUtility:ExtractStackTrace ()
UnityEngine.DebugLogHandler:Internal_Log (UnityEngine.LogType,UnityEngine.LogOption,string,UnityEngine.Object)
UnityEngine.DebugLogHandler:LogFormat (UnityEngine.LogType,UnityEngine.Object,string,object[])
UnityEngine.Logger:Log (UnityEngine.LogType,object)
UnityEngine.Debug:Log (object)
BoardBehavior:MoveTile (TileBehavior,UnityEngine.Vector2Int) (at Assets/Scripts/BoardBehavior.cs:137)
BoardBehavior:MoveTiles (UnityEngine.Vector2Int,int,int,int,int) (at Assets/Scripts/BoardBehavior.cs:100)
BoardBehavior:Update () (at Assets/Scripts/BoardBehavior.cs:43)

(Filename: Assets/Scripts/BoardBehavior.cs Line: 137)

Up key pressed
UnityEngine.Debug:ExtractStackTraceNoAlloc (byte*,int,string)
UnityEngine.StackTraceUtility:ExtractStackTrace ()
UnityEngine.DebugLogHandler:Internal_Log (UnityEngine.LogType,UnityEngine.LogOption,string,UnityEngine.Object)
UnityEngine.DebugLogHandler:LogFormat (UnityEngine.LogType,UnityEngine.Object,string,object[])
UnityEngine.Logger:Log (UnityEngine.LogType,object)
UnityEngine.Debug:Log (object)
BoardBehavior:Update () (at Assets/Scripts/BoardBehavior.cs:44)

(Filename: Assets/Scripts/BoardBehavior.cs Line: 44)

La cellule adjacente est là.
UnityEngine.Debug:ExtractStackTraceNoAlloc (byte*,int,string)
UnityEngine.StackTraceUtility:ExtractStackTrace ()
UnityEngine.DebugLogHandler:Internal_Log (UnityEngine.LogType,UnityEngine.LogOption,string,UnityEngine.Object)
UnityEngine.DebugLogHandler:LogFormat (UnityEngine.LogType,UnityEngine.Object,string,object[])
UnityEngine.Logger:Log (UnityEngine.LogType,object)
UnityEngine.Debug:Log (object)
BoardBehavior:MoveTile (TileBehavior,UnityEngine.Vector2Int) (at Assets/Scripts/BoardBehavior.cs:135)
BoardBehavior:MoveTiles (UnityEngine.Vector2Int,int,int,int,int) (at Assets/Scripts/BoardBehavior.cs:100)
BoardBehavior:Update () (at Assets/Scripts/BoardBehavior.cs:64)

(Filename: Assets/Scripts/BoardBehavior.cs Line: 135)

La cellule adjacente est nulle.
UnityEngine.Debug:ExtractStackTraceNoAlloc (byte*,int,string)
UnityEngine.StackTraceUtility:ExtractStackTrace ()
UnityEngine.DebugLogHandler:Internal_Log (UnityEngine.LogType,UnityEngine.LogOption,string,UnityEngine.Object)
UnityEngine.DebugLogHandler:LogFormat (UnityEngine.LogType,UnityEngine.Object,string,object[])
UnityEngine.Logger:Log (UnityEngine.LogType,object)
UnityEngine.Debug:Log (object)
BoardBehavior:MoveTile (TileBehavior,UnityEngine.Vector2Int) (at Assets/Scripts/BoardBehavior.cs:137)
BoardBehavior:MoveTiles (UnityEngine.Vector2Int,int,int,int,int) (at Assets/Scripts/BoardBehavior.cs:100)
BoardBehavior:Update () (at Assets/Scripts/BoardBehavior.cs:64)

(Filename: Assets/Scripts/BoardBehavior.cs Line: 137)

La cellule adjacente est là.
UnityEngine.Debug:ExtractStackTraceNoAlloc (byte*,int,string)
UnityEngine.StackTraceUtility:ExtractStackTrace ()
UnityEngine.DebugLogHandler:Internal_Log (UnityEngine.LogType,UnityEngine.LogOption,string,UnityEngine.Object)
UnityEngine.DebugLogHandler:LogFormat (UnityEngine.LogType,UnityEngine.Object,string,object[])
UnityEngine.Logger:Log (UnityEngine.LogType,object)
UnityEngine.Debug:Log (object)
BoardBehavior:MoveTile (TileBehavior,UnityEngine.Vector2Int) (at Assets/Scripts/BoardBehavior.cs:135)
BoardBehavior:MoveTiles (UnityEngine.Vector2Int,int,int,int,int) (at Assets/Scripts/BoardBehavior.cs:100)
BoardBehavior:Update () (at Assets/Scripts/BoardBehavior.cs:64)

(Filename: Assets/Scripts/BoardBehavior.cs Line: 135)

La cellule adjacente est là.
UnityEngine.Debug:ExtractStackTraceNoAlloc (byte*,int,string)
UnityEngine.StackTraceUtility:ExtractStackTrace ()
UnityEngine.DebugLogHandler:Internal_Log (UnityEngine.LogType,UnityEngine.LogOption,string,UnityEngine.Object)
UnityEngine.DebugLogHandler:LogFormat (UnityEngine.LogType,UnityEngine.Object,string,object[])
UnityEngine.Logger:Log (UnityEngine.LogType,object)
UnityEngine.Debug:Log (object)
BoardBehavior:MoveTile (TileBehavior,UnityEngine.Vector2Int) (at Assets/Scripts/BoardBehavior.cs:135)
BoardBehavior:MoveTiles (UnityEngine.Vector2Int,int,int,int,int) (at Assets/Scripts/BoardBehavior.cs:100)
BoardBehavior:Update () (at Assets/Scripts/BoardBehavior.cs:64)

(Filename: Assets/Scripts/BoardBehavior.cs Line: 135)

Right key pressed
UnityEngine.Debug:ExtractStackTraceNoAlloc (byte*,int,string)
UnityEngine.StackTraceUtility:ExtractStackTrace ()
UnityEngine.DebugLogHandler:Internal_Log (UnityEngine.LogType,UnityEngine.LogOption,string,UnityEngine.Object)
UnityEngine.DebugLogHandler:LogFormat (UnityEngine.LogType,UnityEngine.Object,string,object[])
UnityEngine.Logger:Log (UnityEngine.LogType,object)
UnityEngine.Debug:Log (object)
BoardBehavior:Update () (at Assets/Scripts/BoardBehavior.cs:65)

(Filename: Assets/Scripts/BoardBehavior.cs Line: 65)

La cellule adjacente est là.
UnityEngine.Debug:ExtractStackTraceNoAlloc (byte*,int,string)
UnityEngine.StackTraceUtility:ExtractStackTrace ()
UnityEngine.DebugLogHandler:Internal_Log (UnityEngine.LogType,UnityEngine.LogOption,string,UnityEngine.Object)
UnityEngine.DebugLogHandler:LogFormat (UnityEngine.LogType,UnityEngine.Object,string,object[])
UnityEngine.Logger:Log (UnityEngine.LogType,object)
UnityEngine.Debug:Log (object)
BoardBehavior:MoveTile (TileBehavior,UnityEngine.Vector2Int) (at Assets/Scripts/BoardBehavior.cs:135)
BoardBehavior:MoveTiles (UnityEngine.Vector2Int,int,int,int,int) (at Assets/Scripts/BoardBehavior.cs:100)
BoardBehavior:Update () (at Assets/Scripts/BoardBehavior.cs:50)

(Filename: Assets/Scripts/BoardBehavior.cs Line: 135)

La cellule adjacente est nulle.
UnityEngine.Debug:ExtractStackTraceNoAlloc (byte*,int,string)
UnityEngine.StackTraceUtility:ExtractStackTrace ()
UnityEngine.DebugLogHandler:Internal_Log (UnityEngine.LogType,UnityEngine.LogOption,string,UnityEngine.Object)
UnityEngine.DebugLogHandler:LogFormat (UnityEngine.LogType,UnityEngine.Object,string,object[])
UnityEngine.Logger:Log (UnityEngine.LogType,object)
UnityEngine.Debug:Log (object)
BoardBehavior:MoveTile (TileBehavior,UnityEngine.Vector2Int) (at Assets/Scripts/BoardBehavior.cs:137)
BoardBehavior:MoveTiles (UnityEngine.Vector2Int,int,int,int,int) (at Assets/Scripts/BoardBehavior.cs:100)
BoardBehavior:Update () (at Assets/Scripts/BoardBehavior.cs:50)

(Filename: Assets/Scripts/BoardBehavior.cs Line: 137)

La cellule adjacente est là.
UnityEngine.Debug:ExtractStackTraceNoAlloc (byte*,int,string)
UnityEngine.StackTraceUtility:ExtractStackTrace ()
UnityEngine.DebugLogHandler:Internal_Log (UnityEngine.LogType,UnityEngine.LogOption,string,UnityEngine.Object)
UnityEngine.DebugLogHandler:LogFormat (UnityEngine.LogType,UnityEngine.Object,string,object[])
UnityEngine.Logger:Log (UnityEngine.LogType,object)
UnityEngine.Debug:Log (object)
BoardBehavior:MoveTile (TileBehavior,UnityEngine.Vector2Int) (at Assets/Scripts/BoardBehavior.cs:135)
BoardBehavior:MoveTiles (UnityEngine.Vector2Int,int,int,int,int) (at Assets/Scripts/BoardBehavior.cs:100)
BoardBehavior:Update () (at Assets/Scripts/BoardBehavior.cs:50)

(Filename: Assets/Scripts/BoardBehavior.cs Line: 135)

La cellule adjacente est là.
UnityEngine.Debug:ExtractStackTraceNoAlloc (byte*,int,string)
UnityEngine.StackTraceUtility:ExtractStackTrace ()
UnityEngine.DebugLogHandler:Internal_Log (UnityEngine.LogType,UnityEngine.LogOption,string,UnityEngine.Object)
UnityEngine.DebugLogHandler:LogFormat (UnityEngine.LogType,UnityEngine.Object,string,object[])
UnityEngine.Logger:Log (UnityEngine.LogType,object)
UnityEngine.Debug:Log (object)
BoardBehavior:MoveTile (TileBehavior,UnityEngine.Vector2Int) (at Assets/Scripts/BoardBehavior.cs:135)
BoardBehavior:MoveTiles (UnityEngine.Vector2Int,int,int,int,int) (at Assets/Scripts/BoardBehavior.cs:100)
BoardBehavior:Update () (at Assets/Scripts/BoardBehavior.cs:50)

(Filename: Assets/Scripts/BoardBehavior.cs Line: 135)

Left key pressed
UnityEngine.Debug:ExtractStackTraceNoAlloc (byte*,int,string)
UnityEngine.StackTraceUtility:ExtractStackTrace ()
UnityEngine.DebugLogHandler:Internal_Log (UnityEngine.LogType,UnityEngine.LogOption,string,UnityEngine.Object)
UnityEngine.DebugLogHandler:LogFormat (UnityEngine.LogType,UnityEngine.Object,string,object[])
UnityEngine.Logger:Log (UnityEngine.LogType,object)
UnityEngine.Debug:Log (object)
BoardBehavior:Update () (at Assets/Scripts/BoardBehavior.cs:51)

(Filename: Assets/Scripts/BoardBehavior.cs Line: 51)

La cellule adjacente est là.
UnityEngine.Debug:ExtractStackTraceNoAlloc (byte*,int,string)
UnityEngine.StackTraceUtility:ExtractStackTrace ()
UnityEngine.DebugLogHandler:Internal_Log (UnityEngine.LogType,UnityEngine.LogOption,string,UnityEngine.Object)
UnityEngine.DebugLogHandler:LogFormat (UnityEngine.LogType,UnityEngine.Object,string,object[])
UnityEngine.Logger:Log (UnityEngine.LogType,object)
UnityEngine.Debug:Log (object)
BoardBehavior:MoveTile (TileBehavior,UnityEngine.Vector2Int) (at Assets/Scripts/BoardBehavior.cs:135)
BoardBehavior:MoveTiles (UnityEngine.Vector2Int,int,int,int,int) (at Assets/Scripts/BoardBehavior.cs:100)
BoardBehavior:Update () (at Assets/Scripts/BoardBehavior.cs:57)

(Filename: Assets/Scripts/BoardBehavior.cs Line: 135)

La cellule adjacente est là.
UnityEngine.Debug:ExtractStackTraceNoAlloc (byte*,int,string)
UnityEngine.StackTraceUtility:ExtractStackTrace ()
UnityEngine.DebugLogHandler:Internal_Log (UnityEngine.LogType,UnityEngine.LogOption,string,UnityEngine.Object)
UnityEngine.DebugLogHandler:LogFormat (UnityEngine.LogType,UnityEngine.Object,string,object[])
UnityEngine.Logger:Log (UnityEngine.LogType,object)
UnityEngine.Debug:Log (object)
BoardBehavior:MoveTile (TileBehavior,UnityEngine.Vector2Int) (at Assets/Scripts/BoardBehavior.cs:135)
BoardBehavior:MoveTiles (UnityEngine.Vector2Int,int,int,int,int) (at Assets/Scripts/BoardBehavior.cs:100)
BoardBehavior:Update () (at Assets/Scripts/BoardBehavior.cs:57)

(Filename: Assets/Scripts/BoardBehavior.cs Line: 135)

La cellule adjacente est nulle.
UnityEngine.Debug:ExtractStackTraceNoAlloc (byte*,int,string)
UnityEngine.StackTraceUtility:ExtractStackTrace ()
UnityEngine.DebugLogHandler:Internal_Log (UnityEngine.LogType,UnityEngine.LogOption,string,UnityEngine.Object)
UnityEngine.DebugLogHandler:LogFormat (UnityEngine.LogType,UnityEngine.Object,string,object[])
UnityEngine.Logger:Log (UnityEngine.LogType,object)
UnityEngine.Debug:Log (object)
BoardBehavior:MoveTile (TileBehavior,UnityEngine.Vector2Int) (at Assets/Scripts/BoardBehavior.cs:137)
BoardBehavior:MoveTiles (UnityEngine.Vector2Int,int,int,int,int) (at Assets/Scripts/BoardBehavior.cs:100)
BoardBehavior:Update () (at Assets/Scripts/BoardBehavior.cs:57)

(Filename: Assets/Scripts/BoardBehavior.cs Line: 137)

La cellule adjacente est là.
UnityEngine.Debug:ExtractStackTraceNoAlloc (byte*,int,string)
UnityEngine.StackTraceUtility:ExtractStackTrace ()
UnityEngine.DebugLogHandler:Internal_Log (UnityEngine.LogType,UnityEngine.LogOption,string,UnityEngine.Object)
UnityEngine.DebugLogHandler:LogFormat (UnityEngine.LogType,UnityEngine.Object,string,object[])
UnityEngine.Logger:Log (UnityEngine.LogType,object)
UnityEngine.Debug:Log (object)
BoardBehavior:MoveTile (TileBehavior,UnityEngine.Vector2Int) (at Assets/Scripts/BoardBehavior.cs:135)
BoardBehavior:MoveTiles (UnityEngine.Vector2Int,int,int,int,int) (at Assets/Scripts/BoardBehavior.cs:100)
BoardBehavior:Update () (at Assets/Scripts/BoardBehavior.cs:57)

(Filename: Assets/Scripts/BoardBehavior.cs Line: 135)

La cellule adjacente est là.
UnityEngine.Debug:ExtractStackTraceNoAlloc (byte*,int,string)
UnityEngine.StackTraceUtility:ExtractStackTrace ()
UnityEngine.DebugLogHandler:Internal_Log (UnityEngine.LogType,UnityEngine.LogOption,string,UnityEngine.Object)
UnityEngine.DebugLogHandler:LogFormat (UnityEngine.LogType,UnityEngine.Object,string,object[])
UnityEngine.Logger:Log (UnityEngine.LogType,object)
UnityEngine.Debug:Log (object)
BoardBehavior:MoveTile (TileBehavior,UnityEngine.Vector2Int) (at Assets/Scripts/BoardBehavior.cs:135)
BoardBehavior:MoveTiles (UnityEngine.Vector2Int,int,int,int,int) (at Assets/Scripts/BoardBehavior.cs:100)
BoardBehavior:Update () (at Assets/Scripts/BoardBehavior.cs:57)

(Filename: Assets/Scripts/BoardBehavior.cs Line: 135)

La cellule adjacente est nulle.
UnityEngine.Debug:ExtractStackTraceNoAlloc (byte*,int,string)
UnityEngine.StackTraceUtility:ExtractStackTrace ()
UnityEngine.DebugLogHandler:Internal_Log (UnityEngine.LogType,UnityEngine.LogOption,string,UnityEngine.Object)
UnityEngine.DebugLogHandler:LogFormat (UnityEngine.LogType,UnityEngine.Object,string,object[])
UnityEngine.Logger:Log (UnityEngine.LogType,object)
UnityEngine.Debug:Log (object)
BoardBehavior:MoveTile (TileBehavior,UnityEngine.Vector2Int) (at Assets/Scripts/BoardBehavior.cs:137)
BoardBehavior:MoveTiles (UnityEngine.Vector2Int,int,int,int,int) (at Assets/Scripts/BoardBehavior.cs:100)
BoardBehavior:Update () (at Assets/Scripts/BoardBehavior.cs:57)

(Filename: Assets/Scripts/BoardBehavior.cs Line: 137)

Down key pressed
UnityEngine.Debug:ExtractStackTraceNoAlloc (byte*,int,string)
UnityEngine.StackTraceUtility:ExtractStackTrace ()
UnityEngine.DebugLogHandler:Internal_Log (UnityEngine.LogType,UnityEngine.LogOption,string,UnityEngine.Object)
UnityEngine.DebugLogHandler:LogFormat (UnityEngine.LogType,UnityEngine.Object,string,object[])
UnityEngine.Logger:Log (UnityEngine.LogType,object)
UnityEngine.Debug:Log (object)
BoardBehavior:Update () (at Assets/Scripts/BoardBehavior.cs:58)

(Filename: Assets/Scripts/BoardBehavior.cs Line: 58)

La cellule adjacente est là.
UnityEngine.Debug:ExtractStackTraceNoAlloc (byte*,int,string)
UnityEngine.StackTraceUtility:ExtractStackTrace ()
UnityEngine.DebugLogHandler:Internal_Log (UnityEngine.LogType,UnityEngine.LogOption,string,UnityEngine.Object)
UnityEngine.DebugLogHandler:LogFormat (UnityEngine.LogType,UnityEngine.Object,string,object[])
UnityEngine.Logger:Log (UnityEngine.LogType,object)
UnityEngine.Debug:Log (object)
BoardBehavior:MoveTile (TileBehavior,UnityEngine.Vector2Int) (at Assets/Scripts/BoardBehavior.cs:135)
BoardBehavior:MoveTiles (UnityEngine.Vector2Int,int,int,int,int) (at Assets/Scripts/BoardBehavior.cs:100)
BoardBehavior:Update () (at Assets/Scripts/BoardBehavior.cs:64)

(Filename: Assets/Scripts/BoardBehavior.cs Line: 135)

La cellule adjacente est nulle.
UnityEngine.Debug:ExtractStackTraceNoAlloc (byte*,int,string)
UnityEngine.StackTraceUtility:ExtractStackTrace ()
UnityEngine.DebugLogHandler:Internal_Log (UnityEngine.LogType,UnityEngine.LogOption,string,UnityEngine.Object)
UnityEngine.DebugLogHandler:LogFormat (UnityEngine.LogType,UnityEngine.Object,string,object[])
UnityEngine.Logger:Log (UnityEngine.LogType,object)
UnityEngine.Debug:Log (object)
BoardBehavior:MoveTile (TileBehavior,UnityEngine.Vector2Int) (at Assets/Scripts/BoardBehavior.cs:137)
BoardBehavior:MoveTiles (UnityEngine.Vector2Int,int,int,int,int) (at Assets/Scripts/BoardBehavior.cs:100)
BoardBehavior:Update () (at Assets/Scripts/BoardBehavior.cs:64)

(Filename: Assets/Scripts/BoardBehavior.cs Line: 137)

La cellule adjacente est là.
UnityEngine.Debug:ExtractStackTraceNoAlloc (byte*,int,string)
UnityEngine.StackTraceUtility:ExtractStackTrace ()
UnityEngine.DebugLogHandler:Internal_Log (UnityEngine.LogType,UnityEngine.LogOption,string,UnityEngine.Object)
UnityEngine.DebugLogHandler:LogFormat (UnityEngine.LogType,UnityEngine.Object,string,object[])
UnityEngine.Logger:Log (UnityEngine.LogType,object)
UnityEngine.Debug:Log (object)
BoardBehavior:MoveTile (TileBehavior,UnityEngine.Vector2Int) (at Assets/Scripts/BoardBehavior.cs:135)
BoardBehavior:MoveTiles (UnityEngine.Vector2Int,int,int,int,int) (at Assets/Scripts/BoardBehavior.cs:100)
BoardBehavior:Update () (at Assets/Scripts/BoardBehavior.cs:64)

(Filename: Assets/Scripts/BoardBehavior.cs Line: 135)

La cellule adjacente est là.
UnityEngine.Debug:ExtractStackTraceNoAlloc (byte*,int,string)
UnityEngine.StackTraceUtility:ExtractStackTrace ()
UnityEngine.DebugLogHandler:Internal_Log (UnityEngine.LogType,UnityEngine.LogOption,string,UnityEngine.Object)
UnityEngine.DebugLogHandler:LogFormat (UnityEngine.LogType,UnityEngine.Object,string,object[])
UnityEngine.Logger:Log (UnityEngine.LogType,object)
UnityEngine.Debug:Log (object)
BoardBehavior:MoveTile (TileBehavior,UnityEngine.Vector2Int) (at Assets/Scripts/BoardBehavior.cs:135)
BoardBehavior:MoveTiles (UnityEngine.Vector2Int,int,int,int,int) (at Assets/Scripts/BoardBehavior.cs:100)
BoardBehavior:Update () (at Assets/Scripts/BoardBehavior.cs:64)

(Filename: Assets/Scripts/BoardBehavior.cs Line: 135)

Right key pressed
UnityEngine.Debug:ExtractStackTraceNoAlloc (byte*,int,string)
UnityEngine.StackTraceUtility:ExtractStackTrace ()
UnityEngine.DebugLogHandler:Internal_Log (UnityEngine.LogType,UnityEngine.LogOption,string,UnityEngine.Object)
UnityEngine.DebugLogHandler:LogFormat (UnityEngine.LogType,UnityEngine.Object,string,object[])
UnityEngine.Logger:Log (UnityEngine.LogType,object)
UnityEngine.Debug:Log (object)
BoardBehavior:Update () (at Assets/Scripts/BoardBehavior.cs:65)

(Filename: Assets/Scripts/BoardBehavior.cs Line: 65)

Down key pressed
UnityEngine.Debug:ExtractStackTraceNoAlloc (byte*,int,string)
UnityEngine.StackTraceUtility:ExtractStackTrace ()
UnityEngine.DebugLogHandler:Internal_Log (UnityEngine.LogType,UnityEngine.LogOption,string,UnityEngine.Object)
UnityEngine.DebugLogHandler:LogFormat (UnityEngine.LogType,UnityEngine.Object,string,object[])
UnityEngine.Logger:Log (UnityEngine.LogType,object)
UnityEngine.Debug:Log (object)
BoardBehavior:Update () (at Assets/Scripts/BoardBehavior.cs:58)

(Filename: Assets/Scripts/BoardBehavior.cs Line: 58)

La cellule adjacente est là.
UnityEngine.Debug:ExtractStackTraceNoAlloc (byte*,int,string)
UnityEngine.StackTraceUtility:ExtractStackTrace ()
UnityEngine.DebugLogHandler:Internal_Log (UnityEngine.LogType,UnityEngine.LogOption,string,UnityEngine.Object)
UnityEngine.DebugLogHandler:LogFormat (UnityEngine.LogType,UnityEngine.Object,string,object[])
UnityEngine.Logger:Log (UnityEngine.LogType,object)
UnityEngine.Debug:Log (object)
BoardBehavior:MoveTile (TileBehavior,UnityEngine.Vector2Int) (at Assets/Scripts/BoardBehavior.cs:135)
BoardBehavior:MoveTiles (UnityEngine.Vector2Int,int,int,int,int) (at Assets/Scripts/BoardBehavior.cs:100)
BoardBehavior:Update () (at Assets/Scripts/BoardBehavior.cs:50)

(Filename: Assets/Scripts/BoardBehavior.cs Line: 135)

La cellule adjacente est nulle.
UnityEngine.Debug:ExtractStackTraceNoAlloc (byte*,int,string)
UnityEngine.StackTraceUtility:ExtractStackTrace ()
UnityEngine.DebugLogHandler:Internal_Log (UnityEngine.LogType,UnityEngine.LogOption,string,UnityEngine.Object)
UnityEngine.DebugLogHandler:LogFormat (UnityEngine.LogType,UnityEngine.Object,string,object[])
UnityEngine.Logger:Log (UnityEngine.LogType,object)
UnityEngine.Debug:Log (object)
BoardBehavior:MoveTile (TileBehavior,UnityEngine.Vector2Int) (at Assets/Scripts/BoardBehavior.cs:137)
BoardBehavior:MoveTiles (UnityEngine.Vector2Int,int,int,int,int) (at Assets/Scripts/BoardBehavior.cs:100)
BoardBehavior:Update () (at Assets/Scripts/BoardBehavior.cs:50)

(Filename: Assets/Scripts/BoardBehavior.cs Line: 137)

La cellule adjacente est là.
UnityEngine.Debug:ExtractStackTraceNoAlloc (byte*,int,string)
UnityEngine.StackTraceUtility:ExtractStackTrace ()
UnityEngine.DebugLogHandler:Internal_Log (UnityEngine.LogType,UnityEngine.LogOption,string,UnityEngine.Object)
UnityEngine.DebugLogHandler:LogFormat (UnityEngine.LogType,UnityEngine.Object,string,object[])
UnityEngine.Logger:Log (UnityEngine.LogType,object)
UnityEngine.Debug:Log (object)
BoardBehavior:MoveTile (TileBehavior,UnityEngine.Vector2Int) (at Assets/Scripts/BoardBehavior.cs:135)
BoardBehavior:MoveTiles (UnityEngine.Vector2Int,int,int,int,int) (at Assets/Scripts/BoardBehavior.cs:100)
BoardBehavior:Update () (at Assets/Scripts/BoardBehavior.cs:50)

(Filename: Assets/Scripts/BoardBehavior.cs Line: 135)

La cellule adjacente est là.
UnityEngine.Debug:ExtractStackTraceNoAlloc (byte*,int,string)
UnityEngine.StackTraceUtility:ExtractStackTrace ()
UnityEngine.DebugLogHandler:Internal_Log (UnityEngine.LogType,UnityEngine.LogOption,string,UnityEngine.Object)
UnityEngine.DebugLogHandler:LogFormat (UnityEngine.LogType,UnityEngine.Object,string,object[])
UnityEngine.Logger:Log (UnityEngine.LogType,object)
UnityEngine.Debug:Log (object)
BoardBehavior:MoveTile (TileBehavior,UnityEngine.Vector2Int) (at Assets/Scripts/BoardBehavior.cs:135)
BoardBehavior:MoveTiles (UnityEngine.Vector2Int,int,int,int,int) (at Assets/Scripts/BoardBehavior.cs:100)
BoardBehavior:Update () (at Assets/Scripts/BoardBehavior.cs:50)

(Filename: Assets/Scripts/BoardBehavior.cs Line: 135)

Left key pressed
UnityEngine.Debug:ExtractStackTraceNoAlloc (byte*,int,string)
UnityEngine.StackTraceUtility:ExtractStackTrace ()
UnityEngine.DebugLogHandler:Internal_Log (UnityEngine.LogType,UnityEngine.LogOption,string,UnityEngine.Object)
UnityEngine.DebugLogHandler:LogFormat (UnityEngine.LogType,UnityEngine.Object,string,object[])
UnityEngine.Logger:Log (UnityEngine.LogType,object)
UnityEngine.Debug:Log (object)
BoardBehavior:Update () (at Assets/Scripts/BoardBehavior.cs:51)

(Filename: Assets/Scripts/BoardBehavior.cs Line: 51)

La cellule adjacente est là.
UnityEngine.Debug:ExtractStackTraceNoAlloc (byte*,int,string)
UnityEngine.StackTraceUtility:ExtractStackTrace ()
UnityEngine.DebugLogHandler:Internal_Log (UnityEngine.LogType,UnityEngine.LogOption,string,UnityEngine.Object)
UnityEngine.DebugLogHandler:LogFormat (UnityEngine.LogType,UnityEngine.Object,string,object[])
UnityEngine.Logger:Log (UnityEngine.LogType,object)
UnityEngine.Debug:Log (object)
BoardBehavior:MoveTile (TileBehavior,UnityEngine.Vector2Int) (at Assets/Scripts/BoardBehavior.cs:135)
BoardBehavior:MoveTiles (UnityEngine.Vector2Int,int,int,int,int) (at Assets/Scripts/BoardBehavior.cs:100)
BoardBehavior:Update () (at Assets/Scripts/BoardBehavior.cs:64)

(Filename: Assets/Scripts/BoardBehavior.cs Line: 135)

La cellule adjacente est nulle.
UnityEngine.Debug:ExtractStackTraceNoAlloc (byte*,int,string)
UnityEngine.StackTraceUtility:ExtractStackTrace ()
UnityEngine.DebugLogHandler:Internal_Log (UnityEngine.LogType,UnityEngine.LogOption,string,UnityEngine.Object)
UnityEngine.DebugLogHandler:LogFormat (UnityEngine.LogType,UnityEngine.Object,string,object[])
UnityEngine.Logger:Log (UnityEngine.LogType,object)
UnityEngine.Debug:Log (object)
BoardBehavior:MoveTile (TileBehavior,UnityEngine.Vector2Int) (at Assets/Scripts/BoardBehavior.cs:137)
BoardBehavior:MoveTiles (UnityEngine.Vector2Int,int,int,int,int) (at Assets/Scripts/BoardBehavior.cs:100)
BoardBehavior:Update () (at Assets/Scripts/BoardBehavior.cs:64)

(Filename: Assets/Scripts/BoardBehavior.cs Line: 137)

La cellule adjacente est là.
UnityEngine.Debug:ExtractStackTraceNoAlloc (byte*,int,string)
UnityEngine.StackTraceUtility:ExtractStackTrace ()
UnityEngine.DebugLogHandler:Internal_Log (UnityEngine.LogType,UnityEngine.LogOption,string,UnityEngine.Object)
UnityEngine.DebugLogHandler:LogFormat (UnityEngine.LogType,UnityEngine.Object,string,object[])
UnityEngine.Logger:Log (UnityEngine.LogType,object)
UnityEngine.Debug:Log (object)
BoardBehavior:MoveTile (TileBehavior,UnityEngine.Vector2Int) (at Assets/Scripts/BoardBehavior.cs:135)
BoardBehavior:MoveTiles (UnityEngine.Vector2Int,int,int,int,int) (at Assets/Scripts/BoardBehavior.cs:100)
BoardBehavior:Update () (at Assets/Scripts/BoardBehavior.cs:64)

(Filename: Assets/Scripts/BoardBehavior.cs Line: 135)

La cellule adjacente est là.
UnityEngine.Debug:ExtractStackTraceNoAlloc (byte*,int,string)
UnityEngine.StackTraceUtility:ExtractStackTrace ()
UnityEngine.DebugLogHandler:Internal_Log (UnityEngine.LogType,UnityEngine.LogOption,string,UnityEngine.Object)
UnityEngine.DebugLogHandler:LogFormat (UnityEngine.LogType,UnityEngine.Object,string,object[])
UnityEngine.Logger:Log (UnityEngine.LogType,object)
UnityEngine.Debug:Log (object)
BoardBehavior:MoveTile (TileBehavior,UnityEngine.Vector2Int) (at Assets/Scripts/BoardBehavior.cs:135)
BoardBehavior:MoveTiles (UnityEngine.Vector2Int,int,int,int,int) (at Assets/Scripts/BoardBehavior.cs:100)
BoardBehavior:Update () (at Assets/Scripts/BoardBehavior.cs:64)

(Filename: Assets/Scripts/BoardBehavior.cs Line: 135)

Right key pressed
UnityEngine.Debug:ExtractStackTraceNoAlloc (byte*,int,string)
UnityEngine.StackTraceUtility:ExtractStackTrace ()
UnityEngine.DebugLogHandler:Internal_Log (UnityEngine.LogType,UnityEngine.LogOption,string,UnityEngine.Object)
UnityEngine.DebugLogHandler:LogFormat (UnityEngine.LogType,UnityEngine.Object,string,object[])
UnityEngine.Logger:Log (UnityEngine.LogType,object)
UnityEngine.Debug:Log (object)
BoardBehavior:Update () (at Assets/Scripts/BoardBehavior.cs:65)

(Filename: Assets/Scripts/BoardBehavior.cs Line: 65)

La cellule adjacente est là.
UnityEngine.Debug:ExtractStackTraceNoAlloc (byte*,int,string)
UnityEngine.StackTraceUtility:ExtractStackTrace ()
UnityEngine.DebugLogHandler:Internal_Log (UnityEngine.LogType,UnityEngine.LogOption,string,UnityEngine.Object)
UnityEngine.DebugLogHandler:LogFormat (UnityEngine.LogType,UnityEngine.Object,string,object[])
UnityEngine.Logger:Log (UnityEngine.LogType,object)
UnityEngine.Debug:Log (object)
BoardBehavior:MoveTile (TileBehavior,UnityEngine.Vector2Int) (at Assets/Scripts/BoardBehavior.cs:135)
BoardBehavior:MoveTiles (UnityEngine.Vector2Int,int,int,int,int) (at Assets/Scripts/BoardBehavior.cs:100)
BoardBehavior:Update () (at Assets/Scripts/BoardBehavior.cs:50)

(Filename: Assets/Scripts/BoardBehavior.cs Line: 135)

La cellule adjacente est nulle.
UnityEngine.Debug:ExtractStackTraceNoAlloc (byte*,int,string)
UnityEngine.StackTraceUtility:ExtractStackTrace ()
UnityEngine.DebugLogHandler:Internal_Log (UnityEngine.LogType,UnityEngine.LogOption,string,UnityEngine.Object)
UnityEngine.DebugLogHandler:LogFormat (UnityEngine.LogType,UnityEngine.Object,string,object[])
UnityEngine.Logger:Log (UnityEngine.LogType,object)
UnityEngine.Debug:Log (object)
BoardBehavior:MoveTile (TileBehavior,UnityEngine.Vector2Int) (at Assets/Scripts/BoardBehavior.cs:137)
BoardBehavior:MoveTiles (UnityEngine.Vector2Int,int,int,int,int) (at Assets/Scripts/BoardBehavior.cs:100)
BoardBehavior:Update () (at Assets/Scripts/BoardBehavior.cs:50)

(Filename: Assets/Scripts/BoardBehavior.cs Line: 137)

La cellule adjacente est là.
UnityEngine.Debug:ExtractStackTraceNoAlloc (byte*,int,string)
UnityEngine.StackTraceUtility:ExtractStackTrace ()
UnityEngine.DebugLogHandler:Internal_Log (UnityEngine.LogType,UnityEngine.LogOption,string,UnityEngine.Object)
UnityEngine.DebugLogHandler:LogFormat (UnityEngine.LogType,UnityEngine.Object,string,object[])
UnityEngine.Logger:Log (UnityEngine.LogType,object)
UnityEngine.Debug:Log (object)
BoardBehavior:MoveTile (TileBehavior,UnityEngine.Vector2Int) (at Assets/Scripts/BoardBehavior.cs:135)
BoardBehavior:MoveTiles (UnityEngine.Vector2Int,int,int,int,int) (at Assets/Scripts/BoardBehavior.cs:100)
BoardBehavior:Update () (at Assets/Scripts/BoardBehavior.cs:50)

(Filename: Assets/Scripts/BoardBehavior.cs Line: 135)

La cellule adjacente est là.
UnityEngine.Debug:ExtractStackTraceNoAlloc (byte*,int,string)
UnityEngine.StackTraceUtility:ExtractStackTrace ()
UnityEngine.DebugLogHandler:Internal_Log (UnityEngine.LogType,UnityEngine.LogOption,string,UnityEngine.Object)
UnityEngine.DebugLogHandler:LogFormat (UnityEngine.LogType,UnityEngine.Object,string,object[])
UnityEngine.Logger:Log (UnityEngine.LogType,object)
UnityEngine.Debug:Log (object)
BoardBehavior:MoveTile (TileBehavior,UnityEngine.Vector2Int) (at Assets/Scripts/BoardBehavior.cs:135)
BoardBehavior:MoveTiles (UnityEngine.Vector2Int,int,int,int,int) (at Assets/Scripts/BoardBehavior.cs:100)
BoardBehavior:Update () (at Assets/Scripts/BoardBehavior.cs:50)

(Filename: Assets/Scripts/BoardBehavior.cs Line: 135)

Left key pressed
UnityEngine.Debug:ExtractStackTraceNoAlloc (byte*,int,string)
UnityEngine.StackTraceUtility:ExtractStackTrace ()
UnityEngine.DebugLogHandler:Internal_Log (UnityEngine.LogType,UnityEngine.LogOption,string,UnityEngine.Object)
UnityEngine.DebugLogHandler:LogFormat (UnityEngine.LogType,UnityEngine.Object,string,object[])
UnityEngine.Logger:Log (UnityEngine.LogType,object)
UnityEngine.Debug:Log (object)
BoardBehavior:Update () (at Assets/Scripts/BoardBehavior.cs:51)

(Filename: Assets/Scripts/BoardBehavior.cs Line: 51)

La cellule adjacente est là.
UnityEngine.Debug:ExtractStackTraceNoAlloc (byte*,int,string)
UnityEngine.StackTraceUtility:ExtractStackTrace ()
UnityEngine.DebugLogHandler:Internal_Log (UnityEngine.LogType,UnityEngine.LogOption,string,UnityEngine.Object)
UnityEngine.DebugLogHandler:LogFormat (UnityEngine.LogType,UnityEngine.Object,string,object[])
UnityEngine.Logger:Log (UnityEngine.LogType,object)
UnityEngine.Debug:Log (object)
BoardBehavior:MoveTile (TileBehavior,UnityEngine.Vector2Int) (at Assets/Scripts/BoardBehavior.cs:135)
BoardBehavior:MoveTiles (UnityEngine.Vector2Int,int,int,int,int) (at Assets/Scripts/BoardBehavior.cs:100)
BoardBehavior:Update () (at Assets/Scripts/BoardBehavior.cs:43)

(Filename: Assets/Scripts/BoardBehavior.cs Line: 135)

La cellule adjacente est là.
UnityEngine.Debug:ExtractStackTraceNoAlloc (byte*,int,string)
UnityEngine.StackTraceUtility:ExtractStackTrace ()
UnityEngine.DebugLogHandler:Internal_Log (UnityEngine.LogType,UnityEngine.LogOption,string,UnityEngine.Object)
UnityEngine.DebugLogHandler:LogFormat (UnityEngine.LogType,UnityEngine.Object,string,object[])
UnityEngine.Logger:Log (UnityEngine.LogType,object)
UnityEngine.Debug:Log (object)
BoardBehavior:MoveTile (TileBehavior,UnityEngine.Vector2Int) (at Assets/Scripts/BoardBehavior.cs:135)
BoardBehavior:MoveTiles (UnityEngine.Vector2Int,int,int,int,int) (at Assets/Scripts/BoardBehavior.cs:100)
BoardBehavior:Update () (at Assets/Scripts/BoardBehavior.cs:43)

(Filename: Assets/Scripts/BoardBehavior.cs Line: 135)

La cellule adjacente est nulle.
UnityEngine.Debug:ExtractStackTraceNoAlloc (byte*,int,string)
UnityEngine.StackTraceUtility:ExtractStackTrace ()
UnityEngine.DebugLogHandler:Internal_Log (UnityEngine.LogType,UnityEngine.LogOption,string,UnityEngine.Object)
UnityEngine.DebugLogHandler:LogFormat (UnityEngine.LogType,UnityEngine.Object,string,object[])
UnityEngine.Logger:Log (UnityEngine.LogType,object)
UnityEngine.Debug:Log (object)
BoardBehavior:MoveTile (TileBehavior,UnityEngine.Vector2Int) (at Assets/Scripts/BoardBehavior.cs:137)
BoardBehavior:MoveTiles (UnityEngine.Vector2Int,int,int,int,int) (at Assets/Scripts/BoardBehavior.cs:100)
BoardBehavior:Update () (at Assets/Scripts/BoardBehavior.cs:43)

(Filename: Assets/Scripts/BoardBehavior.cs Line: 137)

La cellule adjacente est là.
UnityEngine.Debug:ExtractStackTraceNoAlloc (byte*,int,string)
UnityEngine.StackTraceUtility:ExtractStackTrace ()
UnityEngine.DebugLogHandler:Internal_Log (UnityEngine.LogType,UnityEngine.LogOption,string,UnityEngine.Object)
UnityEngine.DebugLogHandler:LogFormat (UnityEngine.LogType,UnityEngine.Object,string,object[])
UnityEngine.Logger:Log (UnityEngine.LogType,object)
UnityEngine.Debug:Log (object)
BoardBehavior:MoveTile (TileBehavior,UnityEngine.Vector2Int) (at Assets/Scripts/BoardBehavior.cs:135)
BoardBehavior:MoveTiles (UnityEngine.Vector2Int,int,int,int,int) (at Assets/Scripts/BoardBehavior.cs:100)
BoardBehavior:Update () (at Assets/Scripts/BoardBehavior.cs:43)

(Filename: Assets/Scripts/BoardBehavior.cs Line: 135)

La cellule adjacente est là.
UnityEngine.Debug:ExtractStackTraceNoAlloc (byte*,int,string)
UnityEngine.StackTraceUtility:ExtractStackTrace ()
UnityEngine.DebugLogHandler:Internal_Log (UnityEngine.LogType,UnityEngine.LogOption,string,UnityEngine.Object)
UnityEngine.DebugLogHandler:LogFormat (UnityEngine.LogType,UnityEngine.Object,string,object[])
UnityEngine.Logger:Log (UnityEngine.LogType,object)
UnityEngine.Debug:Log (object)
BoardBehavior:MoveTile (TileBehavior,UnityEngine.Vector2Int) (at Assets/Scripts/BoardBehavior.cs:135)
BoardBehavior:MoveTiles (UnityEngine.Vector2Int,int,int,int,int) (at Assets/Scripts/BoardBehavior.cs:100)
BoardBehavior:Update () (at Assets/Scripts/BoardBehavior.cs:43)

(Filename: Assets/Scripts/BoardBehavior.cs Line: 135)

La cellule adjacente est nulle.
UnityEngine.Debug:ExtractStackTraceNoAlloc (byte*,int,string)
UnityEngine.StackTraceUtility:ExtractStackTrace ()
UnityEngine.DebugLogHandler:Internal_Log (UnityEngine.LogType,UnityEngine.LogOption,string,UnityEngine.Object)
UnityEngine.DebugLogHandler:LogFormat (UnityEngine.LogType,UnityEngine.Object,string,object[])
UnityEngine.Logger:Log (UnityEngine.LogType,object)
UnityEngine.Debug:Log (object)
BoardBehavior:MoveTile (TileBehavior,UnityEngine.Vector2Int) (at Assets/Scripts/BoardBehavior.cs:137)
BoardBehavior:MoveTiles (UnityEngine.Vector2Int,int,int,int,int) (at Assets/Scripts/BoardBehavior.cs:100)
BoardBehavior:Update () (at Assets/Scripts/BoardBehavior.cs:43)

(Filename: Assets/Scripts/BoardBehavior.cs Line: 137)

Up key pressed
UnityEngine.Debug:ExtractStackTraceNoAlloc (byte*,int,string)
UnityEngine.StackTraceUtility:ExtractStackTrace ()
UnityEngine.DebugLogHandler:Internal_Log (UnityEngine.LogType,UnityEngine.LogOption,string,UnityEngine.Object)
UnityEngine.DebugLogHandler:LogFormat (UnityEngine.LogType,UnityEngine.Object,string,object[])
UnityEngine.Logger:Log (UnityEngine.LogType,object)
UnityEngine.Debug:Log (object)
BoardBehavior:Update () (at Assets/Scripts/BoardBehavior.cs:44)

(Filename: Assets/Scripts/BoardBehavior.cs Line: 44)

La cellule adjacente est là.
UnityEngine.Debug:ExtractStackTraceNoAlloc (byte*,int,string)
UnityEngine.StackTraceUtility:ExtractStackTrace ()
UnityEngine.DebugLogHandler:Internal_Log (UnityEngine.LogType,UnityEngine.LogOption,string,UnityEngine.Object)
UnityEngine.DebugLogHandler:LogFormat (UnityEngine.LogType,UnityEngine.Object,string,object[])
UnityEngine.Logger:Log (UnityEngine.LogType,object)
UnityEngine.Debug:Log (object)
BoardBehavior:MoveTile (TileBehavior,UnityEngine.Vector2Int) (at Assets/Scripts/BoardBehavior.cs:135)
BoardBehavior:MoveTiles (UnityEngine.Vector2Int,int,int,int,int) (at Assets/Scripts/BoardBehavior.cs:100)
BoardBehavior:Update () (at Assets/Scripts/BoardBehavior.cs:64)

(Filename: Assets/Scripts/BoardBehavior.cs Line: 135)

La cellule adjacente est nulle.
UnityEngine.Debug:ExtractStackTraceNoAlloc (byte*,int,string)
UnityEngine.StackTraceUtility:ExtractStackTrace ()
UnityEngine.DebugLogHandler:Internal_Log (UnityEngine.LogType,UnityEngine.LogOption,string,UnityEngine.Object)
UnityEngine.DebugLogHandler:LogFormat (UnityEngine.LogType,UnityEngine.Object,string,object[])
UnityEngine.Logger:Log (UnityEngine.LogType,object)
UnityEngine.Debug:Log (object)
BoardBehavior:MoveTile (TileBehavior,UnityEngine.Vector2Int) (at Assets/Scripts/BoardBehavior.cs:137)
BoardBehavior:MoveTiles (UnityEngine.Vector2Int,int,int,int,int) (at Assets/Scripts/BoardBehavior.cs:100)
BoardBehavior:Update () (at Assets/Scripts/BoardBehavior.cs:64)

(Filename: Assets/Scripts/BoardBehavior.cs Line: 137)

La cellule adjacente est là.
UnityEngine.Debug:ExtractStackTraceNoAlloc (byte*,int,string)
UnityEngine.StackTraceUtility:ExtractStackTrace ()
UnityEngine.DebugLogHandler:Internal_Log (UnityEngine.LogType,UnityEngine.LogOption,string,UnityEngine.Object)
UnityEngine.DebugLogHandler:LogFormat (UnityEngine.LogType,UnityEngine.Object,string,object[])
UnityEngine.Logger:Log (UnityEngine.LogType,object)
UnityEngine.Debug:Log (object)
BoardBehavior:MoveTile (TileBehavior,UnityEngine.Vector2Int) (at Assets/Scripts/BoardBehavior.cs:135)
BoardBehavior:MoveTiles (UnityEngine.Vector2Int,int,int,int,int) (at Assets/Scripts/BoardBehavior.cs:100)
BoardBehavior:Update () (at Assets/Scripts/BoardBehavior.cs:64)

(Filename: Assets/Scripts/BoardBehavior.cs Line: 135)

La cellule adjacente est là.
UnityEngine.Debug:ExtractStackTraceNoAlloc (byte*,int,string)
UnityEngine.StackTraceUtility:ExtractStackTrace ()
UnityEngine.DebugLogHandler:Internal_Log (UnityEngine.LogType,UnityEngine.LogOption,string,UnityEngine.Object)
UnityEngine.DebugLogHandler:LogFormat (UnityEngine.LogType,UnityEngine.Object,string,object[])
UnityEngine.Logger:Log (UnityEngine.LogType,object)
UnityEngine.Debug:Log (object)
BoardBehavior:MoveTile (TileBehavior,UnityEngine.Vector2Int) (at Assets/Scripts/BoardBehavior.cs:135)
BoardBehavior:MoveTiles (UnityEngine.Vector2Int,int,int,int,int) (at Assets/Scripts/BoardBehavior.cs:100)
BoardBehavior:Update () (at Assets/Scripts/BoardBehavior.cs:64)

(Filename: Assets/Scripts/BoardBehavior.cs Line: 135)

Right key pressed
UnityEngine.Debug:ExtractStackTraceNoAlloc (byte*,int,string)
UnityEngine.StackTraceUtility:ExtractStackTrace ()
UnityEngine.DebugLogHandler:Internal_Log (UnityEngine.LogType,UnityEngine.LogOption,string,UnityEngine.Object)
UnityEngine.DebugLogHandler:LogFormat (UnityEngine.LogType,UnityEngine.Object,string,object[])
UnityEngine.Logger:Log (UnityEngine.LogType,object)
UnityEngine.Debug:Log (object)
BoardBehavior:Update () (at Assets/Scripts/BoardBehavior.cs:65)

(Filename: Assets/Scripts/BoardBehavior.cs Line: 65)

La cellule adjacente est là.
UnityEngine.Debug:ExtractStackTraceNoAlloc (byte*,int,string)
UnityEngine.StackTraceUtility:ExtractStackTrace ()
UnityEngine.DebugLogHandler:Internal_Log (UnityEngine.LogType,UnityEngine.LogOption,string,UnityEngine.Object)
UnityEngine.DebugLogHandler:LogFormat (UnityEngine.LogType,UnityEngine.Object,string,object[])
UnityEngine.Logger:Log (UnityEngine.LogType,object)
UnityEngine.Debug:Log (object)
BoardBehavior:MoveTile (TileBehavior,UnityEngine.Vector2Int) (at Assets/Scripts/BoardBehavior.cs:135)
BoardBehavior:MoveTiles (UnityEngine.Vector2Int,int,int,int,int) (at Assets/Scripts/BoardBehavior.cs:100)
BoardBehavior:Update () (at Assets/Scripts/BoardBehavior.cs:50)

(Filename: Assets/Scripts/BoardBehavior.cs Line: 135)

La cellule adjacente est nulle.
UnityEngine.Debug:ExtractStackTraceNoAlloc (byte*,int,string)
UnityEngine.StackTraceUtility:ExtractStackTrace ()
UnityEngine.DebugLogHandler:Internal_Log (UnityEngine.LogType,UnityEngine.LogOption,string,UnityEngine.Object)
UnityEngine.DebugLogHandler:LogFormat (UnityEngine.LogType,UnityEngine.Object,string,object[])
UnityEngine.Logger:Log (UnityEngine.LogType,object)
UnityEngine.Debug:Log (object)
BoardBehavior:MoveTile (TileBehavior,UnityEngine.Vector2Int) (at Assets/Scripts/BoardBehavior.cs:137)
BoardBehavior:MoveTiles (UnityEngine.Vector2Int,int,int,int,int) (at Assets/Scripts/BoardBehavior.cs:100)
BoardBehavior:Update () (at Assets/Scripts/BoardBehavior.cs:50)

(Filename: Assets/Scripts/BoardBehavior.cs Line: 137)

La cellule adjacente est là.
UnityEngine.Debug:ExtractStackTraceNoAlloc (byte*,int,string)
UnityEngine.StackTraceUtility:ExtractStackTrace ()
UnityEngine.DebugLogHandler:Internal_Log (UnityEngine.LogType,UnityEngine.LogOption,string,UnityEngine.Object)
UnityEngine.DebugLogHandler:LogFormat (UnityEngine.LogType,UnityEngine.Object,string,object[])
UnityEngine.Logger:Log (UnityEngine.LogType,object)
UnityEngine.Debug:Log (object)
BoardBehavior:MoveTile (TileBehavior,UnityEngine.Vector2Int) (at Assets/Scripts/BoardBehavior.cs:135)
BoardBehavior:MoveTiles (UnityEngine.Vector2Int,int,int,int,int) (at Assets/Scripts/BoardBehavior.cs:100)
BoardBehavior:Update () (at Assets/Scripts/BoardBehavior.cs:50)

(Filename: Assets/Scripts/BoardBehavior.cs Line: 135)

La cellule adjacente est là.
UnityEngine.Debug:ExtractStackTraceNoAlloc (byte*,int,string)
UnityEngine.StackTraceUtility:ExtractStackTrace ()
UnityEngine.DebugLogHandler:Internal_Log (UnityEngine.LogType,UnityEngine.LogOption,string,UnityEngine.Object)
UnityEngine.DebugLogHandler:LogFormat (UnityEngine.LogType,UnityEngine.Object,string,object[])
UnityEngine.Logger:Log (UnityEngine.LogType,object)
UnityEngine.Debug:Log (object)
BoardBehavior:MoveTile (TileBehavior,UnityEngine.Vector2Int) (at Assets/Scripts/BoardBehavior.cs:135)
BoardBehavior:MoveTiles (UnityEngine.Vector2Int,int,int,int,int) (at Assets/Scripts/BoardBehavior.cs:100)
BoardBehavior:Update () (at Assets/Scripts/BoardBehavior.cs:50)

(Filename: Assets/Scripts/BoardBehavior.cs Line: 135)

Left key pressed
UnityEngine.Debug:ExtractStackTraceNoAlloc (byte*,int,string)
UnityEngine.StackTraceUtility:ExtractStackTrace ()
UnityEngine.DebugLogHandler:Internal_Log (UnityEngine.LogType,UnityEngine.LogOption,string,UnityEngine.Object)
UnityEngine.DebugLogHandler:LogFormat (UnityEngine.LogType,UnityEngine.Object,string,object[])
UnityEngine.Logger:Log (UnityEngine.LogType,object)
UnityEngine.Debug:Log (object)
BoardBehavior:Update () (at Assets/Scripts/BoardBehavior.cs:51)

(Filename: Assets/Scripts/BoardBehavior.cs Line: 51)

Unloading 8 Unused Serialized files (Serialized files now loaded: 0)
Loaded scene 'Temp/__Backupscenes/0.backup'
	Deserialize:            2.638 ms
	Integration:            222.120 ms
	Integration of assets:  0.002 ms
	Thread Wait Time:       0.011 ms
	Total Operation Time:   224.771 ms
Unloading 1 unused Assets / (249.9 KB). Loaded Objects now: 9403.
Memory consumption went from 0.62 GB to 0.62 GB.
Total: 23.872000 ms (FindLiveObjects: 0.550500 ms CreateObjectMapping: 0.340600 ms MarkObjects: 22.951900 ms  DeleteObjects: 0.027600 ms)

[Licensing::Client] Successfully resolved entitlement details
SpriteAtlasPacking completed in 0.004593 sec
Entering Playmode with Reload Domain disabled.
If you experience any issues, please disable "Enter Play Mode Options" in Editor Settings
Loaded scene 'Temp/__Backupscenes/0.backup'
	Deserialize:            1.406 ms
	Integration:            219.259 ms
	Integration of assets:  0.021 ms
	Thread Wait Time:       0.009 ms
	Total Operation Time:   220.696 ms
Let's try GetRandomEmptyCell
UnityEngine.Debug:ExtractStackTraceNoAlloc (byte*,int,string)
UnityEngine.StackTraceUtility:ExtractStackTrace ()
UnityEngine.DebugLogHandler:Internal_Log (UnityEngine.LogType,UnityEngine.LogOption,string,UnityEngine.Object)
UnityEngine.DebugLogHandler:LogFormat (UnityEngine.LogType,UnityEngine.Object,string,object[])
UnityEngine.Logger:Log (UnityEngine.LogType,object)
UnityEngine.Debug:Log (object)
GridBehavior:GetRandomEmptyCell () (at Assets/Scripts/GridBehavior.cs:41)
BoardBehavior:CreateTile () (at Assets/Scripts/BoardBehavior.cs:163)
BoardBehavior:Start () (at Assets/Scripts/BoardBehavior.cs:32)

(Filename: Assets/Scripts/GridBehavior.cs Line: 41)

Let's try GetRandomEmptyCell
UnityEngine.Debug:ExtractStackTraceNoAlloc (byte*,int,string)
UnityEngine.StackTraceUtility:ExtractStackTrace ()
UnityEngine.DebugLogHandler:Internal_Log (UnityEngine.LogType,UnityEngine.LogOption,string,UnityEngine.Object)
UnityEngine.DebugLogHandler:LogFormat (UnityEngine.LogType,UnityEngine.Object,string,object[])
UnityEngine.Logger:Log (UnityEngine.LogType,object)
UnityEngine.Debug:Log (object)
GridBehavior:GetRandomEmptyCell () (at Assets/Scripts/GridBehavior.cs:41)
BoardBehavior:CreateTile () (at Assets/Scripts/BoardBehavior.cs:163)
BoardBehavior:Start () (at Assets/Scripts/BoardBehavior.cs:33)

(Filename: Assets/Scripts/GridBehavior.cs Line: 41)

La cellule adjacente est là.
UnityEngine.Debug:ExtractStackTraceNoAlloc (byte*,int,string)
UnityEngine.StackTraceUtility:ExtractStackTrace ()
UnityEngine.DebugLogHandler:Internal_Log (UnityEngine.LogType,UnityEngine.LogOption,string,UnityEngine.Object)
UnityEngine.DebugLogHandler:LogFormat (UnityEngine.LogType,UnityEngine.Object,string,object[])
UnityEngine.Logger:Log (UnityEngine.LogType,object)
UnityEngine.Debug:Log (object)
BoardBehavior:MoveTile (TileBehavior,UnityEngine.Vector2Int) (at Assets/Scripts/BoardBehavior.cs:135)
BoardBehavior:MoveTiles (UnityEngine.Vector2Int,int,int,int,int) (at Assets/Scripts/BoardBehavior.cs:100)
BoardBehavior:Update () (at Assets/Scripts/BoardBehavior.cs:64)

(Filename: Assets/Scripts/BoardBehavior.cs Line: 135)

La cellule adjacente est là.
UnityEngine.Debug:ExtractStackTraceNoAlloc (byte*,int,string)
UnityEngine.StackTraceUtility:ExtractStackTrace ()
UnityEngine.DebugLogHandler:Internal_Log (UnityEngine.LogType,UnityEngine.LogOption,string,UnityEngine.Object)
UnityEngine.DebugLogHandler:LogFormat (UnityEngine.LogType,UnityEngine.Object,string,object[])
UnityEngine.Logger:Log (UnityEngine.LogType,object)
UnityEngine.Debug:Log (object)
BoardBehavior:MoveTile (TileBehavior,UnityEngine.Vector2Int) (at Assets/Scripts/BoardBehavior.cs:135)
BoardBehavior:MoveTiles (UnityEngine.Vector2Int,int,int,int,int) (at Assets/Scripts/BoardBehavior.cs:100)
BoardBehavior:Update () (at Assets/Scripts/BoardBehavior.cs:64)

(Filename: Assets/Scripts/BoardBehavior.cs Line: 135)

La cellule adjacente est nulle.
UnityEngine.Debug:ExtractStackTraceNoAlloc (byte*,int,string)
UnityEngine.StackTraceUtility:ExtractStackTrace ()
UnityEngine.DebugLogHandler:Internal_Log (UnityEngine.LogType,UnityEngine.LogOption,string,UnityEngine.Object)
UnityEngine.DebugLogHandler:LogFormat (UnityEngine.LogType,UnityEngine.Object,string,object[])
UnityEngine.Logger:Log (UnityEngine.LogType,object)
UnityEngine.Debug:Log (object)
BoardBehavior:MoveTile (TileBehavior,UnityEngine.Vector2Int) (at Assets/Scripts/BoardBehavior.cs:137)
BoardBehavior:MoveTiles (UnityEngine.Vector2Int,int,int,int,int) (at Assets/Scripts/BoardBehavior.cs:100)
BoardBehavior:Update () (at Assets/Scripts/BoardBehavior.cs:64)

(Filename: Assets/Scripts/BoardBehavior.cs Line: 137)

La cellule adjacente est là.
UnityEngine.Debug:ExtractStackTraceNoAlloc (byte*,int,string)
UnityEngine.StackTraceUtility:ExtractStackTrace ()
UnityEngine.DebugLogHandler:Internal_Log (UnityEngine.LogType,UnityEngine.LogOption,string,UnityEngine.Object)
UnityEngine.DebugLogHandler:LogFormat (UnityEngine.LogType,UnityEngine.Object,string,object[])
UnityEngine.Logger:Log (UnityEngine.LogType,object)
UnityEngine.Debug:Log (object)
BoardBehavior:MoveTile (TileBehavior,UnityEngine.Vector2Int) (at Assets/Scripts/BoardBehavior.cs:135)
BoardBehavior:MoveTiles (UnityEngine.Vector2Int,int,int,int,int) (at Assets/Scripts/BoardBehavior.cs:100)
BoardBehavior:Update () (at Assets/Scripts/BoardBehavior.cs:64)

(Filename: Assets/Scripts/BoardBehavior.cs Line: 135)

La cellule adjacente est là.
UnityEngine.Debug:ExtractStackTraceNoAlloc (byte*,int,string)
UnityEngine.StackTraceUtility:ExtractStackTrace ()
UnityEngine.DebugLogHandler:Internal_Log (UnityEngine.LogType,UnityEngine.LogOption,string,UnityEngine.Object)
UnityEngine.DebugLogHandler:LogFormat (UnityEngine.LogType,UnityEngine.Object,string,object[])
UnityEngine.Logger:Log (UnityEngine.LogType,object)
UnityEngine.Debug:Log (object)
BoardBehavior:MoveTile (TileBehavior,UnityEngine.Vector2Int) (at Assets/Scripts/BoardBehavior.cs:135)
BoardBehavior:MoveTiles (UnityEngine.Vector2Int,int,int,int,int) (at Assets/Scripts/BoardBehavior.cs:100)
BoardBehavior:Update () (at Assets/Scripts/BoardBehavior.cs:64)

(Filename: Assets/Scripts/BoardBehavior.cs Line: 135)

La cellule adjacente est nulle.
UnityEngine.Debug:ExtractStackTraceNoAlloc (byte*,int,string)
UnityEngine.StackTraceUtility:ExtractStackTrace ()
UnityEngine.DebugLogHandler:Internal_Log (UnityEngine.LogType,UnityEngine.LogOption,string,UnityEngine.Object)
UnityEngine.DebugLogHandler:LogFormat (UnityEngine.LogType,UnityEngine.Object,string,object[])
UnityEngine.Logger:Log (UnityEngine.LogType,object)
UnityEngine.Debug:Log (object)
BoardBehavior:MoveTile (TileBehavior,UnityEngine.Vector2Int) (at Assets/Scripts/BoardBehavior.cs:137)
BoardBehavior:MoveTiles (UnityEngine.Vector2Int,int,int,int,int) (at Assets/Scripts/BoardBehavior.cs:100)
BoardBehavior:Update () (at Assets/Scripts/BoardBehavior.cs:64)

(Filename: Assets/Scripts/BoardBehavior.cs Line: 137)

Right key pressed
UnityEngine.Debug:ExtractStackTraceNoAlloc (byte*,int,string)
UnityEngine.StackTraceUtility:ExtractStackTrace ()
UnityEngine.DebugLogHandler:Internal_Log (UnityEngine.LogType,UnityEngine.LogOption,string,UnityEngine.Object)
UnityEngine.DebugLogHandler:LogFormat (UnityEngine.LogType,UnityEngine.Object,string,object[])
UnityEngine.Logger:Log (UnityEngine.LogType,object)
UnityEngine.Debug:Log (object)
BoardBehavior:Update () (at Assets/Scripts/BoardBehavior.cs:65)

(Filename: Assets/Scripts/BoardBehavior.cs Line: 65)

Unloading 1 Unused Serialized files (Serialized files now loaded: 0)
Loaded scene 'Temp/__Backupscenes/0.backup'
	Deserialize:            2.158 ms
	Integration:            212.670 ms
	Integration of assets:  0.002 ms
	Thread Wait Time:       0.011 ms
	Total Operation Time:   214.840 ms
Unloading 0 unused Assets / (238.0 KB). Loaded Objects now: 9403.
Memory consumption went from 0.61 GB to 0.61 GB.
Total: 23.376600 ms (FindLiveObjects: 0.529100 ms CreateObjectMapping: 0.350500 ms MarkObjects: 22.466900 ms  DeleteObjects: 0.028600 ms)

SpriteAtlasPacking completed in 0.004434 sec
Entering Playmode with Reload Domain disabled.
If you experience any issues, please disable "Enter Play Mode Options" in Editor Settings
Loaded scene 'Temp/__Backupscenes/0.backup'
	Deserialize:            1.455 ms
	Integration:            215.738 ms
	Integration of assets:  0.023 ms
	Thread Wait Time:       0.014 ms
	Total Operation Time:   217.230 ms
Let's try GetRandomEmptyCell
UnityEngine.Debug:ExtractStackTraceNoAlloc (byte*,int,string)
UnityEngine.StackTraceUtility:ExtractStackTrace ()
UnityEngine.DebugLogHandler:Internal_Log (UnityEngine.LogType,UnityEngine.LogOption,string,UnityEngine.Object)
UnityEngine.DebugLogHandler:LogFormat (UnityEngine.LogType,UnityEngine.Object,string,object[])
UnityEngine.Logger:Log (UnityEngine.LogType,object)
UnityEngine.Debug:Log (object)
GridBehavior:GetRandomEmptyCell () (at Assets/Scripts/GridBehavior.cs:41)
BoardBehavior:CreateTile () (at Assets/Scripts/BoardBehavior.cs:163)
BoardBehavior:Start () (at Assets/Scripts/BoardBehavior.cs:32)

(Filename: Assets/Scripts/GridBehavior.cs Line: 41)

Let's try GetRandomEmptyCell
UnityEngine.Debug:ExtractStackTraceNoAlloc (byte*,int,string)
UnityEngine.StackTraceUtility:ExtractStackTrace ()
UnityEngine.DebugLogHandler:Internal_Log (UnityEngine.LogType,UnityEngine.LogOption,string,UnityEngine.Object)
UnityEngine.DebugLogHandler:LogFormat (UnityEngine.LogType,UnityEngine.Object,string,object[])
UnityEngine.Logger:Log (UnityEngine.LogType,object)
UnityEngine.Debug:Log (object)
GridBehavior:GetRandomEmptyCell () (at Assets/Scripts/GridBehavior.cs:41)
BoardBehavior:CreateTile () (at Assets/Scripts/BoardBehavior.cs:163)
BoardBehavior:Start () (at Assets/Scripts/BoardBehavior.cs:33)

(Filename: Assets/Scripts/GridBehavior.cs Line: 41)

Unloading 1 Unused Serialized files (Serialized files now loaded: 0)
Loaded scene 'Temp/__Backupscenes/0.backup'
	Deserialize:            2.365 ms
	Integration:            216.638 ms
	Integration of assets:  0.002 ms
	Thread Wait Time:       0.007 ms
	Total Operation Time:   219.012 ms
Unloading 0 unused Assets / (196.3 KB). Loaded Objects now: 9403.
Memory consumption went from 0.61 GB to 0.61 GB.
Total: 26.308400 ms (FindLiveObjects: 0.559200 ms CreateObjectMapping: 0.373300 ms MarkObjects: 25.346800 ms  DeleteObjects: 0.027600 ms)

SpriteAtlasPacking completed in 0.004526 sec
Entering Playmode with Reload Domain disabled.
If you experience any issues, please disable "Enter Play Mode Options" in Editor Settings
Loaded scene 'Temp/__Backupscenes/0.backup'
	Deserialize:            1.406 ms
	Integration:            217.675 ms
	Integration of assets:  0.022 ms
	Thread Wait Time:       0.012 ms
	Total Operation Time:   219.115 ms
Let's try GetRandomEmptyCell
UnityEngine.Debug:ExtractStackTraceNoAlloc (byte*,int,string)
UnityEngine.StackTraceUtility:ExtractStackTrace ()
UnityEngine.DebugLogHandler:Internal_Log (UnityEngine.LogType,UnityEngine.LogOption,string,UnityEngine.Object)
UnityEngine.DebugLogHandler:LogFormat (UnityEngine.LogType,UnityEngine.Object,string,object[])
UnityEngine.Logger:Log (UnityEngine.LogType,object)
UnityEngine.Debug:Log (object)
GridBehavior:GetRandomEmptyCell () (at Assets/Scripts/GridBehavior.cs:41)
BoardBehavior:CreateTile () (at Assets/Scripts/BoardBehavior.cs:163)
BoardBehavior:Start () (at Assets/Scripts/BoardBehavior.cs:32)

(Filename: Assets/Scripts/GridBehavior.cs Line: 41)

Let's try GetRandomEmptyCell
UnityEngine.Debug:ExtractStackTraceNoAlloc (byte*,int,string)
UnityEngine.StackTraceUtility:ExtractStackTrace ()
UnityEngine.DebugLogHandler:Internal_Log (UnityEngine.LogType,UnityEngine.LogOption,string,UnityEngine.Object)
UnityEngine.DebugLogHandler:LogFormat (UnityEngine.LogType,UnityEngine.Object,string,object[])
UnityEngine.Logger:Log (UnityEngine.LogType,object)
UnityEngine.Debug:Log (object)
GridBehavior:GetRandomEmptyCell () (at Assets/Scripts/GridBehavior.cs:41)
BoardBehavior:CreateTile () (at Assets/Scripts/BoardBehavior.cs:163)
BoardBehavior:Start () (at Assets/Scripts/BoardBehavior.cs:33)

(Filename: Assets/Scripts/GridBehavior.cs Line: 41)

La cellule adjacente est là.
UnityEngine.Debug:ExtractStackTraceNoAlloc (byte*,int,string)
UnityEngine.StackTraceUtility:ExtractStackTrace ()
UnityEngine.DebugLogHandler:Internal_Log (UnityEngine.LogType,UnityEngine.LogOption,string,UnityEngine.Object)
UnityEngine.DebugLogHandler:LogFormat (UnityEngine.LogType,UnityEngine.Object,string,object[])
UnityEngine.Logger:Log (UnityEngine.LogType,object)
UnityEngine.Debug:Log (object)
BoardBehavior:MoveTile (TileBehavior,UnityEngine.Vector2Int) (at Assets/Scripts/BoardBehavior.cs:135)
BoardBehavior:MoveTiles (UnityEngine.Vector2Int,int,int,int,int) (at Assets/Scripts/BoardBehavior.cs:100)
BoardBehavior:Update () (at Assets/Scripts/BoardBehavior.cs:64)

(Filename: Assets/Scripts/BoardBehavior.cs Line: 135)

La cellule adjacente est là.
UnityEngine.Debug:ExtractStackTraceNoAlloc (byte*,int,string)
UnityEngine.StackTraceUtility:ExtractStackTrace ()
UnityEngine.DebugLogHandler:Internal_Log (UnityEngine.LogType,UnityEngine.LogOption,string,UnityEngine.Object)
UnityEngine.DebugLogHandler:LogFormat (UnityEngine.LogType,UnityEngine.Object,string,object[])
UnityEngine.Logger:Log (UnityEngine.LogType,object)
UnityEngine.Debug:Log (object)
BoardBehavior:MoveTile (TileBehavior,UnityEngine.Vector2Int) (at Assets/Scripts/BoardBehavior.cs:135)
BoardBehavior:MoveTiles (UnityEngine.Vector2Int,int,int,int,int) (at Assets/Scripts/BoardBehavior.cs:100)
BoardBehavior:Update () (at Assets/Scripts/BoardBehavior.cs:64)

(Filename: Assets/Scripts/BoardBehavior.cs Line: 135)

La cellule adjacente est nulle.
UnityEngine.Debug:ExtractStackTraceNoAlloc (byte*,int,string)
UnityEngine.StackTraceUtility:ExtractStackTrace ()
UnityEngine.DebugLogHandler:Internal_Log (UnityEngine.LogType,UnityEngine.LogOption,string,UnityEngine.Object)
UnityEngine.DebugLogHandler:LogFormat (UnityEngine.LogType,UnityEngine.Object,string,object[])
UnityEngine.Logger:Log (UnityEngine.LogType,object)
UnityEngine.Debug:Log (object)
BoardBehavior:MoveTile (TileBehavior,UnityEngine.Vector2Int) (at Assets/Scripts/BoardBehavior.cs:137)
BoardBehavior:MoveTiles (UnityEngine.Vector2Int,int,int,int,int) (at Assets/Scripts/BoardBehavior.cs:100)
BoardBehavior:Update () (at Assets/Scripts/BoardBehavior.cs:64)

(Filename: Assets/Scripts/BoardBehavior.cs Line: 137)

Right key pressed
UnityEngine.Debug:ExtractStackTraceNoAlloc (byte*,int,string)
UnityEngine.StackTraceUtility:ExtractStackTrace ()
UnityEngine.DebugLogHandler:Internal_Log (UnityEngine.LogType,UnityEngine.LogOption,string,UnityEngine.Object)
UnityEngine.DebugLogHandler:LogFormat (UnityEngine.LogType,UnityEngine.Object,string,object[])
UnityEngine.Logger:Log (UnityEngine.LogType,object)
UnityEngine.Debug:Log (object)
BoardBehavior:Update () (at Assets/Scripts/BoardBehavior.cs:65)

(Filename: Assets/Scripts/BoardBehavior.cs Line: 65)

La cellule adjacente est là.
UnityEngine.Debug:ExtractStackTraceNoAlloc (byte*,int,string)
UnityEngine.StackTraceUtility:ExtractStackTrace ()
UnityEngine.DebugLogHandler:Internal_Log (UnityEngine.LogType,UnityEngine.LogOption,string,UnityEngine.Object)
UnityEngine.DebugLogHandler:LogFormat (UnityEngine.LogType,UnityEngine.Object,string,object[])
UnityEngine.Logger:Log (UnityEngine.LogType,object)
UnityEngine.Debug:Log (object)
BoardBehavior:MoveTile (TileBehavior,UnityEngine.Vector2Int) (at Assets/Scripts/BoardBehavior.cs:135)
BoardBehavior:MoveTiles (UnityEngine.Vector2Int,int,int,int,int) (at Assets/Scripts/BoardBehavior.cs:100)
BoardBehavior:Update () (at Assets/Scripts/BoardBehavior.cs:50)

(Filename: Assets/Scripts/BoardBehavior.cs Line: 135)

La cellule adjacente est là.
UnityEngine.Debug:ExtractStackTraceNoAlloc (byte*,int,string)
UnityEngine.StackTraceUtility:ExtractStackTrace ()
UnityEngine.DebugLogHandler:Internal_Log (UnityEngine.LogType,UnityEngine.LogOption,string,UnityEngine.Object)
UnityEngine.DebugLogHandler:LogFormat (UnityEngine.LogType,UnityEngine.Object,string,object[])
UnityEngine.Logger:Log (UnityEngine.LogType,object)
UnityEngine.Debug:Log (object)
BoardBehavior:MoveTile (TileBehavior,UnityEngine.Vector2Int) (at Assets/Scripts/BoardBehavior.cs:135)
BoardBehavior:MoveTiles (UnityEngine.Vector2Int,int,int,int,int) (at Assets/Scripts/BoardBehavior.cs:100)
BoardBehavior:Update () (at Assets/Scripts/BoardBehavior.cs:50)

(Filename: Assets/Scripts/BoardBehavior.cs Line: 135)

La cellule adjacente est nulle.
UnityEngine.Debug:ExtractStackTraceNoAlloc (byte*,int,string)
UnityEngine.StackTraceUtility:ExtractStackTrace ()
UnityEngine.DebugLogHandler:Internal_Log (UnityEngine.LogType,UnityEngine.LogOption,string,UnityEngine.Object)
UnityEngine.DebugLogHandler:LogFormat (UnityEngine.LogType,UnityEngine.Object,string,object[])
UnityEngine.Logger:Log (UnityEngine.LogType,object)
UnityEngine.Debug:Log (object)
BoardBehavior:MoveTile (TileBehavior,UnityEngine.Vector2Int) (at Assets/Scripts/BoardBehavior.cs:137)
BoardBehavior:MoveTiles (UnityEngine.Vector2Int,int,int,int,int) (at Assets/Scripts/BoardBehavior.cs:100)
BoardBehavior:Update () (at Assets/Scripts/BoardBehavior.cs:50)

(Filename: Assets/Scripts/BoardBehavior.cs Line: 137)

La cellule adjacente est là.
UnityEngine.Debug:ExtractStackTraceNoAlloc (byte*,int,string)
UnityEngine.StackTraceUtility:ExtractStackTrace ()
UnityEngine.DebugLogHandler:Internal_Log (UnityEngine.LogType,UnityEngine.LogOption,string,UnityEngine.Object)
UnityEngine.DebugLogHandler:LogFormat (UnityEngine.LogType,UnityEngine.Object,string,object[])
UnityEngine.Logger:Log (UnityEngine.LogType,object)
UnityEngine.Debug:Log (object)
BoardBehavior:MoveTile (TileBehavior,UnityEngine.Vector2Int) (at Assets/Scripts/BoardBehavior.cs:135)
BoardBehavior:MoveTiles (UnityEngine.Vector2Int,int,int,int,int) (at Assets/Scripts/BoardBehavior.cs:100)
BoardBehavior:Update () (at Assets/Scripts/BoardBehavior.cs:50)

(Filename: Assets/Scripts/BoardBehavior.cs Line: 135)

La cellule adjacente est là.
UnityEngine.Debug:ExtractStackTraceNoAlloc (byte*,int,string)
UnityEngine.StackTraceUtility:ExtractStackTrace ()
UnityEngine.DebugLogHandler:Internal_Log (UnityEngine.LogType,UnityEngine.LogOption,string,UnityEngine.Object)
UnityEngine.DebugLogHandler:LogFormat (UnityEngine.LogType,UnityEngine.Object,string,object[])
UnityEngine.Logger:Log (UnityEngine.LogType,object)
UnityEngine.Debug:Log (object)
BoardBehavior:MoveTile (TileBehavior,UnityEngine.Vector2Int) (at Assets/Scripts/BoardBehavior.cs:135)
BoardBehavior:MoveTiles (UnityEngine.Vector2Int,int,int,int,int) (at Assets/Scripts/BoardBehavior.cs:100)
BoardBehavior:Update () (at Assets/Scripts/BoardBehavior.cs:50)

(Filename: Assets/Scripts/BoardBehavior.cs Line: 135)

La cellule adjacente est nulle.
UnityEngine.Debug:ExtractStackTraceNoAlloc (byte*,int,string)
UnityEngine.StackTraceUtility:ExtractStackTrace ()
UnityEngine.DebugLogHandler:Internal_Log (UnityEngine.LogType,UnityEngine.LogOption,string,UnityEngine.Object)
UnityEngine.DebugLogHandler:LogFormat (UnityEngine.LogType,UnityEngine.Object,string,object[])
UnityEngine.Logger:Log (UnityEngine.LogType,object)
UnityEngine.Debug:Log (object)
BoardBehavior:MoveTile (TileBehavior,UnityEngine.Vector2Int) (at Assets/Scripts/BoardBehavior.cs:137)
BoardBehavior:MoveTiles (UnityEngine.Vector2Int,int,int,int,int) (at Assets/Scripts/BoardBehavior.cs:100)
BoardBehavior:Update () (at Assets/Scripts/BoardBehavior.cs:50)

(Filename: Assets/Scripts/BoardBehavior.cs Line: 137)

Left key pressed
UnityEngine.Debug:ExtractStackTraceNoAlloc (byte*,int,string)
UnityEngine.StackTraceUtility:ExtractStackTrace ()
UnityEngine.DebugLogHandler:Internal_Log (UnityEngine.LogType,UnityEngine.LogOption,string,UnityEngine.Object)
UnityEngine.DebugLogHandler:LogFormat (UnityEngine.LogType,UnityEngine.Object,string,object[])
UnityEngine.Logger:Log (UnityEngine.LogType,object)
UnityEngine.Debug:Log (object)
BoardBehavior:Update () (at Assets/Scripts/BoardBehavior.cs:51)

(Filename: Assets/Scripts/BoardBehavior.cs Line: 51)

Unloading 1 Unused Serialized files (Serialized files now loaded: 0)
Loaded scene 'Temp/__Backupscenes/0.backup'
	Deserialize:            2.358 ms
	Integration:            217.190 ms
	Integration of assets:  0.001 ms
	Thread Wait Time:       0.009 ms
	Total Operation Time:   219.558 ms
Unloading 0 unused Assets / (197.8 KB). Loaded Objects now: 9403.
Memory consumption went from 0.61 GB to 0.61 GB.
Total: 24.085400 ms (FindLiveObjects: 0.542500 ms CreateObjectMapping: 0.343700 ms MarkObjects: 23.178200 ms  DeleteObjects: 0.019700 ms)

